============================================================
Starting job dino_pretrain_isic  (Job ID: 18670490)
Running on host: gpu-b10-4.zaratan.umd.edu
Cores per task: 8
GPUs allocated : 
Job started at : Sat Mar 21 12:52:21 EDT 2026
Working directory: /scratch/zt1/project/heng-prj/user/ddewan/AID/TeamAID
============================================================

Sat Mar 21 12:52:22 2026       
+-----------------------------------------------------------------------------------------+
| NVIDIA-SMI 590.44.01              Driver Version: 590.44.01      CUDA Version: 13.1     |
+-----------------------------------------+------------------------+----------------------+
| GPU  Name                 Persistence-M | Bus-Id          Disp.A | Volatile Uncorr. ECC |
| Fan  Temp   Perf          Pwr:Usage/Cap |           Memory-Usage | GPU-Util  Compute M. |
|                                         |                        |               MIG M. |
|=========================================+========================+======================|
|   0  NVIDIA A100-SXM4-40GB          On  |   00000000:01:00.0 Off |                    0 |
| N/A   28C    P0             52W /  400W |       0MiB /  40960MiB |      0%      Default |
|                                         |                        |             Disabled |
+-----------------------------------------+------------------------+----------------------+
|   1  NVIDIA A100-SXM4-40GB          On  |   00000000:41:00.0 Off |                    0 |
| N/A   27C    P0             51W /  400W |       0MiB /  40960MiB |      0%      Default |
|                                         |                        |             Disabled |
+-----------------------------------------+------------------------+----------------------+

+-----------------------------------------------------------------------------------------+
| Processes:                                                                              |
|  GPU   GI   CI              PID   Type   Process name                        GPU Memory |
|        ID   ID                                                               Usage      |
|=========================================================================================|
|  No running processes found                                                             |
+-----------------------------------------------------------------------------------------+

| distributed init (rank 1): env://
| distributed init (rank 0): env://
git:
  sha: 7c446df5b9f45747937fb0d72314eb9f7b66930a, status: has uncommited changes, branch: main

arch: resnet50
batch_size_per_gpu: 64
clip_grad: 3.0
data_path: /scratch/zt1/project/heng-prj/user/ddewan/AID/TeamAID/data/ISIC_DATA
dist_url: env://
drop_path_rate: 0.1
epochs: 100
freeze_last_layer: 1
global_crops_scale: [0.14, 1.0]
gpu: 0
local_crops_number: 8
local_crops_scale: [0.05, 0.14]
local_rank: 0
lr: 0.03
min_lr: 1e-06
momentum_teacher: 0.996
norm_last_layer: False
num_workers: 10
optimizer: sgd
out_dim: 65536
output_dir: /scratch/zt1/project/heng-prj/user/ddewan/AID/TeamAID/data/dino_pretrained/full
patch_size: 16
rank: 0
saveckp_freq: 20
seed: 0
teacher_temp: 0.04
use_bn_in_head: False
use_fp16: True
warmup_epochs: 10
warmup_teacher_temp: 0.04
warmup_teacher_temp_epochs: 0
weight_decay: 0.0001
weight_decay_end: 0.0001
world_size: 2
Data loaded: there are 25331 images.
Student and Teacher are built: they are both resnet50 network.
Loss, optimizer and schedulers ready.
Starting DINO training !
Epoch: [0/100]  [  0/197]  eta: 1:52:33  loss: 10.989655 (10.989655)  lr: 0.000000 (0.000000)  wd: 0.000100 (0.000100)  time: 34.283794  data: 8.382706  max mem: 11509
Epoch: [0/100]  [ 10/197]  eta: 0:10:44  loss: 11.070084 (11.072585)  lr: 0.000038 (0.000038)  wd: 0.000100 (0.000100)  time: 3.447477  data: 0.762199  max mem: 11509
Epoch: [0/100]  [ 20/197]  eta: 0:06:05  loss: 11.134801 (11.115274)  lr: 0.000076 (0.000076)  wd: 0.000100 (0.000100)  time: 0.453627  data: 0.000172  max mem: 11509
Epoch: [0/100]  [ 30/197]  eta: 0:04:23  loss: 11.179393 (11.139788)  lr: 0.000152 (0.000114)  wd: 0.000100 (0.000100)  time: 0.552752  data: 0.028056  max mem: 11509
Epoch: [0/100]  [ 40/197]  eta: 0:03:44  loss: 11.193378 (11.154146)  lr: 0.000229 (0.000152)  wd: 0.000100 (0.000100)  time: 0.761638  data: 0.139802  max mem: 11509
Epoch: [0/100]  [ 50/197]  eta: 0:03:12  loss: 11.202405 (11.164302)  lr: 0.000305 (0.000190)  wd: 0.000100 (0.000100)  time: 0.888078  data: 0.237758  max mem: 11509
Epoch: [0/100]  [ 60/197]  eta: 0:02:54  loss: 11.207067 (11.171693)  lr: 0.000381 (0.000229)  wd: 0.000100 (0.000100)  time: 0.950641  data: 0.323527  max mem: 11509
Epoch: [0/100]  [ 70/197]  eta: 0:02:34  loss: 11.207997 (11.176611)  lr: 0.000457 (0.000267)  wd: 0.000100 (0.000100)  time: 0.968090  data: 0.339341  max mem: 11509
Epoch: [0/100]  [ 80/197]  eta: 0:02:17  loss: 11.207342 (11.180125)  lr: 0.000533 (0.000305)  wd: 0.000100 (0.000100)  time: 0.896316  data: 0.339340  max mem: 11509
Epoch: [0/100]  [ 90/197]  eta: 0:02:01  loss: 11.203989 (11.182855)  lr: 0.000609 (0.000343)  wd: 0.000100 (0.000100)  time: 0.866118  data: 0.335703  max mem: 11509
Epoch: [0/100]  [100/197]  eta: 0:01:48  loss: 11.203276 (11.184725)  lr: 0.000686 (0.000381)  wd: 0.000100 (0.000100)  time: 0.873119  data: 0.298797  max mem: 11509
Epoch: [0/100]  [110/197]  eta: 0:01:35  loss: 11.201799 (11.186445)  lr: 0.000762 (0.000419)  wd: 0.000100 (0.000100)  time: 0.890002  data: 0.283697  max mem: 11509
Epoch: [0/100]  [120/197]  eta: 0:01:23  loss: 11.201551 (11.187519)  lr: 0.000838 (0.000457)  wd: 0.000100 (0.000100)  time: 0.878747  data: 0.258084  max mem: 11509
Epoch: [0/100]  [130/197]  eta: 0:01:12  loss: 11.198419 (11.188336)  lr: 0.000914 (0.000495)  wd: 0.000100 (0.000100)  time: 0.983825  data: 0.319935  max mem: 11509
Epoch: [0/100]  [140/197]  eta: 0:01:01  loss: 11.196239 (11.188844)  lr: 0.000990 (0.000533)  wd: 0.000100 (0.000100)  time: 1.025554  data: 0.420879  max mem: 11509
Epoch: [0/100]  [150/197]  eta: 0:00:49  loss: 11.196239 (11.189548)  lr: 0.001067 (0.000571)  wd: 0.000100 (0.000100)  time: 0.953501  data: 0.415989  max mem: 11509
Epoch: [0/100]  [160/197]  eta: 0:00:38  loss: 11.194791 (11.189684)  lr: 0.001143 (0.000609)  wd: 0.000100 (0.000100)  time: 0.890530  data: 0.358509  max mem: 11509
Epoch: [0/100]  [170/197]  eta: 0:00:27  loss: 11.188797 (11.189591)  lr: 0.001219 (0.000648)  wd: 0.000100 (0.000100)  time: 0.853622  data: 0.327096  max mem: 11509
Epoch: [0/100]  [180/197]  eta: 0:00:17  loss: 11.183380 (11.189264)  lr: 0.001295 (0.000686)  wd: 0.000100 (0.000100)  time: 0.892022  data: 0.356335  max mem: 11509
Epoch: [0/100]  [190/197]  eta: 0:00:07  loss: 11.182004 (11.189211)  lr: 0.001371 (0.000724)  wd: 0.000100 (0.000100)  time: 0.803732  data: 0.357332  max mem: 11509
Epoch: [0/100]  [196/197]  eta: 0:00:01  loss: 11.180186 (11.189048)  lr: 0.001417 (0.000747)  wd: 0.000100 (0.000100)  time: 0.701785  data: 0.336427  max mem: 11509
Epoch: [0/100] Total time: 0:03:18 (1.009958 s / it)
Averaged stats: loss: 11.180186 (11.188974)  lr: 0.001417 (0.000747)  wd: 0.000100 (0.000100)
Epoch: [1/100]  [  0/197]  eta: 0:29:11  loss: 11.167074 (11.167074)  lr: 0.001501 (0.001501)  wd: 0.000100 (0.000100)  time: 8.889342  data: 8.021845  max mem: 11509
Epoch: [1/100]  [ 10/197]  eta: 0:04:23  loss: 11.173907 (11.173088)  lr: 0.001539 (0.001539)  wd: 0.000100 (0.000100)  time: 1.411552  data: 0.834781  max mem: 11623
Epoch: [1/100]  [ 20/197]  eta: 0:03:09  loss: 11.173907 (11.174099)  lr: 0.001577 (0.001577)  wd: 0.000100 (0.000100)  time: 0.677678  data: 0.097486  max mem: 11624
Epoch: [1/100]  [ 30/197]  eta: 0:02:49  loss: 11.175878 (11.175386)  lr: 0.001653 (0.001615)  wd: 0.000100 (0.000100)  time: 0.799807  data: 0.058745  max mem: 11624
Epoch: [1/100]  [ 40/197]  eta: 0:02:27  loss: 11.169751 (11.172879)  lr: 0.001729 (0.001653)  wd: 0.000100 (0.000100)  time: 0.808194  data: 0.020308  max mem: 11624
Epoch: [1/100]  [ 50/197]  eta: 0:02:16  loss: 11.166691 (11.171556)  lr: 0.001805 (0.001691)  wd: 0.000100 (0.000100)  time: 0.798841  data: 0.001584  max mem: 11624
Epoch: [1/100]  [ 60/197]  eta: 0:02:02  loss: 11.168112 (11.170074)  lr: 0.001882 (0.001729)  wd: 0.000100 (0.000100)  time: 0.795033  data: 0.000663  max mem: 11624
Epoch: [1/100]  [ 70/197]  eta: 0:01:52  loss: 11.156888 (11.167644)  lr: 0.001958 (0.001767)  wd: 0.000100 (0.000100)  time: 0.759722  data: 0.000437  max mem: 11624
Epoch: [1/100]  [ 80/197]  eta: 0:01:40  loss: 11.147141 (11.164843)  lr: 0.002034 (0.001805)  wd: 0.000100 (0.000100)  time: 0.766997  data: 0.001183  max mem: 11624
Epoch: [1/100]  [ 90/197]  eta: 0:01:29  loss: 11.144884 (11.162400)  lr: 0.002110 (0.001844)  wd: 0.000100 (0.000100)  time: 0.690219  data: 0.017009  max mem: 11624
Epoch: [1/100]  [100/197]  eta: 0:01:21  loss: 11.144884 (11.160780)  lr: 0.002186 (0.001882)  wd: 0.000100 (0.000100)  time: 0.740070  data: 0.053801  max mem: 11624
Epoch: [1/100]  [110/197]  eta: 0:01:11  loss: 11.137022 (11.157439)  lr: 0.002263 (0.001920)  wd: 0.000100 (0.000100)  time: 0.767581  data: 0.071765  max mem: 11624
Epoch: [1/100]  [120/197]  eta: 0:01:03  loss: 11.123135 (11.154762)  lr: 0.002339 (0.001958)  wd: 0.000100 (0.000100)  time: 0.748268  data: 0.137203  max mem: 11624
Epoch: [1/100]  [130/197]  eta: 0:00:54  loss: 11.118753 (11.151818)  lr: 0.002415 (0.001996)  wd: 0.000100 (0.000100)  time: 0.766969  data: 0.114741  max mem: 11624
Epoch: [1/100]  [140/197]  eta: 0:00:46  loss: 11.114206 (11.148657)  lr: 0.002491 (0.002034)  wd: 0.000100 (0.000100)  time: 0.768260  data: 0.092433  max mem: 11624
Epoch: [1/100]  [150/197]  eta: 0:00:38  loss: 11.103101 (11.145372)  lr: 0.002567 (0.002072)  wd: 0.000100 (0.000100)  time: 0.765018  data: 0.116691  max mem: 11624
Epoch: [1/100]  [160/197]  eta: 0:00:29  loss: 11.093747 (11.141912)  lr: 0.002643 (0.002110)  wd: 0.000100 (0.000100)  time: 0.722391  data: 0.076484  max mem: 11624
Epoch: [1/100]  [170/197]  eta: 0:00:21  loss: 11.090240 (11.138916)  lr: 0.002720 (0.002148)  wd: 0.000100 (0.000100)  time: 0.704011  data: 0.048880  max mem: 11624
Epoch: [1/100]  [180/197]  eta: 0:00:13  loss: 11.075907 (11.135425)  lr: 0.002796 (0.002186)  wd: 0.000100 (0.000100)  time: 0.743137  data: 0.063231  max mem: 11624
Epoch: [1/100]  [190/197]  eta: 0:00:05  loss: 11.070236 (11.131867)  lr: 0.002872 (0.002224)  wd: 0.000100 (0.000100)  time: 0.566062  data: 0.054959  max mem: 11624
Epoch: [1/100]  [196/197]  eta: 0:00:00  loss: 11.065773 (11.130185)  lr: 0.002918 (0.002247)  wd: 0.000100 (0.000100)  time: 0.380850  data: 0.003555  max mem: 11624
Epoch: [1/100] Total time: 0:02:30 (0.762851 s / it)
Averaged stats: loss: 11.065773 (11.129914)  lr: 0.002918 (0.002247)  wd: 0.000100 (0.000100)
Epoch: [2/100]  [  0/197]  eta: 0:24:11  loss: 11.063863 (11.063863)  lr: 0.003002 (0.003002)  wd: 0.000100 (0.000100)  time: 7.369880  data: 6.530741  max mem: 11624
Epoch: [2/100]  [ 10/197]  eta: 0:04:18  loss: 11.056293 (11.061383)  lr: 0.003040 (0.003040)  wd: 0.000100 (0.000100)  time: 1.384036  data: 0.662215  max mem: 11624
Epoch: [2/100]  [ 20/197]  eta: 0:03:14  loss: 11.046795 (11.052277)  lr: 0.003078 (0.003078)  wd: 0.000100 (0.000100)  time: 0.784488  data: 0.090372  max mem: 11624
Epoch: [2/100]  [ 30/197]  eta: 0:02:48  loss: 11.039455 (11.050384)  lr: 0.003154 (0.003116)  wd: 0.000100 (0.000100)  time: 0.802333  data: 0.053349  max mem: 11624
Epoch: [2/100]  [ 40/197]  eta: 0:02:26  loss: 11.032681 (11.044453)  lr: 0.003230 (0.003154)  wd: 0.000100 (0.000100)  time: 0.761638  data: 0.000780  max mem: 11624
Epoch: [2/100]  [ 50/197]  eta: 0:02:15  loss: 11.025764 (11.038864)  lr: 0.003306 (0.003192)  wd: 0.000100 (0.000100)  time: 0.785584  data: 0.001198  max mem: 11624
Epoch: [2/100]  [ 60/197]  eta: 0:01:59  loss: 11.014515 (11.033231)  lr: 0.003382 (0.003230)  wd: 0.000100 (0.000100)  time: 0.738438  data: 0.001599  max mem: 11624
Epoch: [2/100]  [ 70/197]  eta: 0:01:48  loss: 10.988912 (11.027131)  lr: 0.003459 (0.003268)  wd: 0.000100 (0.000100)  time: 0.696228  data: 0.027413  max mem: 11624
Epoch: [2/100]  [ 80/197]  eta: 0:01:39  loss: 10.981811 (11.021424)  lr: 0.003535 (0.003306)  wd: 0.000100 (0.000100)  time: 0.789066  data: 0.027020  max mem: 11624
Epoch: [2/100]  [ 90/197]  eta: 0:01:34  loss: 10.973125 (11.015990)  lr: 0.003611 (0.003344)  wd: 0.000100 (0.000100)  time: 0.958234  data: 0.000222  max mem: 11624
Epoch: [2/100]  [100/197]  eta: 0:01:22  loss: 10.963887 (11.010600)  lr: 0.003687 (0.003382)  wd: 0.000100 (0.000100)  time: 0.855861  data: 0.000371  max mem: 11624
Epoch: [2/100]  [110/197]  eta: 0:01:13  loss: 10.956474 (11.006142)  lr: 0.003763 (0.003421)  wd: 0.000100 (0.000100)  time: 0.680469  data: 0.002812  max mem: 11624
Epoch: [2/100]  [120/197]  eta: 0:01:04  loss: 10.951759 (11.001167)  lr: 0.003840 (0.003459)  wd: 0.000100 (0.000100)  time: 0.749894  data: 0.003396  max mem: 11624
Epoch: [2/100]  [130/197]  eta: 0:00:54  loss: 10.937536 (10.996067)  lr: 0.003916 (0.003497)  wd: 0.000100 (0.000100)  time: 0.669110  data: 0.000970  max mem: 11624
Epoch: [2/100]  [140/197]  eta: 0:00:46  loss: 10.928553 (10.991164)  lr: 0.003992 (0.003535)  wd: 0.000100 (0.000100)  time: 0.688873  data: 0.000217  max mem: 11624
Epoch: [2/100]  [150/197]  eta: 0:00:38  loss: 10.929423 (10.987212)  lr: 0.004068 (0.003573)  wd: 0.000100 (0.000100)  time: 0.799849  data: 0.000746  max mem: 11624
Epoch: [2/100]  [160/197]  eta: 0:00:29  loss: 10.914149 (10.981853)  lr: 0.004144 (0.003611)  wd: 0.000100 (0.000100)  time: 0.742936  data: 0.002502  max mem: 11624
Epoch: [2/100]  [170/197]  eta: 0:00:21  loss: 10.891670 (10.976732)  lr: 0.004220 (0.003649)  wd: 0.000100 (0.000100)  time: 0.646506  data: 0.003033  max mem: 11624
Epoch: [2/100]  [180/197]  eta: 0:00:13  loss: 10.895217 (10.972033)  lr: 0.004297 (0.003687)  wd: 0.000100 (0.000100)  time: 0.659066  data: 0.001276  max mem: 11624
Epoch: [2/100]  [190/197]  eta: 0:00:05  loss: 10.882127 (10.966937)  lr: 0.004373 (0.003725)  wd: 0.000100 (0.000100)  time: 0.617788  data: 0.000181  max mem: 11624
Epoch: [2/100]  [196/197]  eta: 0:00:00  loss: 10.869405 (10.963303)  lr: 0.004418 (0.003748)  wd: 0.000100 (0.000100)  time: 0.541535  data: 0.000139  max mem: 11624
Epoch: [2/100] Total time: 0:02:30 (0.764685 s / it)
Averaged stats: loss: 10.869405 (10.965914)  lr: 0.004418 (0.003748)  wd: 0.000100 (0.000100)
Epoch: [3/100]  [  0/197]  eta: 0:24:26  loss: 10.850348 (10.850348)  lr: 0.004502 (0.004502)  wd: 0.000100 (0.000100)  time: 7.442060  data: 6.585204  max mem: 11624
Epoch: [3/100]  [ 10/197]  eta: 0:04:20  loss: 10.850348 (10.850073)  lr: 0.004540 (0.004540)  wd: 0.000100 (0.000100)  time: 1.394998  data: 0.599983  max mem: 11624
Epoch: [3/100]  [ 20/197]  eta: 0:03:04  loss: 10.836206 (10.842315)  lr: 0.004578 (0.004578)  wd: 0.000100 (0.000100)  time: 0.719594  data: 0.000811  max mem: 11624
Epoch: [3/100]  [ 30/197]  eta: 0:02:36  loss: 10.837589 (10.841480)  lr: 0.004655 (0.004617)  wd: 0.000100 (0.000100)  time: 0.681237  data: 0.017160  max mem: 11624
Epoch: [3/100]  [ 40/197]  eta: 0:02:20  loss: 10.837589 (10.837552)  lr: 0.004731 (0.004655)  wd: 0.000100 (0.000100)  time: 0.738528  data: 0.017183  max mem: 11624
Epoch: [3/100]  [ 50/197]  eta: 0:02:09  loss: 10.817438 (10.835424)  lr: 0.004807 (0.004693)  wd: 0.000100 (0.000100)  time: 0.795046  data: 0.001913  max mem: 11624
Epoch: [3/100]  [ 60/197]  eta: 0:01:57  loss: 10.817438 (10.831978)  lr: 0.004883 (0.004731)  wd: 0.000100 (0.000100)  time: 0.789975  data: 0.001963  max mem: 11624
Epoch: [3/100]  [ 70/197]  eta: 0:01:45  loss: 10.815413 (10.828704)  lr: 0.004959 (0.004769)  wd: 0.000100 (0.000100)  time: 0.694025  data: 0.000242  max mem: 11624
Epoch: [3/100]  [ 80/197]  eta: 0:01:36  loss: 10.795150 (10.825351)  lr: 0.005036 (0.004807)  wd: 0.000100 (0.000100)  time: 0.728832  data: 0.000173  max mem: 11624
Epoch: [3/100]  [ 90/197]  eta: 0:01:27  loss: 10.790952 (10.821360)  lr: 0.005112 (0.004845)  wd: 0.000100 (0.000100)  time: 0.798143  data: 0.000178  max mem: 11624
Epoch: [3/100]  [100/197]  eta: 0:01:18  loss: 10.776100 (10.815841)  lr: 0.005188 (0.004883)  wd: 0.000100 (0.000100)  time: 0.726790  data: 0.019330  max mem: 11624
Epoch: [3/100]  [110/197]  eta: 0:01:10  loss: 10.769587 (10.811118)  lr: 0.005264 (0.004921)  wd: 0.000100 (0.000100)  time: 0.747702  data: 0.124183  max mem: 11624
Epoch: [3/100]  [120/197]  eta: 0:01:02  loss: 10.749287 (10.805866)  lr: 0.005340 (0.004959)  wd: 0.000100 (0.000100)  time: 0.827459  data: 0.188486  max mem: 11624
Epoch: [3/100]  [130/197]  eta: 0:00:53  loss: 10.744296 (10.800595)  lr: 0.005416 (0.004997)  wd: 0.000100 (0.000100)  time: 0.793732  data: 0.083641  max mem: 11624
Epoch: [3/100]  [140/197]  eta: 0:00:45  loss: 10.741198 (10.796616)  lr: 0.005493 (0.005036)  wd: 0.000100 (0.000100)  time: 0.719218  data: 0.000266  max mem: 11624
Epoch: [3/100]  [150/197]  eta: 0:00:37  loss: 10.720901 (10.790220)  lr: 0.005569 (0.005074)  wd: 0.000100 (0.000100)  time: 0.680738  data: 0.000277  max mem: 11624
Epoch: [3/100]  [160/197]  eta: 0:00:29  loss: 10.698085 (10.784424)  lr: 0.005645 (0.005112)  wd: 0.000100 (0.000100)  time: 0.743415  data: 0.067424  max mem: 11624
Epoch: [3/100]  [170/197]  eta: 0:00:21  loss: 10.694512 (10.779579)  lr: 0.005721 (0.005150)  wd: 0.000100 (0.000100)  time: 0.818304  data: 0.096566  max mem: 11624
Epoch: [3/100]  [180/197]  eta: 0:00:13  loss: 10.685069 (10.773637)  lr: 0.005797 (0.005188)  wd: 0.000100 (0.000100)  time: 0.759756  data: 0.029960  max mem: 11624
Epoch: [3/100]  [190/197]  eta: 0:00:05  loss: 10.636098 (10.763568)  lr: 0.005874 (0.005226)  wd: 0.000100 (0.000100)  time: 0.559679  data: 0.028794  max mem: 11624
Epoch: [3/100]  [196/197]  eta: 0:00:00  loss: 10.586678 (10.755456)  lr: 0.005919 (0.005249)  wd: 0.000100 (0.000100)  time: 0.428776  data: 0.028148  max mem: 11624
Epoch: [3/100] Total time: 0:02:29 (0.756959 s / it)
Averaged stats: loss: 10.586678 (10.756854)  lr: 0.005919 (0.005249)  wd: 0.000100 (0.000100)
Epoch: [4/100]  [  0/197]  eta: 0:26:07  loss: 10.286881 (10.286881)  lr: 0.006003 (0.006003)  wd: 0.000100 (0.000100)  time: 7.958840  data: 7.217204  max mem: 11624
Epoch: [4/100]  [ 10/197]  eta: 0:04:03  loss: 10.395186 (10.396538)  lr: 0.006041 (0.006041)  wd: 0.000100 (0.000100)  time: 1.301282  data: 0.657370  max mem: 11624
Epoch: [4/100]  [ 20/197]  eta: 0:03:08  loss: 10.373616 (10.360873)  lr: 0.006079 (0.006079)  wd: 0.000100 (0.000100)  time: 0.722541  data: 0.010036  max mem: 11624
Epoch: [4/100]  [ 30/197]  eta: 0:02:37  loss: 10.304154 (10.327541)  lr: 0.006155 (0.006117)  wd: 0.000100 (0.000100)  time: 0.743747  data: 0.009984  max mem: 11624
Epoch: [4/100]  [ 40/197]  eta: 0:02:23  loss: 10.156839 (10.269734)  lr: 0.006232 (0.006155)  wd: 0.000100 (0.000100)  time: 0.749396  data: 0.077968  max mem: 11624
Epoch: [4/100]  [ 50/197]  eta: 0:02:09  loss: 9.956231 (10.210969)  lr: 0.006308 (0.006193)  wd: 0.000100 (0.000100)  time: 0.793740  data: 0.078489  max mem: 11624
Epoch: [4/100]  [ 60/197]  eta: 0:01:56  loss: 9.840596 (10.125141)  lr: 0.006384 (0.006232)  wd: 0.000100 (0.000100)  time: 0.729147  data: 0.002389  max mem: 11624
Epoch: [4/100]  [ 70/197]  eta: 0:01:47  loss: 9.597302 (10.036396)  lr: 0.006460 (0.006270)  wd: 0.000100 (0.000100)  time: 0.740768  data: 0.002173  max mem: 11624
Epoch: [4/100]  [ 80/197]  eta: 0:01:37  loss: 9.422090 (9.948198)  lr: 0.006536 (0.006308)  wd: 0.000100 (0.000100)  time: 0.773472  data: 0.001076  max mem: 11624
Epoch: [4/100]  [ 90/197]  eta: 0:01:28  loss: 9.354910 (9.897443)  lr: 0.006612 (0.006346)  wd: 0.000100 (0.000100)  time: 0.755478  data: 0.010834  max mem: 11624
Epoch: [4/100]  [100/197]  eta: 0:01:20  loss: 9.362353 (9.848502)  lr: 0.006689 (0.006384)  wd: 0.000100 (0.000100)  time: 0.834711  data: 0.084289  max mem: 11624
Epoch: [4/100]  [110/197]  eta: 0:01:12  loss: 9.153093 (9.767996)  lr: 0.006765 (0.006422)  wd: 0.000100 (0.000100)  time: 0.876239  data: 0.073681  max mem: 11624
Epoch: [4/100]  [120/197]  eta: 0:01:03  loss: 8.926313 (9.694811)  lr: 0.006841 (0.006460)  wd: 0.000100 (0.000100)  time: 0.774959  data: 0.000276  max mem: 11624
Epoch: [4/100]  [130/197]  eta: 0:00:54  loss: 8.955846 (9.641035)  lr: 0.006917 (0.006498)  wd: 0.000100 (0.000100)  time: 0.734261  data: 0.000284  max mem: 11624
Epoch: [4/100]  [140/197]  eta: 0:00:46  loss: 8.819989 (9.571390)  lr: 0.006993 (0.006536)  wd: 0.000100 (0.000100)  time: 0.745761  data: 0.002945  max mem: 11624
Epoch: [4/100]  [150/197]  eta: 0:00:37  loss: 8.475998 (9.501867)  lr: 0.007070 (0.006574)  wd: 0.000100 (0.000100)  time: 0.726422  data: 0.003446  max mem: 11624
Epoch: [4/100]  [160/197]  eta: 0:00:30  loss: 8.431554 (9.433808)  lr: 0.007146 (0.006612)  wd: 0.000100 (0.000100)  time: 0.849510  data: 0.001265  max mem: 11624
Epoch: [4/100]  [170/197]  eta: 0:00:21  loss: 8.436978 (9.379586)  lr: 0.007222 (0.006651)  wd: 0.000100 (0.000100)  time: 0.779827  data: 0.001241  max mem: 11624
Epoch: [4/100]  [180/197]  eta: 0:00:13  loss: 8.444138 (9.333958)  lr: 0.007298 (0.006689)  wd: 0.000100 (0.000100)  time: 0.642700  data: 0.000749  max mem: 11624
Epoch: [4/100]  [190/197]  eta: 0:00:05  loss: 8.491508 (9.290446)  lr: 0.007374 (0.006727)  wd: 0.000100 (0.000100)  time: 0.514990  data: 0.000216  max mem: 11624
Epoch: [4/100]  [196/197]  eta: 0:00:00  loss: 8.339330 (9.257931)  lr: 0.007420 (0.006750)  wd: 0.000100 (0.000100)  time: 0.335186  data: 0.000164  max mem: 11624
Epoch: [4/100] Total time: 0:02:29 (0.760442 s / it)
Averaged stats: loss: 8.339330 (9.273360)  lr: 0.007420 (0.006750)  wd: 0.000100 (0.000100)
Epoch: [5/100]  [  0/197]  eta: 0:32:46  loss: 8.417245 (8.417245)  lr: 0.007504 (0.007504)  wd: 0.000100 (0.000100)  time: 9.982085  data: 7.577854  max mem: 11624
Epoch: [5/100]  [ 10/197]  eta: 0:04:36  loss: 8.359736 (8.444254)  lr: 0.007542 (0.007542)  wd: 0.000100 (0.000100)  time: 1.476294  data: 0.690589  max mem: 11624
Epoch: [5/100]  [ 20/197]  eta: 0:03:11  loss: 8.359736 (8.389590)  lr: 0.007580 (0.007580)  wd: 0.000100 (0.000100)  time: 0.635480  data: 0.001561  max mem: 11624
Epoch: [5/100]  [ 30/197]  eta: 0:02:41  loss: 8.351951 (8.324882)  lr: 0.007656 (0.007618)  wd: 0.000100 (0.000100)  time: 0.686370  data: 0.000895  max mem: 11624
Epoch: [5/100]  [ 40/197]  eta: 0:02:22  loss: 8.192877 (8.306652)  lr: 0.007732 (0.007656)  wd: 0.000100 (0.000100)  time: 0.728350  data: 0.000346  max mem: 11624
Epoch: [5/100]  [ 50/197]  eta: 0:02:08  loss: 8.089577 (8.275686)  lr: 0.007809 (0.007694)  wd: 0.000100 (0.000100)  time: 0.739298  data: 0.004684  max mem: 11624
Epoch: [5/100]  [ 60/197]  eta: 0:01:58  loss: 8.067807 (8.254011)  lr: 0.007885 (0.007732)  wd: 0.000100 (0.000100)  time: 0.785659  data: 0.103836  max mem: 11624
Epoch: [5/100]  [ 70/197]  eta: 0:01:48  loss: 7.957053 (8.215648)  lr: 0.007961 (0.007770)  wd: 0.000100 (0.000100)  time: 0.801966  data: 0.103396  max mem: 11624
Epoch: [5/100]  [ 80/197]  eta: 0:01:40  loss: 7.936625 (8.175809)  lr: 0.008037 (0.007809)  wd: 0.000100 (0.000100)  time: 0.822746  data: 0.004295  max mem: 11624
Epoch: [5/100]  [ 90/197]  eta: 0:01:29  loss: 7.715985 (8.116598)  lr: 0.008113 (0.007847)  wd: 0.000100 (0.000100)  time: 0.754663  data: 0.000227  max mem: 11624
Epoch: [5/100]  [100/197]  eta: 0:01:21  loss: 7.620100 (8.066532)  lr: 0.008189 (0.007885)  wd: 0.000100 (0.000100)  time: 0.758824  data: 0.000183  max mem: 11624
Epoch: [5/100]  [110/197]  eta: 0:01:11  loss: 7.680872 (8.031168)  lr: 0.008266 (0.007923)  wd: 0.000100 (0.000100)  time: 0.783852  data: 0.000192  max mem: 11624
Epoch: [5/100]  [120/197]  eta: 0:01:02  loss: 7.680872 (8.007683)  lr: 0.008342 (0.007961)  wd: 0.000100 (0.000100)  time: 0.689595  data: 0.002482  max mem: 11624
Epoch: [5/100]  [130/197]  eta: 0:00:53  loss: 7.659087 (7.977805)  lr: 0.008418 (0.007999)  wd: 0.000100 (0.000100)  time: 0.671648  data: 0.002484  max mem: 11624
Epoch: [5/100]  [140/197]  eta: 0:00:45  loss: 7.659087 (7.959890)  lr: 0.008494 (0.008037)  wd: 0.000100 (0.000100)  time: 0.734231  data: 0.000190  max mem: 11624
Epoch: [5/100]  [150/197]  eta: 0:00:37  loss: 7.611598 (7.935818)  lr: 0.008570 (0.008075)  wd: 0.000100 (0.000100)  time: 0.838541  data: 0.000213  max mem: 11624
Epoch: [5/100]  [160/197]  eta: 0:00:29  loss: 7.597421 (7.909719)  lr: 0.008647 (0.008113)  wd: 0.000100 (0.000100)  time: 0.789437  data: 0.000216  max mem: 11624
Epoch: [5/100]  [170/197]  eta: 0:00:21  loss: 7.538629 (7.888636)  lr: 0.008723 (0.008151)  wd: 0.000100 (0.000100)  time: 0.768594  data: 0.000190  max mem: 11624
Epoch: [5/100]  [180/197]  eta: 0:00:13  loss: 7.597568 (7.873159)  lr: 0.008799 (0.008189)  wd: 0.000100 (0.000100)  time: 0.744678  data: 0.000205  max mem: 11624
Epoch: [5/100]  [190/197]  eta: 0:00:05  loss: 7.501744 (7.859148)  lr: 0.008875 (0.008228)  wd: 0.000100 (0.000100)  time: 0.521628  data: 0.000155  max mem: 11624
Epoch: [5/100]  [196/197]  eta: 0:00:00  loss: 7.767440 (7.858162)  lr: 0.008921 (0.008250)  wd: 0.000100 (0.000100)  time: 0.411160  data: 0.000120  max mem: 11624
Epoch: [5/100] Total time: 0:02:29 (0.760677 s / it)
Averaged stats: loss: 7.767440 (7.873641)  lr: 0.008921 (0.008250)  wd: 0.000100 (0.000100)
Epoch: [6/100]  [  0/197]  eta: 0:28:49  loss: 7.671387 (7.671387)  lr: 0.009005 (0.009005)  wd: 0.000100 (0.000100)  time: 8.776820  data: 7.971177  max mem: 11624
Epoch: [6/100]  [ 10/197]  eta: 0:04:17  loss: 7.845394 (7.847768)  lr: 0.009043 (0.009043)  wd: 0.000100 (0.000100)  time: 1.379170  data: 0.773697  max mem: 11624
Epoch: [6/100]  [ 20/197]  eta: 0:03:07  loss: 7.862024 (7.841633)  lr: 0.009081 (0.009081)  wd: 0.000100 (0.000100)  time: 0.675219  data: 0.101945  max mem: 11624
Epoch: [6/100]  [ 30/197]  eta: 0:02:42  loss: 7.605917 (7.718231)  lr: 0.009157 (0.009119)  wd: 0.000100 (0.000100)  time: 0.748300  data: 0.080119  max mem: 11624
Epoch: [6/100]  [ 40/197]  eta: 0:02:22  loss: 7.524667 (7.717970)  lr: 0.009233 (0.009157)  wd: 0.000100 (0.000100)  time: 0.747480  data: 0.025791  max mem: 11624
Epoch: [6/100]  [ 50/197]  eta: 0:02:10  loss: 7.682528 (7.718319)  lr: 0.009309 (0.009195)  wd: 0.000100 (0.000100)  time: 0.759324  data: 0.111811  max mem: 11624
Epoch: [6/100]  [ 60/197]  eta: 0:02:00  loss: 7.657743 (7.710625)  lr: 0.009385 (0.009233)  wd: 0.000100 (0.000100)  time: 0.813828  data: 0.196777  max mem: 11624
Epoch: [6/100]  [ 70/197]  eta: 0:01:47  loss: 7.603690 (7.727200)  lr: 0.009462 (0.009271)  wd: 0.000100 (0.000100)  time: 0.743116  data: 0.106266  max mem: 11624
Epoch: [6/100]  [ 80/197]  eta: 0:01:38  loss: 7.902368 (7.755444)  lr: 0.009538 (0.009309)  wd: 0.000100 (0.000100)  time: 0.736248  data: 0.061497  max mem: 11624
Epoch: [6/100]  [ 90/197]  eta: 0:01:29  loss: 7.835198 (7.747648)  lr: 0.009614 (0.009347)  wd: 0.000100 (0.000100)  time: 0.784600  data: 0.111652  max mem: 11624
Epoch: [6/100]  [100/197]  eta: 0:01:20  loss: 7.738083 (7.754959)  lr: 0.009690 (0.009385)  wd: 0.000100 (0.000100)  time: 0.790328  data: 0.071807  max mem: 11624
Epoch: [6/100]  [110/197]  eta: 0:01:11  loss: 7.733512 (7.755683)  lr: 0.009766 (0.009424)  wd: 0.000100 (0.000100)  time: 0.761738  data: 0.023214  max mem: 11624
Epoch: [6/100]  [120/197]  eta: 0:01:02  loss: 7.904131 (7.762175)  lr: 0.009843 (0.009462)  wd: 0.000100 (0.000100)  time: 0.710513  data: 0.031604  max mem: 11624
Epoch: [6/100]  [130/197]  eta: 0:00:54  loss: 7.782406 (7.749066)  lr: 0.009919 (0.009500)  wd: 0.000100 (0.000100)  time: 0.801590  data: 0.075454  max mem: 11624
Epoch: [6/100]  [140/197]  eta: 0:00:46  loss: 7.609702 (7.747224)  lr: 0.009995 (0.009538)  wd: 0.000100 (0.000100)  time: 0.805582  data: 0.046181  max mem: 11624
Epoch: [6/100]  [150/197]  eta: 0:00:38  loss: 7.700659 (7.740440)  lr: 0.010071 (0.009576)  wd: 0.000100 (0.000100)  time: 0.753781  data: 0.000201  max mem: 11624
Epoch: [6/100]  [160/197]  eta: 0:00:29  loss: 7.602302 (7.735056)  lr: 0.010147 (0.009614)  wd: 0.000100 (0.000100)  time: 0.795669  data: 0.000177  max mem: 11624
Epoch: [6/100]  [170/197]  eta: 0:00:21  loss: 7.623941 (7.733058)  lr: 0.010223 (0.009652)  wd: 0.000100 (0.000100)  time: 0.789725  data: 0.002393  max mem: 11624
Epoch: [6/100]  [180/197]  eta: 0:00:13  loss: 7.587244 (7.728489)  lr: 0.010300 (0.009690)  wd: 0.000100 (0.000100)  time: 0.697086  data: 0.002461  max mem: 11624
Epoch: [6/100]  [190/197]  eta: 0:00:05  loss: 7.628026 (7.723710)  lr: 0.010376 (0.009728)  wd: 0.000100 (0.000100)  time: 0.506184  data: 0.000207  max mem: 11624
Epoch: [6/100]  [196/197]  eta: 0:00:00  loss: 7.462220 (7.707927)  lr: 0.010422 (0.009751)  wd: 0.000100 (0.000100)  time: 0.394868  data: 0.000117  max mem: 11624
Epoch: [6/100] Total time: 0:02:30 (0.763850 s / it)
Averaged stats: loss: 7.462220 (7.710780)  lr: 0.010422 (0.009751)  wd: 0.000100 (0.000100)
Epoch: [7/100]  [  0/197]  eta: 0:25:13  loss: 7.134467 (7.134467)  lr: 0.010505 (0.010505)  wd: 0.000100 (0.000100)  time: 7.682306  data: 6.972855  max mem: 11624
Epoch: [7/100]  [ 10/197]  eta: 0:04:29  loss: 7.134467 (7.144898)  lr: 0.010543 (0.010543)  wd: 0.000100 (0.000100)  time: 1.439280  data: 0.687394  max mem: 11624
Epoch: [7/100]  [ 20/197]  eta: 0:03:11  loss: 7.215423 (7.347406)  lr: 0.010582 (0.010582)  wd: 0.000100 (0.000100)  time: 0.749937  data: 0.035760  max mem: 11624
Epoch: [7/100]  [ 30/197]  eta: 0:02:50  loss: 7.374711 (7.336398)  lr: 0.010658 (0.010620)  wd: 0.000100 (0.000100)  time: 0.794690  data: 0.044726  max mem: 11624
Epoch: [7/100]  [ 40/197]  eta: 0:02:27  loss: 7.333787 (7.345946)  lr: 0.010734 (0.010658)  wd: 0.000100 (0.000100)  time: 0.795395  data: 0.039241  max mem: 11624
Epoch: [7/100]  [ 50/197]  eta: 0:02:11  loss: 7.366946 (7.338520)  lr: 0.010810 (0.010696)  wd: 0.000100 (0.000100)  time: 0.688573  data: 0.001726  max mem: 11624
Epoch: [7/100]  [ 60/197]  eta: 0:02:01  loss: 7.281532 (7.348742)  lr: 0.010886 (0.010734)  wd: 0.000100 (0.000100)  time: 0.781829  data: 0.016788  max mem: 11624
Epoch: [7/100]  [ 70/197]  eta: 0:01:50  loss: 7.241053 (7.330798)  lr: 0.010962 (0.010772)  wd: 0.000100 (0.000100)  time: 0.808992  data: 0.039937  max mem: 11624
Epoch: [7/100]  [ 80/197]  eta: 0:01:40  loss: 7.176942 (7.314523)  lr: 0.011039 (0.010810)  wd: 0.000100 (0.000100)  time: 0.779400  data: 0.050586  max mem: 11624
Epoch: [7/100]  [ 90/197]  eta: 0:01:31  loss: 7.211536 (7.301875)  lr: 0.011115 (0.010848)  wd: 0.000100 (0.000100)  time: 0.807050  data: 0.036068  max mem: 11624
Epoch: [7/100]  [100/197]  eta: 0:01:21  loss: 6.963254 (7.264329)  lr: 0.011191 (0.010886)  wd: 0.000100 (0.000100)  time: 0.765810  data: 0.010696  max mem: 11624
Epoch: [7/100]  [110/197]  eta: 0:01:12  loss: 7.016357 (7.249268)  lr: 0.011267 (0.010924)  wd: 0.000100 (0.000100)  time: 0.718681  data: 0.002445  max mem: 11624
Epoch: [7/100]  [120/197]  eta: 0:01:03  loss: 7.108572 (7.231582)  lr: 0.011343 (0.010962)  wd: 0.000100 (0.000100)  time: 0.711518  data: 0.001352  max mem: 11624
Epoch: [7/100]  [130/197]  eta: 0:00:53  loss: 7.101573 (7.216974)  lr: 0.011420 (0.011001)  wd: 0.000100 (0.000100)  time: 0.657313  data: 0.001571  max mem: 11624
Epoch: [7/100]  [140/197]  eta: 0:00:45  loss: 6.983726 (7.195899)  lr: 0.011496 (0.011039)  wd: 0.000100 (0.000100)  time: 0.682491  data: 0.032686  max mem: 11624
Epoch: [7/100]  [150/197]  eta: 0:00:37  loss: 6.832649 (7.159783)  lr: 0.011572 (0.011077)  wd: 0.000100 (0.000100)  time: 0.822797  data: 0.100021  max mem: 11624
Epoch: [7/100]  [160/197]  eta: 0:00:29  loss: 6.532269 (7.132919)  lr: 0.011648 (0.011115)  wd: 0.000100 (0.000100)  time: 0.783795  data: 0.103617  max mem: 11624
Epoch: [7/100]  [170/197]  eta: 0:00:21  loss: 6.743973 (7.114346)  lr: 0.011724 (0.011153)  wd: 0.000100 (0.000100)  time: 0.721344  data: 0.055622  max mem: 11624
Epoch: [7/100]  [180/197]  eta: 0:00:13  loss: 6.767463 (7.103229)  lr: 0.011800 (0.011191)  wd: 0.000100 (0.000100)  time: 0.722281  data: 0.022350  max mem: 11624
Epoch: [7/100]  [190/197]  eta: 0:00:05  loss: 6.721217 (7.084350)  lr: 0.011877 (0.011229)  wd: 0.000100 (0.000100)  time: 0.555039  data: 0.008359  max mem: 11624
Epoch: [7/100]  [196/197]  eta: 0:00:00  loss: 6.878487 (7.080907)  lr: 0.011922 (0.011252)  wd: 0.000100 (0.000100)  time: 0.422158  data: 0.006891  max mem: 11624
Epoch: [7/100] Total time: 0:02:29 (0.759431 s / it)
Averaged stats: loss: 6.878487 (7.095548)  lr: 0.011922 (0.011252)  wd: 0.000100 (0.000100)
Epoch: [8/100]  [  0/197]  eta: 0:24:59  loss: 6.943161 (6.943161)  lr: 0.012006 (0.012006)  wd: 0.000100 (0.000100)  time: 7.611105  data: 6.447820  max mem: 11624
Epoch: [8/100]  [ 10/197]  eta: 0:04:03  loss: 6.793392 (6.782253)  lr: 0.012044 (0.012044)  wd: 0.000100 (0.000100)  time: 1.301371  data: 0.599666  max mem: 11624
Epoch: [8/100]  [ 20/197]  eta: 0:03:04  loss: 6.834499 (6.877445)  lr: 0.012082 (0.012082)  wd: 0.000100 (0.000100)  time: 0.716296  data: 0.020979  max mem: 11624
Epoch: [8/100]  [ 30/197]  eta: 0:02:41  loss: 6.982041 (6.881525)  lr: 0.012158 (0.012120)  wd: 0.000100 (0.000100)  time: 0.782845  data: 0.056049  max mem: 11624
Epoch: [8/100]  [ 40/197]  eta: 0:02:24  loss: 6.864304 (6.893517)  lr: 0.012235 (0.012158)  wd: 0.000100 (0.000100)  time: 0.794823  data: 0.074958  max mem: 11624
Epoch: [8/100]  [ 50/197]  eta: 0:02:14  loss: 6.864304 (6.862235)  lr: 0.012311 (0.012197)  wd: 0.000100 (0.000100)  time: 0.827549  data: 0.134517  max mem: 11624
Epoch: [8/100]  [ 60/197]  eta: 0:02:06  loss: 6.892688 (6.886766)  lr: 0.012387 (0.012235)  wd: 0.000100 (0.000100)  time: 0.922437  data: 0.102139  max mem: 11624
Epoch: [8/100]  [ 70/197]  eta: 0:01:52  loss: 6.865802 (6.864817)  lr: 0.012463 (0.012273)  wd: 0.000100 (0.000100)  time: 0.812272  data: 0.001113  max mem: 11624
Epoch: [8/100]  [ 80/197]  eta: 0:01:41  loss: 6.635682 (6.840587)  lr: 0.012539 (0.012311)  wd: 0.000100 (0.000100)  time: 0.713083  data: 0.001126  max mem: 11624
Epoch: [8/100]  [ 90/197]  eta: 0:01:31  loss: 6.734938 (6.860134)  lr: 0.012616 (0.012349)  wd: 0.000100 (0.000100)  time: 0.763199  data: 0.000295  max mem: 11624
Epoch: [8/100]  [100/197]  eta: 0:01:22  loss: 7.054090 (6.876538)  lr: 0.012692 (0.012387)  wd: 0.000100 (0.000100)  time: 0.760316  data: 0.001340  max mem: 11624
Epoch: [8/100]  [110/197]  eta: 0:01:12  loss: 7.010851 (6.882908)  lr: 0.012768 (0.012425)  wd: 0.000100 (0.000100)  time: 0.720512  data: 0.001481  max mem: 11624
Epoch: [8/100]  [120/197]  eta: 0:01:03  loss: 6.916595 (6.882927)  lr: 0.012844 (0.012463)  wd: 0.000100 (0.000100)  time: 0.670610  data: 0.000447  max mem: 11624
Epoch: [8/100]  [130/197]  eta: 0:00:54  loss: 7.044366 (6.909374)  lr: 0.012920 (0.012501)  wd: 0.000100 (0.000100)  time: 0.735449  data: 0.000251  max mem: 11624
Epoch: [8/100]  [140/197]  eta: 0:00:46  loss: 6.946410 (6.901404)  lr: 0.012996 (0.012539)  wd: 0.000100 (0.000100)  time: 0.815843  data: 0.000246  max mem: 11624
Epoch: [8/100]  [150/197]  eta: 0:00:38  loss: 6.927382 (6.910595)  lr: 0.013073 (0.012577)  wd: 0.000100 (0.000100)  time: 0.810860  data: 0.000180  max mem: 11624
Epoch: [8/100]  [160/197]  eta: 0:00:30  loss: 6.927382 (6.917127)  lr: 0.013149 (0.012616)  wd: 0.000100 (0.000100)  time: 0.789531  data: 0.000824  max mem: 11624
Epoch: [8/100]  [170/197]  eta: 0:00:21  loss: 6.944633 (6.920714)  lr: 0.013225 (0.012654)  wd: 0.000100 (0.000100)  time: 0.681401  data: 0.000839  max mem: 11624
Epoch: [8/100]  [180/197]  eta: 0:00:13  loss: 7.008301 (6.922217)  lr: 0.013301 (0.012692)  wd: 0.000100 (0.000100)  time: 0.627369  data: 0.000430  max mem: 11624
Epoch: [8/100]  [190/197]  eta: 0:00:05  loss: 6.749157 (6.906310)  lr: 0.013377 (0.012730)  wd: 0.000100 (0.000100)  time: 0.524525  data: 0.000392  max mem: 11624
Epoch: [8/100]  [196/197]  eta: 0:00:00  loss: 6.715419 (6.906304)  lr: 0.013423 (0.012753)  wd: 0.000100 (0.000100)  time: 0.396979  data: 0.000131  max mem: 11624
Epoch: [8/100] Total time: 0:02:29 (0.760490 s / it)
Averaged stats: loss: 6.715419 (6.946086)  lr: 0.013423 (0.012753)  wd: 0.000100 (0.000100)
Epoch: [9/100]  [  0/197]  eta: 0:24:42  loss: 6.976195 (6.976195)  lr: 0.013507 (0.013507)  wd: 0.000100 (0.000100)  time: 7.527848  data: 6.565023  max mem: 11624
Epoch: [9/100]  [ 10/197]  eta: 0:04:41  loss: 6.976195 (7.071434)  lr: 0.013545 (0.013545)  wd: 0.000100 (0.000100)  time: 1.504723  data: 0.722729  max mem: 11624
Epoch: [9/100]  [ 20/197]  eta: 0:03:22  loss: 7.001185 (7.031673)  lr: 0.013583 (0.013583)  wd: 0.000100 (0.000100)  time: 0.823285  data: 0.083462  max mem: 11624
Epoch: [9/100]  [ 30/197]  eta: 0:02:51  loss: 7.001185 (7.001372)  lr: 0.013659 (0.013621)  wd: 0.000100 (0.000100)  time: 0.764997  data: 0.014317  max mem: 11624
Epoch: [9/100]  [ 40/197]  eta: 0:02:31  loss: 6.959957 (6.974150)  lr: 0.013735 (0.013659)  wd: 0.000100 (0.000100)  time: 0.776340  data: 0.000329  max mem: 11624
Epoch: [9/100]  [ 50/197]  eta: 0:02:17  loss: 6.702095 (6.939508)  lr: 0.013812 (0.013697)  wd: 0.000100 (0.000100)  time: 0.786419  data: 0.000322  max mem: 11624
Epoch: [9/100]  [ 60/197]  eta: 0:02:02  loss: 6.714239 (6.925258)  lr: 0.013888 (0.013735)  wd: 0.000100 (0.000100)  time: 0.757950  data: 0.000197  max mem: 11624
Epoch: [9/100]  [ 70/197]  eta: 0:01:52  loss: 6.836396 (6.906169)  lr: 0.013964 (0.013773)  wd: 0.000100 (0.000100)  time: 0.761375  data: 0.000198  max mem: 11624
Epoch: [9/100]  [ 80/197]  eta: 0:01:41  loss: 6.887750 (6.909648)  lr: 0.014040 (0.013812)  wd: 0.000100 (0.000100)  time: 0.779725  data: 0.000799  max mem: 11624
Epoch: [9/100]  [ 90/197]  eta: 0:01:30  loss: 6.903225 (6.897171)  lr: 0.014116 (0.013850)  wd: 0.000100 (0.000100)  time: 0.715120  data: 0.001302  max mem: 11624
Epoch: [9/100]  [100/197]  eta: 0:01:21  loss: 6.708663 (6.890184)  lr: 0.014192 (0.013888)  wd: 0.000100 (0.000100)  time: 0.747350  data: 0.001337  max mem: 11624
Epoch: [9/100]  [110/197]  eta: 0:01:13  loss: 6.711060 (6.871405)  lr: 0.014269 (0.013926)  wd: 0.000100 (0.000100)  time: 0.813841  data: 0.000824  max mem: 11624
Epoch: [9/100]  [120/197]  eta: 0:01:03  loss: 6.801428 (6.869796)  lr: 0.014345 (0.013964)  wd: 0.000100 (0.000100)  time: 0.709481  data: 0.000687  max mem: 11624
Epoch: [9/100]  [130/197]  eta: 0:00:55  loss: 6.830661 (6.862990)  lr: 0.014421 (0.014002)  wd: 0.000100 (0.000100)  time: 0.797221  data: 0.001558  max mem: 11624
Epoch: [9/100]  [140/197]  eta: 0:00:46  loss: 6.828004 (6.863241)  lr: 0.014497 (0.014040)  wd: 0.000100 (0.000100)  time: 0.827916  data: 0.001052  max mem: 11624
Epoch: [9/100]  [150/197]  eta: 0:00:38  loss: 6.788306 (6.847185)  lr: 0.014573 (0.014078)  wd: 0.000100 (0.000100)  time: 0.699794  data: 0.000202  max mem: 11624
Epoch: [9/100]  [160/197]  eta: 0:00:29  loss: 6.623017 (6.835684)  lr: 0.014650 (0.014116)  wd: 0.000100 (0.000100)  time: 0.720530  data: 0.000210  max mem: 11624
Epoch: [9/100]  [170/197]  eta: 0:00:21  loss: 6.621463 (6.825629)  lr: 0.014726 (0.014154)  wd: 0.000100 (0.000100)  time: 0.707421  data: 0.000846  max mem: 11624
Epoch: [9/100]  [180/197]  eta: 0:00:13  loss: 6.689037 (6.810235)  lr: 0.014802 (0.014192)  wd: 0.000100 (0.000100)  time: 0.725898  data: 0.000855  max mem: 11624
Epoch: [9/100]  [190/197]  eta: 0:00:05  loss: 6.393538 (6.786051)  lr: 0.014878 (0.014231)  wd: 0.000100 (0.000100)  time: 0.535029  data: 0.000164  max mem: 11624
Epoch: [9/100]  [196/197]  eta: 0:00:00  loss: 6.373450 (6.773710)  lr: 0.014924 (0.014253)  wd: 0.000100 (0.000100)  time: 0.361685  data: 0.000123  max mem: 11624
Epoch: [9/100] Total time: 0:02:30 (0.763382 s / it)
Averaged stats: loss: 6.373450 (6.780008)  lr: 0.014924 (0.014253)  wd: 0.000100 (0.000100)
Epoch: [10/100]  [  0/197]  eta: 0:28:27  loss: 7.301025 (7.301025)  lr: 0.015000 (0.015000)  wd: 0.000100 (0.000100)  time: 8.665694  data: 7.743879  max mem: 11624
Epoch: [10/100]  [ 10/197]  eta: 0:04:18  loss: 6.529665 (6.573998)  lr: 0.015000 (0.015000)  wd: 0.000100 (0.000100)  time: 1.380094  data: 0.704166  max mem: 11624
Epoch: [10/100]  [ 20/197]  eta: 0:03:08  loss: 6.315865 (6.477332)  lr: 0.015000 (0.015000)  wd: 0.000100 (0.000100)  time: 0.684336  data: 0.007424  max mem: 11624
Epoch: [10/100]  [ 30/197]  eta: 0:02:40  loss: 6.311406 (6.438609)  lr: 0.015000 (0.015000)  wd: 0.000100 (0.000100)  time: 0.734697  data: 0.021571  max mem: 11624
Epoch: [10/100]  [ 40/197]  eta: 0:02:25  loss: 6.301779 (6.373335)  lr: 0.015000 (0.015000)  wd: 0.000100 (0.000100)  time: 0.780761  data: 0.069153  max mem: 11624
Epoch: [10/100]  [ 50/197]  eta: 0:02:13  loss: 6.301779 (6.375338)  lr: 0.015000 (0.015000)  wd: 0.000100 (0.000100)  time: 0.814921  data: 0.054991  max mem: 11624
Epoch: [10/100]  [ 60/197]  eta: 0:02:01  loss: 6.345802 (6.348763)  lr: 0.015000 (0.015000)  wd: 0.000100 (0.000100)  time: 0.804478  data: 0.000716  max mem: 11624
Epoch: [10/100]  [ 70/197]  eta: 0:01:48  loss: 6.272315 (6.345007)  lr: 0.015000 (0.015000)  wd: 0.000100 (0.000100)  time: 0.720006  data: 0.000935  max mem: 11624
Epoch: [10/100]  [ 80/197]  eta: 0:01:38  loss: 6.209144 (6.317751)  lr: 0.014999 (0.015000)  wd: 0.000100 (0.000100)  time: 0.702466  data: 0.000416  max mem: 11624
Epoch: [10/100]  [ 90/197]  eta: 0:01:29  loss: 6.122337 (6.307834)  lr: 0.014999 (0.015000)  wd: 0.000100 (0.000100)  time: 0.762070  data: 0.000254  max mem: 11624
Epoch: [10/100]  [100/197]  eta: 0:01:19  loss: 6.120482 (6.276881)  lr: 0.014999 (0.015000)  wd: 0.000100 (0.000100)  time: 0.751136  data: 0.000628  max mem: 11624
Epoch: [10/100]  [110/197]  eta: 0:01:10  loss: 6.177539 (6.270121)  lr: 0.014999 (0.015000)  wd: 0.000100 (0.000100)  time: 0.726136  data: 0.000583  max mem: 11624
Epoch: [10/100]  [120/197]  eta: 0:01:03  loss: 6.319667 (6.270058)  lr: 0.014999 (0.014999)  wd: 0.000100 (0.000100)  time: 0.816321  data: 0.000208  max mem: 11624
Epoch: [10/100]  [130/197]  eta: 0:00:54  loss: 6.258559 (6.258821)  lr: 0.014998 (0.014999)  wd: 0.000100 (0.000100)  time: 0.815571  data: 0.000212  max mem: 11624
Epoch: [10/100]  [140/197]  eta: 0:00:46  loss: 6.070367 (6.239567)  lr: 0.014998 (0.014999)  wd: 0.000100 (0.000100)  time: 0.806046  data: 0.000499  max mem: 11624
Epoch: [10/100]  [150/197]  eta: 0:00:38  loss: 6.070367 (6.232944)  lr: 0.014998 (0.014999)  wd: 0.000100 (0.000100)  time: 0.790021  data: 0.001201  max mem: 11624
Epoch: [10/100]  [160/197]  eta: 0:00:29  loss: 6.150582 (6.231941)  lr: 0.014997 (0.014999)  wd: 0.000100 (0.000100)  time: 0.655687  data: 0.000895  max mem: 11624
Epoch: [10/100]  [170/197]  eta: 0:00:21  loss: 6.123618 (6.223149)  lr: 0.014997 (0.014999)  wd: 0.000100 (0.000100)  time: 0.714632  data: 0.000196  max mem: 11624
Epoch: [10/100]  [180/197]  eta: 0:00:13  loss: 5.969409 (6.206517)  lr: 0.014997 (0.014999)  wd: 0.000100 (0.000100)  time: 0.749294  data: 0.000203  max mem: 11624
Epoch: [10/100]  [190/197]  eta: 0:00:05  loss: 5.890323 (6.203353)  lr: 0.014996 (0.014999)  wd: 0.000100 (0.000100)  time: 0.511921  data: 0.000155  max mem: 11624
Epoch: [10/100]  [196/197]  eta: 0:00:00  loss: 5.890323 (6.191086)  lr: 0.014996 (0.014998)  wd: 0.000100 (0.000100)  time: 0.383692  data: 0.000115  max mem: 11624
Epoch: [10/100] Total time: 0:02:29 (0.757734 s / it)
Averaged stats: loss: 5.890323 (6.179783)  lr: 0.014996 (0.014998)  wd: 0.000100 (0.000100)
Epoch: [11/100]  [  0/197]  eta: 0:29:44  loss: 6.196717 (6.196717)  lr: 0.014995 (0.014995)  wd: 0.000100 (0.000100)  time: 9.057835  data: 7.673553  max mem: 11624
Epoch: [11/100]  [ 10/197]  eta: 0:04:33  loss: 6.076441 (5.952331)  lr: 0.014995 (0.014995)  wd: 0.000100 (0.000100)  time: 1.460051  data: 0.697756  max mem: 11624
Epoch: [11/100]  [ 20/197]  eta: 0:03:06  loss: 6.066607 (6.017378)  lr: 0.014995 (0.014995)  wd: 0.000100 (0.000100)  time: 0.652137  data: 0.000172  max mem: 11624
Epoch: [11/100]  [ 30/197]  eta: 0:02:40  loss: 6.004497 (6.052805)  lr: 0.014994 (0.014995)  wd: 0.000100 (0.000100)  time: 0.691129  data: 0.000362  max mem: 11624
Epoch: [11/100]  [ 40/197]  eta: 0:02:31  loss: 6.082404 (6.063711)  lr: 0.014994 (0.014994)  wd: 0.000100 (0.000100)  time: 0.872957  data: 0.000383  max mem: 11624
Epoch: [11/100]  [ 50/197]  eta: 0:02:12  loss: 5.935316 (5.993134)  lr: 0.014993 (0.014994)  wd: 0.000100 (0.000100)  time: 0.795847  data: 0.000778  max mem: 11624
Epoch: [11/100]  [ 60/197]  eta: 0:01:58  loss: 5.767470 (5.980199)  lr: 0.014993 (0.014994)  wd: 0.000100 (0.000100)  time: 0.670765  data: 0.000757  max mem: 11624
Epoch: [11/100]  [ 70/197]  eta: 0:01:46  loss: 5.862534 (5.977811)  lr: 0.014992 (0.014994)  wd: 0.000100 (0.000100)  time: 0.693081  data: 0.000175  max mem: 11624
Epoch: [11/100]  [ 80/197]  eta: 0:01:36  loss: 5.888289 (5.969279)  lr: 0.014992 (0.014993)  wd: 0.000100 (0.000100)  time: 0.700330  data: 0.001347  max mem: 11624
Epoch: [11/100]  [ 90/197]  eta: 0:01:28  loss: 5.789691 (5.955714)  lr: 0.014991 (0.014993)  wd: 0.000100 (0.000100)  time: 0.777681  data: 0.001345  max mem: 11624
Epoch: [11/100]  [100/197]  eta: 0:01:19  loss: 5.769356 (5.944819)  lr: 0.014990 (0.014993)  wd: 0.000100 (0.000100)  time: 0.803869  data: 0.000203  max mem: 11624
Epoch: [11/100]  [110/197]  eta: 0:01:11  loss: 5.918263 (5.944137)  lr: 0.014990 (0.014992)  wd: 0.000100 (0.000100)  time: 0.809507  data: 0.000213  max mem: 11624
Epoch: [11/100]  [120/197]  eta: 0:01:03  loss: 5.892994 (5.926541)  lr: 0.014989 (0.014992)  wd: 0.000100 (0.000100)  time: 0.813131  data: 0.000199  max mem: 11624
Epoch: [11/100]  [130/197]  eta: 0:00:54  loss: 5.651931 (5.912636)  lr: 0.014988 (0.014992)  wd: 0.000100 (0.000100)  time: 0.764963  data: 0.000214  max mem: 11624
Epoch: [11/100]  [140/197]  eta: 0:00:46  loss: 5.651931 (5.899747)  lr: 0.014987 (0.014991)  wd: 0.000100 (0.000100)  time: 0.776193  data: 0.001639  max mem: 11624
Epoch: [11/100]  [150/197]  eta: 0:00:37  loss: 5.745784 (5.894796)  lr: 0.014987 (0.014991)  wd: 0.000100 (0.000100)  time: 0.739699  data: 0.001608  max mem: 11624
Epoch: [11/100]  [160/197]  eta: 0:00:29  loss: 5.745784 (5.887957)  lr: 0.014986 (0.014991)  wd: 0.000100 (0.000100)  time: 0.710932  data: 0.000882  max mem: 11624
Epoch: [11/100]  [170/197]  eta: 0:00:21  loss: 5.794394 (5.883545)  lr: 0.014985 (0.014990)  wd: 0.000100 (0.000100)  time: 0.779025  data: 0.000915  max mem: 11624
Epoch: [11/100]  [180/197]  eta: 0:00:13  loss: 5.694017 (5.868927)  lr: 0.014984 (0.014990)  wd: 0.000100 (0.000100)  time: 0.730326  data: 0.000809  max mem: 11624
Epoch: [11/100]  [190/197]  eta: 0:00:05  loss: 5.669348 (5.863137)  lr: 0.014983 (0.014990)  wd: 0.000100 (0.000100)  time: 0.502388  data: 0.000747  max mem: 11624
Epoch: [11/100]  [196/197]  eta: 0:00:00  loss: 5.698068 (5.859084)  lr: 0.014983 (0.014989)  wd: 0.000100 (0.000100)  time: 0.411685  data: 0.000107  max mem: 11624
Epoch: [11/100] Total time: 0:02:29 (0.758345 s / it)
Averaged stats: loss: 5.698068 (5.847413)  lr: 0.014983 (0.014989)  wd: 0.000100 (0.000100)
Epoch: [12/100]  [  0/197]  eta: 0:29:26  loss: 5.476357 (5.476357)  lr: 0.014982 (0.014982)  wd: 0.000100 (0.000100)  time: 8.964780  data: 8.589830  max mem: 11624
Epoch: [12/100]  [ 10/197]  eta: 0:04:32  loss: 5.871336 (5.732783)  lr: 0.014981 (0.014981)  wd: 0.000100 (0.000100)  time: 1.457965  data: 0.882463  max mem: 11624
Epoch: [12/100]  [ 20/197]  eta: 0:03:16  loss: 5.632426 (5.682116)  lr: 0.014981 (0.014981)  wd: 0.000100 (0.000100)  time: 0.718774  data: 0.091230  max mem: 11624
Epoch: [12/100]  [ 30/197]  eta: 0:02:50  loss: 5.543671 (5.655028)  lr: 0.014980 (0.014980)  wd: 0.000100 (0.000100)  time: 0.782297  data: 0.111663  max mem: 11624
Epoch: [12/100]  [ 40/197]  eta: 0:02:30  loss: 5.426260 (5.576808)  lr: 0.014979 (0.014980)  wd: 0.000100 (0.000100)  time: 0.800341  data: 0.129756  max mem: 11624
Epoch: [12/100]  [ 50/197]  eta: 0:02:14  loss: 5.501935 (5.607037)  lr: 0.014978 (0.014979)  wd: 0.000100 (0.000100)  time: 0.749622  data: 0.054675  max mem: 11624
Epoch: [12/100]  [ 60/197]  eta: 0:02:02  loss: 5.666153 (5.600346)  lr: 0.014977 (0.014979)  wd: 0.000100 (0.000100)  time: 0.765019  data: 0.001327  max mem: 11624
Epoch: [12/100]  [ 70/197]  eta: 0:01:52  loss: 5.523990 (5.586985)  lr: 0.014976 (0.014978)  wd: 0.000100 (0.000100)  time: 0.807179  data: 0.000208  max mem: 11624
Epoch: [12/100]  [ 80/197]  eta: 0:01:40  loss: 5.434488 (5.550450)  lr: 0.014975 (0.014978)  wd: 0.000100 (0.000100)  time: 0.752562  data: 0.000186  max mem: 11624
Epoch: [12/100]  [ 90/197]  eta: 0:01:30  loss: 5.354983 (5.544720)  lr: 0.014973 (0.014977)  wd: 0.000100 (0.000100)  time: 0.694417  data: 0.000666  max mem: 11624
Epoch: [12/100]  [100/197]  eta: 0:01:20  loss: 5.440602 (5.528716)  lr: 0.014972 (0.014977)  wd: 0.000100 (0.000100)  time: 0.721508  data: 0.000678  max mem: 11624
Epoch: [12/100]  [110/197]  eta: 0:01:11  loss: 5.454678 (5.529561)  lr: 0.014971 (0.014976)  wd: 0.000100 (0.000100)  time: 0.751270  data: 0.000206  max mem: 11624
Epoch: [12/100]  [120/197]  eta: 0:01:03  loss: 5.384302 (5.521811)  lr: 0.014970 (0.014976)  wd: 0.000100 (0.000100)  time: 0.772674  data: 0.000214  max mem: 11624
Epoch: [12/100]  [130/197]  eta: 0:00:54  loss: 5.278274 (5.506196)  lr: 0.014969 (0.014975)  wd: 0.000100 (0.000100)  time: 0.727708  data: 0.000799  max mem: 11624
Epoch: [12/100]  [140/197]  eta: 0:00:45  loss: 5.278274 (5.506936)  lr: 0.014968 (0.014974)  wd: 0.000100 (0.000100)  time: 0.709949  data: 0.000777  max mem: 11624
Epoch: [12/100]  [150/197]  eta: 0:00:37  loss: 5.188039 (5.482543)  lr: 0.014966 (0.014974)  wd: 0.000100 (0.000100)  time: 0.741520  data: 0.000180  max mem: 11624
Epoch: [12/100]  [160/197]  eta: 0:00:29  loss: 5.138712 (5.463135)  lr: 0.014965 (0.014973)  wd: 0.000100 (0.000100)  time: 0.704351  data: 0.000753  max mem: 11624
Epoch: [12/100]  [170/197]  eta: 0:00:21  loss: 5.279436 (5.458734)  lr: 0.014964 (0.014973)  wd: 0.000100 (0.000100)  time: 0.748746  data: 0.003351  max mem: 11624
Epoch: [12/100]  [180/197]  eta: 0:00:13  loss: 5.304670 (5.448118)  lr: 0.014962 (0.014972)  wd: 0.000100 (0.000100)  time: 0.756498  data: 0.004209  max mem: 11624
Epoch: [12/100]  [190/197]  eta: 0:00:05  loss: 5.267454 (5.441479)  lr: 0.014961 (0.014972)  wd: 0.000100 (0.000100)  time: 0.533717  data: 0.001569  max mem: 11624
Epoch: [12/100]  [196/197]  eta: 0:00:00  loss: 5.257244 (5.443066)  lr: 0.014960 (0.014971)  wd: 0.000100 (0.000100)  time: 0.431756  data: 0.000114  max mem: 11624
Epoch: [12/100] Total time: 0:02:29 (0.756529 s / it)
Averaged stats: loss: 5.257244 (5.463397)  lr: 0.014960 (0.014971)  wd: 0.000100 (0.000100)
Epoch: [13/100]  [  0/197]  eta: 0:27:19  loss: 5.337076 (5.337076)  lr: 0.014959 (0.014959)  wd: 0.000100 (0.000100)  time: 8.323074  data: 7.695097  max mem: 11624
Epoch: [13/100]  [ 10/197]  eta: 0:04:28  loss: 5.138945 (5.226904)  lr: 0.014958 (0.014958)  wd: 0.000100 (0.000100)  time: 1.435125  data: 0.701130  max mem: 11624
Epoch: [13/100]  [ 20/197]  eta: 0:03:15  loss: 5.122523 (5.230441)  lr: 0.014957 (0.014958)  wd: 0.000100 (0.000100)  time: 0.742268  data: 0.002181  max mem: 11624
Epoch: [13/100]  [ 30/197]  eta: 0:02:46  loss: 5.249253 (5.242919)  lr: 0.014956 (0.014957)  wd: 0.000100 (0.000100)  time: 0.752831  data: 0.002149  max mem: 11624
Epoch: [13/100]  [ 40/197]  eta: 0:02:26  loss: 5.288643 (5.258712)  lr: 0.014954 (0.014956)  wd: 0.000100 (0.000100)  time: 0.754898  data: 0.000919  max mem: 11624
Epoch: [13/100]  [ 50/197]  eta: 0:02:12  loss: 5.207207 (5.267224)  lr: 0.014953 (0.014955)  wd: 0.000100 (0.000100)  time: 0.759665  data: 0.025270  max mem: 11624
Epoch: [13/100]  [ 60/197]  eta: 0:02:00  loss: 5.195289 (5.246619)  lr: 0.014952 (0.014955)  wd: 0.000100 (0.000100)  time: 0.761574  data: 0.025287  max mem: 11624
Epoch: [13/100]  [ 70/197]  eta: 0:01:47  loss: 5.218297 (5.258875)  lr: 0.014950 (0.014954)  wd: 0.000100 (0.000100)  time: 0.713286  data: 0.002746  max mem: 11624
Epoch: [13/100]  [ 80/197]  eta: 0:01:39  loss: 5.417527 (5.283138)  lr: 0.014948 (0.014953)  wd: 0.000100 (0.000100)  time: 0.760950  data: 0.104963  max mem: 11624
Epoch: [13/100]  [ 90/197]  eta: 0:01:27  loss: 5.367165 (5.284842)  lr: 0.014947 (0.014952)  wd: 0.000100 (0.000100)  time: 0.714555  data: 0.102403  max mem: 11624
Epoch: [13/100]  [100/197]  eta: 0:01:19  loss: 5.231601 (5.267507)  lr: 0.014945 (0.014952)  wd: 0.000100 (0.000100)  time: 0.715528  data: 0.049094  max mem: 11624
Epoch: [13/100]  [110/197]  eta: 0:01:10  loss: 5.231601 (5.261559)  lr: 0.014944 (0.014951)  wd: 0.000100 (0.000100)  time: 0.781177  data: 0.051214  max mem: 11624
Epoch: [13/100]  [120/197]  eta: 0:01:02  loss: 4.903425 (5.236934)  lr: 0.014942 (0.014950)  wd: 0.000100 (0.000100)  time: 0.778087  data: 0.047301  max mem: 11624
Epoch: [13/100]  [130/197]  eta: 0:00:54  loss: 4.882550 (5.235731)  lr: 0.014940 (0.014949)  wd: 0.000100 (0.000100)  time: 0.858234  data: 0.045208  max mem: 11624
Epoch: [13/100]  [140/197]  eta: 0:00:46  loss: 4.956044 (5.216889)  lr: 0.014939 (0.014948)  wd: 0.000100 (0.000100)  time: 0.844970  data: 0.000196  max mem: 11624
Epoch: [13/100]  [150/197]  eta: 0:00:38  loss: 5.173528 (5.226805)  lr: 0.014937 (0.014948)  wd: 0.000100 (0.000100)  time: 0.762738  data: 0.001460  max mem: 11624
Epoch: [13/100]  [160/197]  eta: 0:00:29  loss: 5.382780 (5.235912)  lr: 0.014935 (0.014947)  wd: 0.000100 (0.000100)  time: 0.691866  data: 0.001939  max mem: 11624
Epoch: [13/100]  [170/197]  eta: 0:00:21  loss: 5.147685 (5.231930)  lr: 0.014934 (0.014946)  wd: 0.000100 (0.000100)  time: 0.745109  data: 0.000859  max mem: 11624
Epoch: [13/100]  [180/197]  eta: 0:00:13  loss: 5.114962 (5.231923)  lr: 0.014932 (0.014945)  wd: 0.000100 (0.000100)  time: 0.718481  data: 0.000397  max mem: 11624
Epoch: [13/100]  [190/197]  eta: 0:00:05  loss: 5.179381 (5.230149)  lr: 0.014930 (0.014944)  wd: 0.000100 (0.000100)  time: 0.488171  data: 0.000162  max mem: 11624
Epoch: [13/100]  [196/197]  eta: 0:00:00  loss: 5.141063 (5.220269)  lr: 0.014929 (0.014944)  wd: 0.000100 (0.000100)  time: 0.373091  data: 0.000129  max mem: 11624
Epoch: [13/100] Total time: 0:02:29 (0.759700 s / it)
Averaged stats: loss: 5.141063 (5.228472)  lr: 0.014929 (0.014944)  wd: 0.000100 (0.000100)
Epoch: [14/100]  [  0/197]  eta: 0:27:00  loss: 5.181050 (5.181050)  lr: 0.014927 (0.014927)  wd: 0.000100 (0.000100)  time: 8.226021  data: 7.308480  max mem: 11624
Epoch: [14/100]  [ 10/197]  eta: 0:04:35  loss: 5.117069 (5.051339)  lr: 0.014926 (0.014926)  wd: 0.000100 (0.000100)  time: 1.470641  data: 0.664547  max mem: 11624
Epoch: [14/100]  [ 20/197]  eta: 0:03:23  loss: 5.113225 (5.107086)  lr: 0.014925 (0.014925)  wd: 0.000100 (0.000100)  time: 0.797380  data: 0.000356  max mem: 11624
Epoch: [14/100]  [ 30/197]  eta: 0:02:56  loss: 5.068588 (5.078923)  lr: 0.014923 (0.014924)  wd: 0.000100 (0.000100)  time: 0.832362  data: 0.000999  max mem: 11624
Epoch: [14/100]  [ 40/197]  eta: 0:02:32  loss: 5.000545 (5.085176)  lr: 0.014921 (0.014923)  wd: 0.000100 (0.000100)  time: 0.783894  data: 0.000796  max mem: 11624
Epoch: [14/100]  [ 50/197]  eta: 0:02:15  loss: 5.114893 (5.123022)  lr: 0.014919 (0.014922)  wd: 0.000100 (0.000100)  time: 0.714848  data: 0.000480  max mem: 11624
Epoch: [14/100]  [ 60/197]  eta: 0:01:58  loss: 5.085460 (5.104453)  lr: 0.014917 (0.014921)  wd: 0.000100 (0.000100)  time: 0.646779  data: 0.000731  max mem: 11624
Epoch: [14/100]  [ 70/197]  eta: 0:01:50  loss: 5.021433 (5.083024)  lr: 0.014915 (0.014920)  wd: 0.000100 (0.000100)  time: 0.719455  data: 0.000578  max mem: 11624
Epoch: [14/100]  [ 80/197]  eta: 0:01:38  loss: 4.848692 (5.048086)  lr: 0.014913 (0.014919)  wd: 0.000100 (0.000100)  time: 0.764968  data: 0.000860  max mem: 11624
Epoch: [14/100]  [ 90/197]  eta: 0:01:27  loss: 4.870519 (5.034049)  lr: 0.014911 (0.014918)  wd: 0.000100 (0.000100)  time: 0.662023  data: 0.000913  max mem: 11624
Epoch: [14/100]  [100/197]  eta: 0:01:19  loss: 4.992241 (5.030279)  lr: 0.014909 (0.014917)  wd: 0.000100 (0.000100)  time: 0.754771  data: 0.003267  max mem: 11624
Epoch: [14/100]  [110/197]  eta: 0:01:11  loss: 5.041689 (5.032028)  lr: 0.014907 (0.014916)  wd: 0.000100 (0.000100)  time: 0.822311  data: 0.003075  max mem: 11624
Epoch: [14/100]  [120/197]  eta: 0:01:03  loss: 4.819272 (5.004690)  lr: 0.014905 (0.014915)  wd: 0.000100 (0.000100)  time: 0.868637  data: 0.000208  max mem: 11624
Epoch: [14/100]  [130/197]  eta: 0:00:55  loss: 4.819272 (4.996608)  lr: 0.014903 (0.014914)  wd: 0.000100 (0.000100)  time: 0.817740  data: 0.000734  max mem: 11624
Epoch: [14/100]  [140/197]  eta: 0:00:46  loss: 4.914882 (4.996388)  lr: 0.014901 (0.014913)  wd: 0.000100 (0.000100)  time: 0.683678  data: 0.001096  max mem: 11624
Epoch: [14/100]  [150/197]  eta: 0:00:37  loss: 4.943333 (4.999518)  lr: 0.014899 (0.014912)  wd: 0.000100 (0.000100)  time: 0.721117  data: 0.001098  max mem: 11624
Epoch: [14/100]  [160/197]  eta: 0:00:29  loss: 4.957105 (4.999339)  lr: 0.014896 (0.014911)  wd: 0.000100 (0.000100)  time: 0.746931  data: 0.000730  max mem: 11624
Epoch: [14/100]  [170/197]  eta: 0:00:21  loss: 5.052321 (4.993083)  lr: 0.014894 (0.014910)  wd: 0.000100 (0.000100)  time: 0.813985  data: 0.000184  max mem: 11624
Epoch: [14/100]  [180/197]  eta: 0:00:13  loss: 4.803282 (4.985904)  lr: 0.014892 (0.014909)  wd: 0.000100 (0.000100)  time: 0.779456  data: 0.000191  max mem: 11624
Epoch: [14/100]  [190/197]  eta: 0:00:05  loss: 4.792357 (4.977027)  lr: 0.014890 (0.014908)  wd: 0.000100 (0.000100)  time: 0.496997  data: 0.000152  max mem: 11624
Epoch: [14/100]  [196/197]  eta: 0:00:00  loss: 4.792357 (4.968553)  lr: 0.014888 (0.014907)  wd: 0.000100 (0.000100)  time: 0.360093  data: 0.000117  max mem: 11624
Epoch: [14/100] Total time: 0:02:30 (0.763343 s / it)
Averaged stats: loss: 4.792357 (4.957071)  lr: 0.014888 (0.014907)  wd: 0.000100 (0.000100)
Epoch: [15/100]  [  0/197]  eta: 0:25:50  loss: 4.435767 (4.435767)  lr: 0.014886 (0.014886)  wd: 0.000100 (0.000100)  time: 7.872504  data: 7.301228  max mem: 11624
Epoch: [15/100]  [ 10/197]  eta: 0:04:00  loss: 4.723414 (4.769114)  lr: 0.014885 (0.014885)  wd: 0.000100 (0.000100)  time: 1.284137  data: 0.663885  max mem: 11624
Epoch: [15/100]  [ 20/197]  eta: 0:03:10  loss: 4.820719 (4.773046)  lr: 0.014884 (0.014884)  wd: 0.000100 (0.000100)  time: 0.733951  data: 0.000681  max mem: 11624
Epoch: [15/100]  [ 30/197]  eta: 0:02:42  loss: 4.790221 (4.772920)  lr: 0.014881 (0.014883)  wd: 0.000100 (0.000100)  time: 0.800403  data: 0.001008  max mem: 11624
Epoch: [15/100]  [ 40/197]  eta: 0:02:21  loss: 4.821569 (4.794829)  lr: 0.014879 (0.014881)  wd: 0.000100 (0.000100)  time: 0.722412  data: 0.001035  max mem: 11624
Epoch: [15/100]  [ 50/197]  eta: 0:02:12  loss: 4.769417 (4.792501)  lr: 0.014876 (0.014880)  wd: 0.000100 (0.000100)  time: 0.789792  data: 0.022876  max mem: 11624
Epoch: [15/100]  [ 60/197]  eta: 0:01:58  loss: 4.717459 (4.789052)  lr: 0.014874 (0.014879)  wd: 0.000100 (0.000100)  time: 0.787713  data: 0.022353  max mem: 11624
Epoch: [15/100]  [ 70/197]  eta: 0:01:47  loss: 4.816277 (4.801721)  lr: 0.014872 (0.014878)  wd: 0.000100 (0.000100)  time: 0.704188  data: 0.000643  max mem: 11624
Epoch: [15/100]  [ 80/197]  eta: 0:01:36  loss: 4.596383 (4.756562)  lr: 0.014869 (0.014877)  wd: 0.000100 (0.000100)  time: 0.695816  data: 0.001730  max mem: 11624
Epoch: [15/100]  [ 90/197]  eta: 0:01:27  loss: 4.536597 (4.745540)  lr: 0.014867 (0.014875)  wd: 0.000100 (0.000100)  time: 0.718161  data: 0.001298  max mem: 11624
Epoch: [15/100]  [100/197]  eta: 0:01:18  loss: 4.940495 (4.769860)  lr: 0.014864 (0.014874)  wd: 0.000100 (0.000100)  time: 0.738017  data: 0.000750  max mem: 11624
Epoch: [15/100]  [110/197]  eta: 0:01:09  loss: 4.960975 (4.774123)  lr: 0.014862 (0.014873)  wd: 0.000100 (0.000100)  time: 0.692794  data: 0.024389  max mem: 11624
Epoch: [15/100]  [120/197]  eta: 0:01:01  loss: 4.620164 (4.757057)  lr: 0.014859 (0.014872)  wd: 0.000100 (0.000100)  time: 0.772877  data: 0.054970  max mem: 11624
Epoch: [15/100]  [130/197]  eta: 0:00:52  loss: 4.619631 (4.753001)  lr: 0.014856 (0.014870)  wd: 0.000100 (0.000100)  time: 0.761432  data: 0.031343  max mem: 11624
Epoch: [15/100]  [140/197]  eta: 0:00:44  loss: 4.827219 (4.762489)  lr: 0.014854 (0.014869)  wd: 0.000100 (0.000100)  time: 0.691809  data: 0.000193  max mem: 11624
Epoch: [15/100]  [150/197]  eta: 0:00:36  loss: 4.864011 (4.762984)  lr: 0.014851 (0.014868)  wd: 0.000100 (0.000100)  time: 0.769974  data: 0.000235  max mem: 11624
Epoch: [15/100]  [160/197]  eta: 0:00:29  loss: 4.709796 (4.747534)  lr: 0.014849 (0.014867)  wd: 0.000100 (0.000100)  time: 0.837167  data: 0.000449  max mem: 11624
Epoch: [15/100]  [170/197]  eta: 0:00:21  loss: 4.691096 (4.750902)  lr: 0.014846 (0.014865)  wd: 0.000100 (0.000100)  time: 0.791554  data: 0.000385  max mem: 11624
Epoch: [15/100]  [180/197]  eta: 0:00:13  loss: 4.701346 (4.742049)  lr: 0.014843 (0.014864)  wd: 0.000100 (0.000100)  time: 0.733677  data: 0.000184  max mem: 11624
Epoch: [15/100]  [190/197]  eta: 0:00:05  loss: 4.697910 (4.735346)  lr: 0.014841 (0.014863)  wd: 0.000100 (0.000100)  time: 0.553834  data: 0.000145  max mem: 11624
Epoch: [15/100]  [196/197]  eta: 0:00:00  loss: 4.552706 (4.728510)  lr: 0.014839 (0.014862)  wd: 0.000100 (0.000100)  time: 0.442548  data: 0.000112  max mem: 11624
Epoch: [15/100] Total time: 0:02:28 (0.751886 s / it)
Averaged stats: loss: 4.552706 (4.736627)  lr: 0.014839 (0.014862)  wd: 0.000100 (0.000100)
Epoch: [16/100]  [  0/197]  eta: 0:25:46  loss: 4.348113 (4.348113)  lr: 0.014836 (0.014836)  wd: 0.000100 (0.000100)  time: 7.849662  data: 6.893019  max mem: 11624
Epoch: [16/100]  [ 10/197]  eta: 0:04:46  loss: 4.743230 (4.671391)  lr: 0.014835 (0.014835)  wd: 0.000100 (0.000100)  time: 1.530637  data: 0.628191  max mem: 11624
Epoch: [16/100]  [ 20/197]  eta: 0:03:26  loss: 4.585553 (4.613069)  lr: 0.014833 (0.014833)  wd: 0.000100 (0.000100)  time: 0.833169  data: 0.000955  max mem: 11624
Epoch: [16/100]  [ 30/197]  eta: 0:02:45  loss: 4.514947 (4.589895)  lr: 0.014830 (0.014832)  wd: 0.000100 (0.000100)  time: 0.691650  data: 0.000748  max mem: 11624
Epoch: [16/100]  [ 40/197]  eta: 0:02:35  loss: 4.584076 (4.597691)  lr: 0.014827 (0.014831)  wd: 0.000100 (0.000100)  time: 0.808201  data: 0.000737  max mem: 11624
Epoch: [16/100]  [ 50/197]  eta: 0:02:19  loss: 4.622752 (4.590459)  lr: 0.014825 (0.014829)  wd: 0.000100 (0.000100)  time: 0.891711  data: 0.000193  max mem: 11624
Epoch: [16/100]  [ 60/197]  eta: 0:02:05  loss: 4.493629 (4.590467)  lr: 0.014822 (0.014828)  wd: 0.000100 (0.000100)  time: 0.765494  data: 0.000217  max mem: 11624
Epoch: [16/100]  [ 70/197]  eta: 0:01:53  loss: 4.623901 (4.605852)  lr: 0.014819 (0.014826)  wd: 0.000100 (0.000100)  time: 0.736691  data: 0.000244  max mem: 11624
Epoch: [16/100]  [ 80/197]  eta: 0:01:40  loss: 4.775647 (4.614131)  lr: 0.014816 (0.014825)  wd: 0.000100 (0.000100)  time: 0.695396  data: 0.001151  max mem: 11624
Epoch: [16/100]  [ 90/197]  eta: 0:01:30  loss: 4.613801 (4.599909)  lr: 0.014813 (0.014823)  wd: 0.000100 (0.000100)  time: 0.697072  data: 0.001110  max mem: 11624
Epoch: [16/100]  [100/197]  eta: 0:01:21  loss: 4.516950 (4.586440)  lr: 0.014810 (0.014822)  wd: 0.000100 (0.000100)  time: 0.726078  data: 0.000181  max mem: 11624
Epoch: [16/100]  [110/197]  eta: 0:01:12  loss: 4.464760 (4.587510)  lr: 0.014807 (0.014820)  wd: 0.000100 (0.000100)  time: 0.744055  data: 0.000193  max mem: 11624
Epoch: [16/100]  [120/197]  eta: 0:01:03  loss: 4.405098 (4.570360)  lr: 0.014804 (0.014819)  wd: 0.000100 (0.000100)  time: 0.776928  data: 0.000441  max mem: 11624
Epoch: [16/100]  [130/197]  eta: 0:00:54  loss: 4.429578 (4.557531)  lr: 0.014801 (0.014818)  wd: 0.000100 (0.000100)  time: 0.733589  data: 0.000435  max mem: 11624
Epoch: [16/100]  [140/197]  eta: 0:00:47  loss: 4.430662 (4.550115)  lr: 0.014798 (0.014816)  wd: 0.000100 (0.000100)  time: 0.842747  data: 0.000199  max mem: 11624
Epoch: [16/100]  [150/197]  eta: 0:00:38  loss: 4.426808 (4.542504)  lr: 0.014795 (0.014815)  wd: 0.000100 (0.000100)  time: 0.850861  data: 0.000184  max mem: 11624
Epoch: [16/100]  [160/197]  eta: 0:00:30  loss: 4.373943 (4.537344)  lr: 0.014792 (0.014813)  wd: 0.000100 (0.000100)  time: 0.704473  data: 0.000178  max mem: 11624
Epoch: [16/100]  [170/197]  eta: 0:00:21  loss: 4.408668 (4.531327)  lr: 0.014789 (0.014812)  wd: 0.000100 (0.000100)  time: 0.756476  data: 0.000213  max mem: 11624
Epoch: [16/100]  [180/197]  eta: 0:00:13  loss: 4.344548 (4.517812)  lr: 0.014786 (0.014810)  wd: 0.000100 (0.000100)  time: 0.708132  data: 0.000469  max mem: 11624
Epoch: [16/100]  [190/197]  eta: 0:00:05  loss: 4.243577 (4.508991)  lr: 0.014782 (0.014808)  wd: 0.000100 (0.000100)  time: 0.469446  data: 0.000401  max mem: 11624
Epoch: [16/100]  [196/197]  eta: 0:00:00  loss: 4.272867 (4.507674)  lr: 0.014780 (0.014808)  wd: 0.000100 (0.000100)  time: 0.349675  data: 0.000116  max mem: 11624
Epoch: [16/100] Total time: 0:02:30 (0.764179 s / it)
Averaged stats: loss: 4.272867 (4.538722)  lr: 0.014780 (0.014808)  wd: 0.000100 (0.000100)
Epoch: [17/100]  [  0/197]  eta: 0:28:47  loss: 4.205081 (4.205081)  lr: 0.014777 (0.014777)  wd: 0.000100 (0.000100)  time: 8.771168  data: 8.109552  max mem: 11624
Epoch: [17/100]  [ 10/197]  eta: 0:04:54  loss: 4.341757 (4.318410)  lr: 0.014776 (0.014776)  wd: 0.000100 (0.000100)  time: 1.572356  data: 0.885225  max mem: 11624
Epoch: [17/100]  [ 20/197]  eta: 0:03:10  loss: 4.351335 (4.356491)  lr: 0.014774 (0.014774)  wd: 0.000100 (0.000100)  time: 0.690310  data: 0.081469  max mem: 11624
Epoch: [17/100]  [ 30/197]  eta: 0:02:42  loss: 4.261393 (4.327618)  lr: 0.014770 (0.014772)  wd: 0.000100 (0.000100)  time: 0.643680  data: 0.001494  max mem: 11624
Epoch: [17/100]  [ 40/197]  eta: 0:02:27  loss: 4.288842 (4.348721)  lr: 0.014767 (0.014771)  wd: 0.000100 (0.000100)  time: 0.800444  data: 0.001551  max mem: 11624
Epoch: [17/100]  [ 50/197]  eta: 0:02:13  loss: 4.391862 (4.362355)  lr: 0.014764 (0.014769)  wd: 0.000100 (0.000100)  time: 0.806521  data: 0.000217  max mem: 11624
Epoch: [17/100]  [ 60/197]  eta: 0:02:01  loss: 4.376909 (4.355849)  lr: 0.014761 (0.014767)  wd: 0.000100 (0.000100)  time: 0.770370  data: 0.001059  max mem: 11624
Epoch: [17/100]  [ 70/197]  eta: 0:01:50  loss: 4.405916 (4.375715)  lr: 0.014757 (0.014766)  wd: 0.000100 (0.000100)  time: 0.783699  data: 0.001056  max mem: 11624
Epoch: [17/100]  [ 80/197]  eta: 0:01:40  loss: 4.381300 (4.367444)  lr: 0.014754 (0.014764)  wd: 0.000100 (0.000100)  time: 0.773969  data: 0.000203  max mem: 11624
Epoch: [17/100]  [ 90/197]  eta: 0:01:29  loss: 4.354786 (4.376813)  lr: 0.014750 (0.014762)  wd: 0.000100 (0.000100)  time: 0.717692  data: 0.000248  max mem: 11624
Epoch: [17/100]  [100/197]  eta: 0:01:21  loss: 4.311829 (4.358336)  lr: 0.014747 (0.014761)  wd: 0.000100 (0.000100)  time: 0.748360  data: 0.000245  max mem: 11624
Epoch: [17/100]  [110/197]  eta: 0:01:11  loss: 4.036213 (4.340034)  lr: 0.014744 (0.014759)  wd: 0.000100 (0.000100)  time: 0.764529  data: 0.000991  max mem: 11624
Epoch: [17/100]  [120/197]  eta: 0:01:04  loss: 4.237236 (4.338800)  lr: 0.014740 (0.014757)  wd: 0.000100 (0.000100)  time: 0.829295  data: 0.001052  max mem: 11624
Epoch: [17/100]  [130/197]  eta: 0:00:54  loss: 4.382854 (4.337877)  lr: 0.014737 (0.014756)  wd: 0.000100 (0.000100)  time: 0.756108  data: 0.000966  max mem: 11624
Epoch: [17/100]  [140/197]  eta: 0:00:45  loss: 4.419405 (4.330552)  lr: 0.014733 (0.014754)  wd: 0.000100 (0.000100)  time: 0.619641  data: 0.000885  max mem: 11624
Epoch: [17/100]  [150/197]  eta: 0:00:37  loss: 4.232143 (4.327638)  lr: 0.014730 (0.014752)  wd: 0.000100 (0.000100)  time: 0.717322  data: 0.000739  max mem: 11624
Epoch: [17/100]  [160/197]  eta: 0:00:29  loss: 4.197972 (4.318880)  lr: 0.014726 (0.014751)  wd: 0.000100 (0.000100)  time: 0.778318  data: 0.000737  max mem: 11624
Epoch: [17/100]  [170/197]  eta: 0:00:21  loss: 4.225770 (4.319168)  lr: 0.014723 (0.014749)  wd: 0.000100 (0.000100)  time: 0.827374  data: 0.000252  max mem: 11624
Epoch: [17/100]  [180/197]  eta: 0:00:13  loss: 4.279127 (4.313840)  lr: 0.014719 (0.014747)  wd: 0.000100 (0.000100)  time: 0.694843  data: 0.000814  max mem: 11624
Epoch: [17/100]  [190/197]  eta: 0:00:05  loss: 4.155042 (4.300664)  lr: 0.014715 (0.014745)  wd: 0.000100 (0.000100)  time: 0.448416  data: 0.000706  max mem: 11624
Epoch: [17/100]  [196/197]  eta: 0:00:00  loss: 4.190044 (4.296816)  lr: 0.014713 (0.014744)  wd: 0.000100 (0.000100)  time: 0.374000  data: 0.000116  max mem: 11624
Epoch: [17/100] Total time: 0:02:29 (0.756614 s / it)
Averaged stats: loss: 4.190044 (4.318179)  lr: 0.014713 (0.014744)  wd: 0.000100 (0.000100)
Epoch: [18/100]  [  0/197]  eta: 0:26:24  loss: 4.496794 (4.496794)  lr: 0.014709 (0.014709)  wd: 0.000100 (0.000100)  time: 8.041127  data: 6.959709  max mem: 11624
Epoch: [18/100]  [ 10/197]  eta: 0:04:32  loss: 4.090005 (4.109425)  lr: 0.014708 (0.014708)  wd: 0.000100 (0.000100)  time: 1.458022  data: 0.635007  max mem: 11624
Epoch: [18/100]  [ 20/197]  eta: 0:03:20  loss: 4.149863 (4.159795)  lr: 0.014705 (0.014706)  wd: 0.000100 (0.000100)  time: 0.788153  data: 0.001371  max mem: 11624
Epoch: [18/100]  [ 30/197]  eta: 0:02:52  loss: 4.216824 (4.163201)  lr: 0.014702 (0.014704)  wd: 0.000100 (0.000100)  time: 0.799121  data: 0.000715  max mem: 11624
Epoch: [18/100]  [ 40/197]  eta: 0:02:33  loss: 4.209059 (4.201893)  lr: 0.014698 (0.014702)  wd: 0.000100 (0.000100)  time: 0.813470  data: 0.000974  max mem: 11624
Epoch: [18/100]  [ 50/197]  eta: 0:02:17  loss: 4.209059 (4.182357)  lr: 0.014694 (0.014700)  wd: 0.000100 (0.000100)  time: 0.780648  data: 0.000460  max mem: 11624
Epoch: [18/100]  [ 60/197]  eta: 0:02:02  loss: 4.138886 (4.178117)  lr: 0.014691 (0.014698)  wd: 0.000100 (0.000100)  time: 0.724536  data: 0.000187  max mem: 11624
Epoch: [18/100]  [ 70/197]  eta: 0:01:48  loss: 4.119819 (4.165614)  lr: 0.014687 (0.014696)  wd: 0.000100 (0.000100)  time: 0.646424  data: 0.000798  max mem: 11624
Epoch: [18/100]  [ 80/197]  eta: 0:01:36  loss: 4.119819 (4.173579)  lr: 0.014683 (0.014695)  wd: 0.000100 (0.000100)  time: 0.614632  data: 0.001333  max mem: 11624
Epoch: [18/100]  [ 90/197]  eta: 0:01:29  loss: 4.204499 (4.183164)  lr: 0.014679 (0.014693)  wd: 0.000100 (0.000100)  time: 0.791486  data: 0.000708  max mem: 11624
Epoch: [18/100]  [100/197]  eta: 0:01:20  loss: 4.168181 (4.175611)  lr: 0.014675 (0.014691)  wd: 0.000100 (0.000100)  time: 0.860185  data: 0.000186  max mem: 11624
Epoch: [18/100]  [110/197]  eta: 0:01:11  loss: 4.233942 (4.192992)  lr: 0.014671 (0.014689)  wd: 0.000100 (0.000100)  time: 0.727193  data: 0.000205  max mem: 11624
Epoch: [18/100]  [120/197]  eta: 0:01:02  loss: 4.247305 (4.192318)  lr: 0.014667 (0.014687)  wd: 0.000100 (0.000100)  time: 0.682400  data: 0.000514  max mem: 11624
Epoch: [18/100]  [130/197]  eta: 0:00:53  loss: 4.113154 (4.179417)  lr: 0.014664 (0.014685)  wd: 0.000100 (0.000100)  time: 0.702960  data: 0.000510  max mem: 11624
Epoch: [18/100]  [140/197]  eta: 0:00:45  loss: 4.149469 (4.182028)  lr: 0.014660 (0.014683)  wd: 0.000100 (0.000100)  time: 0.732575  data: 0.000671  max mem: 11624
Epoch: [18/100]  [150/197]  eta: 0:00:37  loss: 4.168998 (4.176154)  lr: 0.014656 (0.014681)  wd: 0.000100 (0.000100)  time: 0.829816  data: 0.002711  max mem: 11624
Epoch: [18/100]  [160/197]  eta: 0:00:29  loss: 4.052179 (4.174434)  lr: 0.014652 (0.014679)  wd: 0.000100 (0.000100)  time: 0.773460  data: 0.002242  max mem: 11624
Epoch: [18/100]  [170/197]  eta: 0:00:21  loss: 4.214714 (4.177875)  lr: 0.014648 (0.014677)  wd: 0.000100 (0.000100)  time: 0.730306  data: 0.000192  max mem: 11624
Epoch: [18/100]  [180/197]  eta: 0:00:13  loss: 4.214714 (4.173654)  lr: 0.014644 (0.014675)  wd: 0.000100 (0.000100)  time: 0.765226  data: 0.000212  max mem: 11624
Epoch: [18/100]  [190/197]  eta: 0:00:05  loss: 4.185968 (4.179014)  lr: 0.014639 (0.014673)  wd: 0.000100 (0.000100)  time: 0.558594  data: 0.000175  max mem: 11624
Epoch: [18/100]  [196/197]  eta: 0:00:00  loss: 4.185968 (4.175564)  lr: 0.014637 (0.014672)  wd: 0.000100 (0.000100)  time: 0.401529  data: 0.000127  max mem: 11624
Epoch: [18/100] Total time: 0:02:29 (0.761113 s / it)
Averaged stats: loss: 4.185968 (4.173863)  lr: 0.014637 (0.014672)  wd: 0.000100 (0.000100)
Epoch: [19/100]  [  0/197]  eta: 0:26:14  loss: 4.329062 (4.329062)  lr: 0.014633 (0.014633)  wd: 0.000100 (0.000100)  time: 7.991368  data: 7.475588  max mem: 11624
Epoch: [19/100]  [ 10/197]  eta: 0:04:27  loss: 3.989221 (3.887833)  lr: 0.014631 (0.014631)  wd: 0.000100 (0.000100)  time: 1.429145  data: 0.679748  max mem: 11624
Epoch: [19/100]  [ 20/197]  eta: 0:03:13  loss: 3.829990 (3.900536)  lr: 0.014628 (0.014629)  wd: 0.000100 (0.000100)  time: 0.750226  data: 0.000176  max mem: 11624
Epoch: [19/100]  [ 30/197]  eta: 0:02:47  loss: 4.154883 (4.012930)  lr: 0.014624 (0.014627)  wd: 0.000100 (0.000100)  time: 0.765797  data: 0.047682  max mem: 11624
Epoch: [19/100]  [ 40/197]  eta: 0:02:26  loss: 4.215392 (4.048147)  lr: 0.014620 (0.014625)  wd: 0.000100 (0.000100)  time: 0.768539  data: 0.100734  max mem: 11624
Epoch: [19/100]  [ 50/197]  eta: 0:02:13  loss: 4.032954 (4.024047)  lr: 0.014616 (0.014623)  wd: 0.000100 (0.000100)  time: 0.762994  data: 0.097777  max mem: 11624
Epoch: [19/100]  [ 60/197]  eta: 0:01:59  loss: 3.974766 (4.023849)  lr: 0.014612 (0.014620)  wd: 0.000100 (0.000100)  time: 0.739875  data: 0.045579  max mem: 11624
Epoch: [19/100]  [ 70/197]  eta: 0:01:47  loss: 3.940411 (4.015164)  lr: 0.014607 (0.014618)  wd: 0.000100 (0.000100)  time: 0.679179  data: 0.029292  max mem: 11624
Epoch: [19/100]  [ 80/197]  eta: 0:01:37  loss: 3.940411 (4.005404)  lr: 0.014603 (0.014616)  wd: 0.000100 (0.000100)  time: 0.722201  data: 0.059571  max mem: 11624
Epoch: [19/100]  [ 90/197]  eta: 0:01:29  loss: 3.946552 (4.007630)  lr: 0.014599 (0.014614)  wd: 0.000100 (0.000100)  time: 0.806458  data: 0.075370  max mem: 11624
Epoch: [19/100]  [100/197]  eta: 0:01:21  loss: 4.097186 (4.016509)  lr: 0.014595 (0.014612)  wd: 0.000100 (0.000100)  time: 0.878474  data: 0.044236  max mem: 11624
Epoch: [19/100]  [110/197]  eta: 0:01:12  loss: 4.068854 (4.007965)  lr: 0.014590 (0.014610)  wd: 0.000100 (0.000100)  time: 0.799856  data: 0.000200  max mem: 11624
Epoch: [19/100]  [120/197]  eta: 0:01:02  loss: 3.810693 (3.991350)  lr: 0.014586 (0.014608)  wd: 0.000100 (0.000100)  time: 0.651119  data: 0.000198  max mem: 11624
Epoch: [19/100]  [130/197]  eta: 0:00:55  loss: 3.956811 (3.998091)  lr: 0.014582 (0.014606)  wd: 0.000100 (0.000100)  time: 0.784688  data: 0.046489  max mem: 11624
Epoch: [19/100]  [140/197]  eta: 0:00:46  loss: 3.987219 (3.997387)  lr: 0.014577 (0.014603)  wd: 0.000100 (0.000100)  time: 0.805933  data: 0.046481  max mem: 11624
Epoch: [19/100]  [150/197]  eta: 0:00:37  loss: 3.814246 (3.990632)  lr: 0.014573 (0.014601)  wd: 0.000100 (0.000100)  time: 0.692889  data: 0.000211  max mem: 11624
Epoch: [19/100]  [160/197]  eta: 0:00:29  loss: 3.814246 (3.983844)  lr: 0.014568 (0.014599)  wd: 0.000100 (0.000100)  time: 0.791271  data: 0.000396  max mem: 11624
Epoch: [19/100]  [170/197]  eta: 0:00:21  loss: 3.927131 (3.980553)  lr: 0.014564 (0.014597)  wd: 0.000100 (0.000100)  time: 0.815733  data: 0.001348  max mem: 11624
Epoch: [19/100]  [180/197]  eta: 0:00:13  loss: 3.935710 (3.974592)  lr: 0.014559 (0.014595)  wd: 0.000100 (0.000100)  time: 0.729652  data: 0.001178  max mem: 11624
Epoch: [19/100]  [190/197]  eta: 0:00:05  loss: 3.935710 (3.971018)  lr: 0.014555 (0.014593)  wd: 0.000100 (0.000100)  time: 0.509731  data: 0.000149  max mem: 11624
Epoch: [19/100]  [196/197]  eta: 0:00:00  loss: 3.749994 (3.955845)  lr: 0.014552 (0.014591)  wd: 0.000100 (0.000100)  time: 0.369943  data: 0.000119  max mem: 11624
Epoch: [19/100] Total time: 0:02:30 (0.763234 s / it)
Averaged stats: loss: 3.749994 (3.958189)  lr: 0.014552 (0.014591)  wd: 0.000100 (0.000100)
Epoch: [20/100]  [  0/197]  eta: 0:27:54  loss: 3.950141 (3.950141)  lr: 0.014548 (0.014548)  wd: 0.000100 (0.000100)  time: 8.501772  data: 7.628583  max mem: 11624
Epoch: [20/100]  [ 10/197]  eta: 0:04:49  loss: 3.812395 (3.808914)  lr: 0.014545 (0.014545)  wd: 0.000100 (0.000100)  time: 1.547478  data: 0.695595  max mem: 11624
Epoch: [20/100]  [ 20/197]  eta: 0:03:18  loss: 3.724320 (3.790678)  lr: 0.014543 (0.014543)  wd: 0.000100 (0.000100)  time: 0.754245  data: 0.002123  max mem: 11624
Epoch: [20/100]  [ 30/197]  eta: 0:02:42  loss: 3.716757 (3.780919)  lr: 0.014538 (0.014541)  wd: 0.000100 (0.000100)  time: 0.658913  data: 0.002021  max mem: 11624
Epoch: [20/100]  [ 40/197]  eta: 0:02:30  loss: 3.934854 (3.835848)  lr: 0.014534 (0.014539)  wd: 0.000100 (0.000100)  time: 0.791529  data: 0.004541  max mem: 11624
Epoch: [20/100]  [ 50/197]  eta: 0:02:15  loss: 3.952652 (3.822721)  lr: 0.014529 (0.014536)  wd: 0.000100 (0.000100)  time: 0.835040  data: 0.003842  max mem: 11624
Epoch: [20/100]  [ 60/197]  eta: 0:02:01  loss: 3.716106 (3.820023)  lr: 0.014524 (0.014534)  wd: 0.000100 (0.000100)  time: 0.731544  data: 0.000446  max mem: 11624
Epoch: [20/100]  [ 70/197]  eta: 0:01:49  loss: 3.635960 (3.783016)  lr: 0.014520 (0.014532)  wd: 0.000100 (0.000100)  time: 0.704783  data: 0.000290  max mem: 11624
Epoch: [20/100]  [ 80/197]  eta: 0:01:39  loss: 3.608477 (3.768901)  lr: 0.014515 (0.014529)  wd: 0.000100 (0.000100)  time: 0.729553  data: 0.000273  max mem: 11624
Epoch: [20/100]  [ 90/197]  eta: 0:01:30  loss: 3.657709 (3.762215)  lr: 0.014510 (0.014527)  wd: 0.000100 (0.000100)  time: 0.783576  data: 0.000394  max mem: 11624
Epoch: [20/100]  [100/197]  eta: 0:01:21  loss: 3.820837 (3.753417)  lr: 0.014505 (0.014525)  wd: 0.000100 (0.000100)  time: 0.788823  data: 0.000427  max mem: 11624
Epoch: [20/100]  [110/197]  eta: 0:01:12  loss: 3.790688 (3.757795)  lr: 0.014501 (0.014522)  wd: 0.000100 (0.000100)  time: 0.799640  data: 0.000255  max mem: 11624
Epoch: [20/100]  [120/197]  eta: 0:01:03  loss: 3.790688 (3.757038)  lr: 0.014496 (0.014520)  wd: 0.000100 (0.000100)  time: 0.769592  data: 0.000927  max mem: 11624
Epoch: [20/100]  [130/197]  eta: 0:00:54  loss: 3.732585 (3.757168)  lr: 0.014491 (0.014518)  wd: 0.000100 (0.000100)  time: 0.690515  data: 0.000885  max mem: 11624
Epoch: [20/100]  [140/197]  eta: 0:00:46  loss: 3.732585 (3.754780)  lr: 0.014486 (0.014515)  wd: 0.000100 (0.000100)  time: 0.746001  data: 0.003094  max mem: 11624
Epoch: [20/100]  [150/197]  eta: 0:00:37  loss: 3.679152 (3.743850)  lr: 0.014481 (0.014513)  wd: 0.000100 (0.000100)  time: 0.719860  data: 0.003786  max mem: 11624
Epoch: [20/100]  [160/197]  eta: 0:00:29  loss: 3.554961 (3.738522)  lr: 0.014477 (0.014510)  wd: 0.000100 (0.000100)  time: 0.597263  data: 0.002674  max mem: 11624
Epoch: [20/100]  [170/197]  eta: 0:00:21  loss: 3.569550 (3.733512)  lr: 0.014472 (0.014508)  wd: 0.000100 (0.000100)  time: 0.761966  data: 0.002215  max mem: 11624
Epoch: [20/100]  [180/197]  eta: 0:00:13  loss: 3.669456 (3.723287)  lr: 0.014467 (0.014506)  wd: 0.000100 (0.000100)  time: 0.820919  data: 0.000455  max mem: 11624
Epoch: [20/100]  [190/197]  eta: 0:00:05  loss: 3.737802 (3.722912)  lr: 0.014462 (0.014503)  wd: 0.000100 (0.000100)  time: 0.567888  data: 0.000182  max mem: 11624
Epoch: [20/100]  [196/197]  eta: 0:00:00  loss: 3.738102 (3.722552)  lr: 0.014459 (0.014502)  wd: 0.000100 (0.000100)  time: 0.449094  data: 0.000155  max mem: 11624
Epoch: [20/100] Total time: 0:02:29 (0.760285 s / it)
Averaged stats: loss: 3.738102 (3.738277)  lr: 0.014459 (0.014502)  wd: 0.000100 (0.000100)
Epoch: [21/100]  [  0/197]  eta: 0:19:43  loss: 3.427589 (3.427589)  lr: 0.014454 (0.014454)  wd: 0.000100 (0.000100)  time: 6.009776  data: 5.531360  max mem: 11624
Epoch: [21/100]  [ 10/197]  eta: 0:03:36  loss: 3.427589 (3.576599)  lr: 0.014451 (0.014451)  wd: 0.000100 (0.000100)  time: 1.155122  data: 0.668909  max mem: 11624
Epoch: [21/100]  [ 20/197]  eta: 0:02:55  loss: 3.564862 (3.603026)  lr: 0.014448 (0.014449)  wd: 0.000100 (0.000100)  time: 0.739641  data: 0.148905  max mem: 11624
Epoch: [21/100]  [ 30/197]  eta: 0:02:30  loss: 3.545713 (3.574704)  lr: 0.014443 (0.014446)  wd: 0.000100 (0.000100)  time: 0.761292  data: 0.064881  max mem: 11624
Epoch: [21/100]  [ 40/197]  eta: 0:02:15  loss: 3.516623 (3.572632)  lr: 0.014438 (0.014444)  wd: 0.000100 (0.000100)  time: 0.730869  data: 0.076655  max mem: 11624
Epoch: [21/100]  [ 50/197]  eta: 0:02:01  loss: 3.575482 (3.591688)  lr: 0.014433 (0.014441)  wd: 0.000100 (0.000100)  time: 0.711198  data: 0.111413  max mem: 11624
Epoch: [21/100]  [ 60/197]  eta: 0:01:53  loss: 3.658703 (3.618190)  lr: 0.014428 (0.014439)  wd: 0.000100 (0.000100)  time: 0.763866  data: 0.151334  max mem: 11624
Epoch: [21/100]  [ 70/197]  eta: 0:01:45  loss: 3.617475 (3.607568)  lr: 0.014423 (0.014436)  wd: 0.000100 (0.000100)  time: 0.853153  data: 0.133502  max mem: 11624
Epoch: [21/100]  [ 80/197]  eta: 0:01:34  loss: 3.498127 (3.590932)  lr: 0.014418 (0.014434)  wd: 0.000100 (0.000100)  time: 0.729503  data: 0.024950  max mem: 11624
Epoch: [21/100]  [ 90/197]  eta: 0:01:26  loss: 3.451694 (3.577033)  lr: 0.014413 (0.014431)  wd: 0.000100 (0.000100)  time: 0.736828  data: 0.023356  max mem: 11624
Epoch: [21/100]  [100/197]  eta: 0:01:18  loss: 3.507752 (3.579953)  lr: 0.014408 (0.014429)  wd: 0.000100 (0.000100)  time: 0.814148  data: 0.022726  max mem: 11624
Epoch: [21/100]  [110/197]  eta: 0:01:09  loss: 3.534594 (3.582687)  lr: 0.014403 (0.014426)  wd: 0.000100 (0.000100)  time: 0.761643  data: 0.000197  max mem: 11624
Epoch: [21/100]  [120/197]  eta: 0:01:01  loss: 3.575832 (3.584898)  lr: 0.014397 (0.014424)  wd: 0.000100 (0.000100)  time: 0.756032  data: 0.000724  max mem: 11624
Epoch: [21/100]  [130/197]  eta: 0:00:52  loss: 3.607579 (3.586190)  lr: 0.014392 (0.014421)  wd: 0.000100 (0.000100)  time: 0.709208  data: 0.001239  max mem: 11624
Epoch: [21/100]  [140/197]  eta: 0:00:45  loss: 3.660615 (3.592713)  lr: 0.014387 (0.014418)  wd: 0.000100 (0.000100)  time: 0.744280  data: 0.000708  max mem: 11624
Epoch: [21/100]  [150/197]  eta: 0:00:36  loss: 3.493575 (3.578718)  lr: 0.014382 (0.014416)  wd: 0.000100 (0.000100)  time: 0.730782  data: 0.000166  max mem: 11624
Epoch: [21/100]  [160/197]  eta: 0:00:29  loss: 3.463353 (3.575562)  lr: 0.014376 (0.014413)  wd: 0.000100 (0.000100)  time: 0.767966  data: 0.000182  max mem: 11624
Epoch: [21/100]  [170/197]  eta: 0:00:21  loss: 3.465901 (3.566413)  lr: 0.014371 (0.014411)  wd: 0.000100 (0.000100)  time: 0.795469  data: 0.000183  max mem: 11624
Epoch: [21/100]  [180/197]  eta: 0:00:13  loss: 3.343477 (3.556990)  lr: 0.014366 (0.014408)  wd: 0.000100 (0.000100)  time: 0.726244  data: 0.000185  max mem: 11624
Epoch: [21/100]  [190/197]  eta: 0:00:05  loss: 3.320327 (3.546117)  lr: 0.014360 (0.014405)  wd: 0.000100 (0.000100)  time: 0.543527  data: 0.000146  max mem: 11624
Epoch: [21/100]  [196/197]  eta: 0:00:00  loss: 3.320327 (3.545680)  lr: 0.014357 (0.014404)  wd: 0.000100 (0.000100)  time: 0.379377  data: 0.000114  max mem: 11624
Epoch: [21/100] Total time: 0:02:27 (0.746831 s / it)
Averaged stats: loss: 3.320327 (3.544475)  lr: 0.014357 (0.014404)  wd: 0.000100 (0.000100)
Epoch: [22/100]  [  0/197]  eta: 0:26:41  loss: 3.821285 (3.821285)  lr: 0.014352 (0.014352)  wd: 0.000100 (0.000100)  time: 8.127961  data: 6.948430  max mem: 11624
Epoch: [22/100]  [ 10/197]  eta: 0:04:18  loss: 3.599723 (3.627242)  lr: 0.014349 (0.014349)  wd: 0.000100 (0.000100)  time: 1.379835  data: 0.776145  max mem: 11624
Epoch: [22/100]  [ 20/197]  eta: 0:03:04  loss: 3.456354 (3.526057)  lr: 0.014346 (0.014346)  wd: 0.000100 (0.000100)  time: 0.690983  data: 0.138183  max mem: 11624
Epoch: [22/100]  [ 30/197]  eta: 0:02:38  loss: 3.423377 (3.519386)  lr: 0.014340 (0.014343)  wd: 0.000100 (0.000100)  time: 0.714393  data: 0.076737  max mem: 11624
Epoch: [22/100]  [ 40/197]  eta: 0:02:20  loss: 3.379528 (3.475051)  lr: 0.014335 (0.014341)  wd: 0.000100 (0.000100)  time: 0.734131  data: 0.018616  max mem: 11624
Epoch: [22/100]  [ 50/197]  eta: 0:02:16  loss: 3.368034 (3.472786)  lr: 0.014329 (0.014338)  wd: 0.000100 (0.000100)  time: 0.888927  data: 0.072775  max mem: 11624
Epoch: [22/100]  [ 60/197]  eta: 0:02:01  loss: 3.385996 (3.456295)  lr: 0.014324 (0.014335)  wd: 0.000100 (0.000100)  time: 0.873711  data: 0.073537  max mem: 11624
Epoch: [22/100]  [ 70/197]  eta: 0:01:48  loss: 3.373818 (3.449331)  lr: 0.014318 (0.014333)  wd: 0.000100 (0.000100)  time: 0.680639  data: 0.001468  max mem: 11624
Epoch: [22/100]  [ 80/197]  eta: 0:01:37  loss: 3.346954 (3.436650)  lr: 0.014313 (0.014330)  wd: 0.000100 (0.000100)  time: 0.659774  data: 0.000197  max mem: 11624
Epoch: [22/100]  [ 90/197]  eta: 0:01:28  loss: 3.379781 (3.439870)  lr: 0.014307 (0.014327)  wd: 0.000100 (0.000100)  time: 0.702614  data: 0.000224  max mem: 11624
Epoch: [22/100]  [100/197]  eta: 0:01:19  loss: 3.448155 (3.434222)  lr: 0.014302 (0.014324)  wd: 0.000100 (0.000100)  time: 0.776016  data: 0.000227  max mem: 11624
Epoch: [22/100]  [110/197]  eta: 0:01:10  loss: 3.392749 (3.428818)  lr: 0.014296 (0.014321)  wd: 0.000100 (0.000100)  time: 0.778833  data: 0.000189  max mem: 11624
Epoch: [22/100]  [120/197]  eta: 0:01:03  loss: 3.398409 (3.435449)  lr: 0.014290 (0.014319)  wd: 0.000100 (0.000100)  time: 0.837787  data: 0.001739  max mem: 11624
Epoch: [22/100]  [130/197]  eta: 0:00:54  loss: 3.498626 (3.451359)  lr: 0.014285 (0.014316)  wd: 0.000100 (0.000100)  time: 0.843605  data: 0.001729  max mem: 11624
Epoch: [22/100]  [140/197]  eta: 0:00:46  loss: 3.371285 (3.440848)  lr: 0.014279 (0.014313)  wd: 0.000100 (0.000100)  time: 0.734045  data: 0.001616  max mem: 11624
Epoch: [22/100]  [150/197]  eta: 0:00:37  loss: 3.196054 (3.422038)  lr: 0.014273 (0.014310)  wd: 0.000100 (0.000100)  time: 0.702886  data: 0.002201  max mem: 11624
Epoch: [22/100]  [160/197]  eta: 0:00:29  loss: 3.318302 (3.430198)  lr: 0.014268 (0.014307)  wd: 0.000100 (0.000100)  time: 0.735541  data: 0.000751  max mem: 11624
Epoch: [22/100]  [170/197]  eta: 0:00:21  loss: 3.363087 (3.417602)  lr: 0.014262 (0.014305)  wd: 0.000100 (0.000100)  time: 0.744394  data: 0.000663  max mem: 11624
Epoch: [22/100]  [180/197]  eta: 0:00:13  loss: 3.177387 (3.403593)  lr: 0.014256 (0.014302)  wd: 0.000100 (0.000100)  time: 0.687558  data: 0.000681  max mem: 11624
Epoch: [22/100]  [190/197]  eta: 0:00:05  loss: 3.209834 (3.392827)  lr: 0.014250 (0.014299)  wd: 0.000100 (0.000100)  time: 0.495163  data: 0.000167  max mem: 11624
Epoch: [22/100]  [196/197]  eta: 0:00:00  loss: 3.209834 (3.388941)  lr: 0.014247 (0.014297)  wd: 0.000100 (0.000100)  time: 0.383355  data: 0.000131  max mem: 11624
Epoch: [22/100] Total time: 0:02:28 (0.753091 s / it)
Averaged stats: loss: 3.209834 (3.375129)  lr: 0.014247 (0.014297)  wd: 0.000100 (0.000100)
Epoch: [23/100]  [  0/197]  eta: 0:22:38  loss: 2.871906 (2.871906)  lr: 0.014241 (0.014241)  wd: 0.000100 (0.000100)  time: 6.894170  data: 5.994207  max mem: 11624
Epoch: [23/100]  [ 10/197]  eta: 0:04:34  loss: 3.256056 (3.296410)  lr: 0.014238 (0.014238)  wd: 0.000100 (0.000100)  time: 1.468418  data: 0.644714  max mem: 11624
Epoch: [23/100]  [ 20/197]  eta: 0:03:18  loss: 3.254357 (3.320532)  lr: 0.014235 (0.014235)  wd: 0.000100 (0.000100)  time: 0.835316  data: 0.055941  max mem: 11624
Epoch: [23/100]  [ 30/197]  eta: 0:02:46  loss: 3.392662 (3.362630)  lr: 0.014229 (0.014232)  wd: 0.000100 (0.000100)  time: 0.735620  data: 0.002315  max mem: 11624
Epoch: [23/100]  [ 40/197]  eta: 0:02:27  loss: 3.404093 (3.369850)  lr: 0.014223 (0.014229)  wd: 0.000100 (0.000100)  time: 0.741182  data: 0.001358  max mem: 11624
Epoch: [23/100]  [ 50/197]  eta: 0:02:14  loss: 3.328777 (3.368179)  lr: 0.014217 (0.014226)  wd: 0.000100 (0.000100)  time: 0.787325  data: 0.000209  max mem: 11624
Epoch: [23/100]  [ 60/197]  eta: 0:01:59  loss: 3.328777 (3.362475)  lr: 0.014211 (0.014223)  wd: 0.000100 (0.000100)  time: 0.732042  data: 0.001431  max mem: 11624
Epoch: [23/100]  [ 70/197]  eta: 0:01:48  loss: 3.191078 (3.342240)  lr: 0.014205 (0.014220)  wd: 0.000100 (0.000100)  time: 0.715846  data: 0.003059  max mem: 11624
Epoch: [23/100]  [ 80/197]  eta: 0:01:39  loss: 3.228977 (3.330519)  lr: 0.014199 (0.014217)  wd: 0.000100 (0.000100)  time: 0.775834  data: 0.001821  max mem: 11624
Epoch: [23/100]  [ 90/197]  eta: 0:01:28  loss: 3.274468 (3.339162)  lr: 0.014193 (0.014215)  wd: 0.000100 (0.000100)  time: 0.715659  data: 0.000225  max mem: 11624
Epoch: [23/100]  [100/197]  eta: 0:01:19  loss: 3.342417 (3.332314)  lr: 0.014187 (0.014212)  wd: 0.000100 (0.000100)  time: 0.704091  data: 0.000949  max mem: 11624
Epoch: [23/100]  [110/197]  eta: 0:01:10  loss: 3.221503 (3.318237)  lr: 0.014181 (0.014209)  wd: 0.000100 (0.000100)  time: 0.715376  data: 0.000907  max mem: 11624
Epoch: [23/100]  [120/197]  eta: 0:01:02  loss: 3.149046 (3.308137)  lr: 0.014175 (0.014206)  wd: 0.000100 (0.000100)  time: 0.756729  data: 0.001394  max mem: 11624
Epoch: [23/100]  [130/197]  eta: 0:00:53  loss: 3.235760 (3.304284)  lr: 0.014169 (0.014203)  wd: 0.000100 (0.000100)  time: 0.796722  data: 0.001842  max mem: 11624
Epoch: [23/100]  [140/197]  eta: 0:00:45  loss: 3.182235 (3.289930)  lr: 0.014163 (0.014200)  wd: 0.000100 (0.000100)  time: 0.738145  data: 0.001165  max mem: 11624
Epoch: [23/100]  [150/197]  eta: 0:00:37  loss: 3.115692 (3.284416)  lr: 0.014157 (0.014197)  wd: 0.000100 (0.000100)  time: 0.715511  data: 0.000701  max mem: 11624
Epoch: [23/100]  [160/197]  eta: 0:00:29  loss: 3.121205 (3.274390)  lr: 0.014151 (0.014194)  wd: 0.000100 (0.000100)  time: 0.709877  data: 0.000723  max mem: 11624
Epoch: [23/100]  [170/197]  eta: 0:00:21  loss: 3.082750 (3.261159)  lr: 0.014144 (0.014190)  wd: 0.000100 (0.000100)  time: 0.747974  data: 0.000750  max mem: 11624
Epoch: [23/100]  [180/197]  eta: 0:00:13  loss: 3.059352 (3.244658)  lr: 0.014138 (0.014187)  wd: 0.000100 (0.000100)  time: 0.738540  data: 0.000201  max mem: 11624
Epoch: [23/100]  [190/197]  eta: 0:00:05  loss: 3.065982 (3.241745)  lr: 0.014132 (0.014184)  wd: 0.000100 (0.000100)  time: 0.568714  data: 0.015992  max mem: 11624
Epoch: [23/100]  [196/197]  eta: 0:00:00  loss: 3.164111 (3.241370)  lr: 0.014128 (0.014183)  wd: 0.000100 (0.000100)  time: 0.477791  data: 0.019976  max mem: 11624
Epoch: [23/100] Total time: 0:02:28 (0.753863 s / it)
Averaged stats: loss: 3.164111 (3.225550)  lr: 0.014128 (0.014183)  wd: 0.000100 (0.000100)
Epoch: [24/100]  [  0/197]  eta: 0:27:49  loss: 3.175658 (3.175658)  lr: 0.014122 (0.014122)  wd: 0.000100 (0.000100)  time: 8.472826  data: 7.740184  max mem: 11624
Epoch: [24/100]  [ 10/197]  eta: 0:04:30  loss: 2.841231 (2.949041)  lr: 0.014119 (0.014119)  wd: 0.000100 (0.000100)  time: 1.445448  data: 0.736654  max mem: 11624
Epoch: [24/100]  [ 20/197]  eta: 0:03:19  loss: 3.061089 (3.080809)  lr: 0.014115 (0.014116)  wd: 0.000100 (0.000100)  time: 0.761330  data: 0.069055  max mem: 11624
Epoch: [24/100]  [ 30/197]  eta: 0:02:47  loss: 3.197638 (3.107656)  lr: 0.014109 (0.014113)  wd: 0.000100 (0.000100)  time: 0.757345  data: 0.114111  max mem: 11624
Epoch: [24/100]  [ 40/197]  eta: 0:02:32  loss: 2.966138 (3.064844)  lr: 0.014103 (0.014110)  wd: 0.000100 (0.000100)  time: 0.808371  data: 0.129406  max mem: 11624
Epoch: [24/100]  [ 50/197]  eta: 0:02:17  loss: 3.011393 (3.073015)  lr: 0.014096 (0.014106)  wd: 0.000100 (0.000100)  time: 0.832271  data: 0.066287  max mem: 11624
Epoch: [24/100]  [ 60/197]  eta: 0:02:01  loss: 3.228318 (3.092466)  lr: 0.014090 (0.014103)  wd: 0.000100 (0.000100)  time: 0.702596  data: 0.000181  max mem: 11624
Epoch: [24/100]  [ 70/197]  eta: 0:01:48  loss: 3.191283 (3.089362)  lr: 0.014084 (0.014100)  wd: 0.000100 (0.000100)  time: 0.648268  data: 0.000485  max mem: 11624
Epoch: [24/100]  [ 80/197]  eta: 0:01:37  loss: 3.049173 (3.088070)  lr: 0.014077 (0.014097)  wd: 0.000100 (0.000100)  time: 0.681051  data: 0.013769  max mem: 11624
Epoch: [24/100]  [ 90/197]  eta: 0:01:28  loss: 3.049173 (3.080190)  lr: 0.014071 (0.014094)  wd: 0.000100 (0.000100)  time: 0.750312  data: 0.030913  max mem: 11624
Epoch: [24/100]  [100/197]  eta: 0:01:20  loss: 3.070756 (3.088882)  lr: 0.014065 (0.014091)  wd: 0.000100 (0.000100)  time: 0.803674  data: 0.044025  max mem: 11624
Epoch: [24/100]  [110/197]  eta: 0:01:12  loss: 3.057739 (3.078005)  lr: 0.014058 (0.014087)  wd: 0.000100 (0.000100)  time: 0.812579  data: 0.049722  max mem: 11624
Epoch: [24/100]  [120/197]  eta: 0:01:02  loss: 2.981113 (3.072645)  lr: 0.014052 (0.014084)  wd: 0.000100 (0.000100)  time: 0.748797  data: 0.030132  max mem: 11624
Epoch: [24/100]  [130/197]  eta: 0:00:54  loss: 3.021614 (3.083141)  lr: 0.014045 (0.014081)  wd: 0.000100 (0.000100)  time: 0.740240  data: 0.038755  max mem: 11624
Epoch: [24/100]  [140/197]  eta: 0:00:46  loss: 3.141901 (3.084092)  lr: 0.014039 (0.014078)  wd: 0.000100 (0.000100)  time: 0.801537  data: 0.064730  max mem: 11624
Epoch: [24/100]  [150/197]  eta: 0:00:37  loss: 3.039063 (3.078957)  lr: 0.014032 (0.014075)  wd: 0.000100 (0.000100)  time: 0.712894  data: 0.055190  max mem: 11624
Epoch: [24/100]  [160/197]  eta: 0:00:30  loss: 3.013144 (3.072797)  lr: 0.014026 (0.014071)  wd: 0.000100 (0.000100)  time: 0.857774  data: 0.160170  max mem: 11624
Epoch: [24/100]  [170/197]  eta: 0:00:21  loss: 2.955365 (3.066667)  lr: 0.014019 (0.014068)  wd: 0.000100 (0.000100)  time: 0.884578  data: 0.137939  max mem: 11624
Epoch: [24/100]  [180/197]  eta: 0:00:13  loss: 2.950374 (3.065907)  lr: 0.014012 (0.014065)  wd: 0.000100 (0.000100)  time: 0.718277  data: 0.000182  max mem: 11624
Epoch: [24/100]  [190/197]  eta: 0:00:05  loss: 2.902308 (3.059569)  lr: 0.014006 (0.014062)  wd: 0.000100 (0.000100)  time: 0.532037  data: 0.000140  max mem: 11624
Epoch: [24/100]  [196/197]  eta: 0:00:00  loss: 2.999196 (3.057445)  lr: 0.014002 (0.014060)  wd: 0.000100 (0.000100)  time: 0.436322  data: 0.000104  max mem: 11624
Epoch: [24/100] Total time: 0:02:31 (0.769302 s / it)
Averaged stats: loss: 2.999196 (3.058981)  lr: 0.014002 (0.014060)  wd: 0.000100 (0.000100)
Epoch: [25/100]  [  0/197]  eta: 0:24:31  loss: 3.170245 (3.170245)  lr: 0.013995 (0.013995)  wd: 0.000100 (0.000100)  time: 7.467799  data: 6.773144  max mem: 11624
Epoch: [25/100]  [ 10/197]  eta: 0:04:05  loss: 2.864561 (2.949871)  lr: 0.013992 (0.013992)  wd: 0.000100 (0.000100)  time: 1.311511  data: 0.749448  max mem: 11624
Epoch: [25/100]  [ 20/197]  eta: 0:03:02  loss: 2.864407 (2.889400)  lr: 0.013988 (0.013989)  wd: 0.000100 (0.000100)  time: 0.706620  data: 0.073623  max mem: 11624
Epoch: [25/100]  [ 30/197]  eta: 0:02:35  loss: 2.900384 (2.912818)  lr: 0.013981 (0.013985)  wd: 0.000100 (0.000100)  time: 0.720198  data: 0.026025  max mem: 11624
Epoch: [25/100]  [ 40/197]  eta: 0:02:22  loss: 2.901946 (2.898585)  lr: 0.013975 (0.013982)  wd: 0.000100 (0.000100)  time: 0.778338  data: 0.081621  max mem: 11624
Epoch: [25/100]  [ 50/197]  eta: 0:02:09  loss: 2.822370 (2.907104)  lr: 0.013968 (0.013979)  wd: 0.000100 (0.000100)  time: 0.811759  data: 0.056158  max mem: 11624
Epoch: [25/100]  [ 60/197]  eta: 0:01:58  loss: 2.928661 (2.896112)  lr: 0.013961 (0.013975)  wd: 0.000100 (0.000100)  time: 0.783144  data: 0.073383  max mem: 11624
Epoch: [25/100]  [ 70/197]  eta: 0:01:48  loss: 2.901606 (2.900773)  lr: 0.013954 (0.013972)  wd: 0.000100 (0.000100)  time: 0.771169  data: 0.129416  max mem: 11624
Epoch: [25/100]  [ 80/197]  eta: 0:01:37  loss: 2.964259 (2.912032)  lr: 0.013948 (0.013968)  wd: 0.000100 (0.000100)  time: 0.745050  data: 0.070547  max mem: 11624
Epoch: [25/100]  [ 90/197]  eta: 0:01:28  loss: 3.063968 (2.931912)  lr: 0.013941 (0.013965)  wd: 0.000100 (0.000100)  time: 0.727731  data: 0.021576  max mem: 11624
Epoch: [25/100]  [100/197]  eta: 0:01:21  loss: 2.888746 (2.925207)  lr: 0.013934 (0.013962)  wd: 0.000100 (0.000100)  time: 0.835811  data: 0.007628  max mem: 11624
Epoch: [25/100]  [110/197]  eta: 0:01:11  loss: 2.871062 (2.927823)  lr: 0.013927 (0.013958)  wd: 0.000100 (0.000100)  time: 0.831307  data: 0.000223  max mem: 11624
Epoch: [25/100]  [120/197]  eta: 0:01:02  loss: 2.887203 (2.934670)  lr: 0.013920 (0.013955)  wd: 0.000100 (0.000100)  time: 0.713648  data: 0.000756  max mem: 11624
Epoch: [25/100]  [130/197]  eta: 0:00:53  loss: 2.887203 (2.933692)  lr: 0.013913 (0.013951)  wd: 0.000100 (0.000100)  time: 0.692814  data: 0.000712  max mem: 11624
Epoch: [25/100]  [140/197]  eta: 0:00:45  loss: 2.977112 (2.937740)  lr: 0.013906 (0.013948)  wd: 0.000100 (0.000100)  time: 0.685618  data: 0.000209  max mem: 11624
Epoch: [25/100]  [150/197]  eta: 0:00:37  loss: 2.977112 (2.941672)  lr: 0.013900 (0.013945)  wd: 0.000100 (0.000100)  time: 0.708860  data: 0.000225  max mem: 11624
Epoch: [25/100]  [160/197]  eta: 0:00:29  loss: 3.062929 (2.947492)  lr: 0.013893 (0.013941)  wd: 0.000100 (0.000100)  time: 0.737070  data: 0.000216  max mem: 11624
Epoch: [25/100]  [170/197]  eta: 0:00:21  loss: 2.896542 (2.945236)  lr: 0.013886 (0.013938)  wd: 0.000100 (0.000100)  time: 0.854605  data: 0.000199  max mem: 11624
Epoch: [25/100]  [180/197]  eta: 0:00:13  loss: 2.870737 (2.947426)  lr: 0.013879 (0.013934)  wd: 0.000100 (0.000100)  time: 0.745004  data: 0.000190  max mem: 11624
Epoch: [25/100]  [190/197]  eta: 0:00:05  loss: 2.879947 (2.943181)  lr: 0.013872 (0.013931)  wd: 0.000100 (0.000100)  time: 0.462217  data: 0.000148  max mem: 11624
Epoch: [25/100]  [196/197]  eta: 0:00:00  loss: 2.815266 (2.938505)  lr: 0.013867 (0.013929)  wd: 0.000100 (0.000100)  time: 0.395277  data: 0.000119  max mem: 11624
Epoch: [25/100] Total time: 0:02:28 (0.752679 s / it)
Averaged stats: loss: 2.815266 (2.943720)  lr: 0.013867 (0.013929)  wd: 0.000100 (0.000100)
Epoch: [26/100]  [  0/197]  eta: 0:27:16  loss: 3.000813 (3.000813)  lr: 0.013860 (0.013860)  wd: 0.000100 (0.000100)  time: 8.309454  data: 7.551259  max mem: 11624
Epoch: [26/100]  [ 10/197]  eta: 0:04:51  loss: 2.806846 (2.818632)  lr: 0.013857 (0.013857)  wd: 0.000100 (0.000100)  time: 1.556867  data: 0.869479  max mem: 11624
Epoch: [26/100]  [ 20/197]  eta: 0:03:21  loss: 2.854831 (2.842398)  lr: 0.013853 (0.013853)  wd: 0.000100 (0.000100)  time: 0.780723  data: 0.100815  max mem: 11624
Epoch: [26/100]  [ 30/197]  eta: 0:02:55  loss: 2.878780 (2.838406)  lr: 0.013846 (0.013850)  wd: 0.000100 (0.000100)  time: 0.771810  data: 0.000416  max mem: 11624
Epoch: [26/100]  [ 40/197]  eta: 0:02:33  loss: 2.751268 (2.824284)  lr: 0.013839 (0.013846)  wd: 0.000100 (0.000100)  time: 0.804225  data: 0.000354  max mem: 11624
Epoch: [26/100]  [ 50/197]  eta: 0:02:12  loss: 2.812527 (2.852248)  lr: 0.013831 (0.013843)  wd: 0.000100 (0.000100)  time: 0.670676  data: 0.000762  max mem: 11624
Epoch: [26/100]  [ 60/197]  eta: 0:01:59  loss: 3.107357 (2.891612)  lr: 0.013824 (0.013839)  wd: 0.000100 (0.000100)  time: 0.655191  data: 0.001070  max mem: 11624
Epoch: [26/100]  [ 70/197]  eta: 0:01:47  loss: 2.955027 (2.894866)  lr: 0.013817 (0.013836)  wd: 0.000100 (0.000100)  time: 0.700206  data: 0.002192  max mem: 11624
Epoch: [26/100]  [ 80/197]  eta: 0:01:39  loss: 2.888439 (2.883341)  lr: 0.013810 (0.013832)  wd: 0.000100 (0.000100)  time: 0.794870  data: 0.002729  max mem: 11624
Epoch: [26/100]  [ 90/197]  eta: 0:01:28  loss: 2.895862 (2.896889)  lr: 0.013803 (0.013828)  wd: 0.000100 (0.000100)  time: 0.782647  data: 0.002736  max mem: 11624
Epoch: [26/100]  [100/197]  eta: 0:01:20  loss: 2.925690 (2.901359)  lr: 0.013796 (0.013825)  wd: 0.000100 (0.000100)  time: 0.726306  data: 0.001889  max mem: 11624
Epoch: [26/100]  [110/197]  eta: 0:01:11  loss: 2.767678 (2.895256)  lr: 0.013788 (0.013821)  wd: 0.000100 (0.000100)  time: 0.768499  data: 0.000940  max mem: 11624
Epoch: [26/100]  [120/197]  eta: 0:01:02  loss: 2.714903 (2.886575)  lr: 0.013781 (0.013818)  wd: 0.000100 (0.000100)  time: 0.729126  data: 0.000951  max mem: 11624
Epoch: [26/100]  [130/197]  eta: 0:00:53  loss: 2.769046 (2.895669)  lr: 0.013774 (0.013814)  wd: 0.000100 (0.000100)  time: 0.723875  data: 0.000546  max mem: 11624
Epoch: [26/100]  [140/197]  eta: 0:00:45  loss: 2.894503 (2.898659)  lr: 0.013766 (0.013810)  wd: 0.000100 (0.000100)  time: 0.763862  data: 0.001479  max mem: 11624
Epoch: [26/100]  [150/197]  eta: 0:00:38  loss: 2.856346 (2.895784)  lr: 0.013759 (0.013807)  wd: 0.000100 (0.000100)  time: 0.833518  data: 0.002996  max mem: 11624
Epoch: [26/100]  [160/197]  eta: 0:00:29  loss: 2.850278 (2.890547)  lr: 0.013752 (0.013803)  wd: 0.000100 (0.000100)  time: 0.707350  data: 0.002061  max mem: 11624
Epoch: [26/100]  [170/197]  eta: 0:00:21  loss: 2.744847 (2.881443)  lr: 0.013744 (0.013800)  wd: 0.000100 (0.000100)  time: 0.759764  data: 0.000297  max mem: 11624
Epoch: [26/100]  [180/197]  eta: 0:00:13  loss: 2.849453 (2.878990)  lr: 0.013737 (0.013796)  wd: 0.000100 (0.000100)  time: 0.817415  data: 0.000289  max mem: 11624
Epoch: [26/100]  [190/197]  eta: 0:00:05  loss: 2.842836 (2.874376)  lr: 0.013730 (0.013792)  wd: 0.000100 (0.000100)  time: 0.504681  data: 0.000155  max mem: 11624
Epoch: [26/100]  [196/197]  eta: 0:00:00  loss: 2.842836 (2.870301)  lr: 0.013725 (0.013790)  wd: 0.000100 (0.000100)  time: 0.391049  data: 0.000116  max mem: 11624
Epoch: [26/100] Total time: 0:02:29 (0.759730 s / it)
Averaged stats: loss: 2.842836 (2.853810)  lr: 0.013725 (0.013790)  wd: 0.000100 (0.000100)
Epoch: [27/100]  [  0/197]  eta: 0:24:18  loss: 2.690796 (2.690796)  lr: 0.013718 (0.013718)  wd: 0.000100 (0.000100)  time: 7.403037  data: 6.626384  max mem: 11624
Epoch: [27/100]  [ 10/197]  eta: 0:04:25  loss: 2.668759 (2.644932)  lr: 0.013714 (0.013714)  wd: 0.000100 (0.000100)  time: 1.419915  data: 0.649898  max mem: 11624
Epoch: [27/100]  [ 20/197]  eta: 0:03:10  loss: 2.672065 (2.736625)  lr: 0.013710 (0.013710)  wd: 0.000100 (0.000100)  time: 0.760222  data: 0.026205  max mem: 11624
Epoch: [27/100]  [ 30/197]  eta: 0:02:39  loss: 2.704488 (2.704246)  lr: 0.013702 (0.013707)  wd: 0.000100 (0.000100)  time: 0.698582  data: 0.021594  max mem: 11624
Epoch: [27/100]  [ 40/197]  eta: 0:02:24  loss: 2.679549 (2.717566)  lr: 0.013695 (0.013703)  wd: 0.000100 (0.000100)  time: 0.761795  data: 0.082644  max mem: 11624
Epoch: [27/100]  [ 50/197]  eta: 0:02:12  loss: 2.651085 (2.694780)  lr: 0.013687 (0.013699)  wd: 0.000100 (0.000100)  time: 0.824383  data: 0.138190  max mem: 11624
Epoch: [27/100]  [ 60/197]  eta: 0:02:02  loss: 2.622864 (2.703630)  lr: 0.013680 (0.013695)  wd: 0.000100 (0.000100)  time: 0.831888  data: 0.138516  max mem: 11624
Epoch: [27/100]  [ 70/197]  eta: 0:01:50  loss: 2.636323 (2.694711)  lr: 0.013672 (0.013692)  wd: 0.000100 (0.000100)  time: 0.791045  data: 0.061741  max mem: 11624
Epoch: [27/100]  [ 80/197]  eta: 0:01:41  loss: 2.636323 (2.695072)  lr: 0.013665 (0.013688)  wd: 0.000100 (0.000100)  time: 0.791614  data: 0.000389  max mem: 11624
Epoch: [27/100]  [ 90/197]  eta: 0:01:30  loss: 2.741942 (2.698605)  lr: 0.013657 (0.013684)  wd: 0.000100 (0.000100)  time: 0.743946  data: 0.000408  max mem: 11624
Epoch: [27/100]  [100/197]  eta: 0:01:19  loss: 2.733866 (2.701413)  lr: 0.013649 (0.013680)  wd: 0.000100 (0.000100)  time: 0.633597  data: 0.000675  max mem: 11624
Epoch: [27/100]  [110/197]  eta: 0:01:09  loss: 2.593734 (2.689202)  lr: 0.013642 (0.013677)  wd: 0.000100 (0.000100)  time: 0.601030  data: 0.001060  max mem: 11624
Epoch: [27/100]  [120/197]  eta: 0:01:01  loss: 2.554936 (2.684843)  lr: 0.013634 (0.013673)  wd: 0.000100 (0.000100)  time: 0.711797  data: 0.044759  max mem: 11624
Epoch: [27/100]  [130/197]  eta: 0:00:53  loss: 2.530813 (2.667369)  lr: 0.013627 (0.013669)  wd: 0.000100 (0.000100)  time: 0.818828  data: 0.044528  max mem: 11624
Epoch: [27/100]  [140/197]  eta: 0:00:45  loss: 2.495963 (2.671056)  lr: 0.013619 (0.013665)  wd: 0.000100 (0.000100)  time: 0.762863  data: 0.000584  max mem: 11624
Epoch: [27/100]  [150/197]  eta: 0:00:37  loss: 2.620889 (2.669711)  lr: 0.013611 (0.013661)  wd: 0.000100 (0.000100)  time: 0.737526  data: 0.001294  max mem: 11624
Epoch: [27/100]  [160/197]  eta: 0:00:29  loss: 2.562120 (2.660730)  lr: 0.013603 (0.013658)  wd: 0.000100 (0.000100)  time: 0.757999  data: 0.001851  max mem: 11624
Epoch: [27/100]  [170/197]  eta: 0:00:21  loss: 2.492209 (2.654267)  lr: 0.013596 (0.013654)  wd: 0.000100 (0.000100)  time: 0.791394  data: 0.003115  max mem: 11624
Epoch: [27/100]  [180/197]  eta: 0:00:13  loss: 2.665145 (2.664050)  lr: 0.013588 (0.013650)  wd: 0.000100 (0.000100)  time: 0.800826  data: 0.002544  max mem: 11624
Epoch: [27/100]  [190/197]  eta: 0:00:05  loss: 2.677771 (2.656246)  lr: 0.013580 (0.013646)  wd: 0.000100 (0.000100)  time: 0.585738  data: 0.000162  max mem: 11624
Epoch: [27/100]  [196/197]  eta: 0:00:00  loss: 2.677771 (2.657706)  lr: 0.013576 (0.013644)  wd: 0.000100 (0.000100)  time: 0.405207  data: 0.000113  max mem: 11624
Epoch: [27/100] Total time: 0:02:30 (0.765026 s / it)
Averaged stats: loss: 2.677771 (2.664445)  lr: 0.013576 (0.013644)  wd: 0.000100 (0.000100)
Epoch: [28/100]  [  0/197]  eta: 0:26:22  loss: 2.736013 (2.736013)  lr: 0.013568 (0.013568)  wd: 0.000100 (0.000100)  time: 8.032154  data: 7.322289  max mem: 11624
Epoch: [28/100]  [ 10/197]  eta: 0:04:11  loss: 2.581056 (2.548560)  lr: 0.013564 (0.013564)  wd: 0.000100 (0.000100)  time: 1.345339  data: 0.773344  max mem: 11624
Epoch: [28/100]  [ 20/197]  eta: 0:03:07  loss: 2.557918 (2.581354)  lr: 0.013559 (0.013560)  wd: 0.000100 (0.000100)  time: 0.712313  data: 0.059333  max mem: 11624
Epoch: [28/100]  [ 30/197]  eta: 0:02:35  loss: 2.537405 (2.538221)  lr: 0.013551 (0.013556)  wd: 0.000100 (0.000100)  time: 0.700324  data: 0.000430  max mem: 11624
Epoch: [28/100]  [ 40/197]  eta: 0:02:19  loss: 2.576226 (2.578194)  lr: 0.013543 (0.013552)  wd: 0.000100 (0.000100)  time: 0.702641  data: 0.000424  max mem: 11624
Epoch: [28/100]  [ 50/197]  eta: 0:02:06  loss: 2.605603 (2.583467)  lr: 0.013536 (0.013548)  wd: 0.000100 (0.000100)  time: 0.753304  data: 0.001330  max mem: 11624
Epoch: [28/100]  [ 60/197]  eta: 0:01:52  loss: 2.529852 (2.581317)  lr: 0.013528 (0.013544)  wd: 0.000100 (0.000100)  time: 0.687674  data: 0.001872  max mem: 11624
Epoch: [28/100]  [ 70/197]  eta: 0:01:48  loss: 2.568716 (2.581393)  lr: 0.013520 (0.013540)  wd: 0.000100 (0.000100)  time: 0.831604  data: 0.060406  max mem: 11624
Epoch: [28/100]  [ 80/197]  eta: 0:01:36  loss: 2.591200 (2.586044)  lr: 0.013512 (0.013536)  wd: 0.000100 (0.000100)  time: 0.821477  data: 0.059847  max mem: 11624
Epoch: [28/100]  [ 90/197]  eta: 0:01:27  loss: 2.508894 (2.576572)  lr: 0.013504 (0.013532)  wd: 0.000100 (0.000100)  time: 0.676023  data: 0.002453  max mem: 11624
Epoch: [28/100]  [100/197]  eta: 0:01:17  loss: 2.508894 (2.572959)  lr: 0.013496 (0.013528)  wd: 0.000100 (0.000100)  time: 0.728184  data: 0.014616  max mem: 11624
Epoch: [28/100]  [110/197]  eta: 0:01:10  loss: 2.484951 (2.563265)  lr: 0.013488 (0.013524)  wd: 0.000100 (0.000100)  time: 0.783780  data: 0.073633  max mem: 11624
Epoch: [28/100]  [120/197]  eta: 0:01:01  loss: 2.421149 (2.557889)  lr: 0.013480 (0.013520)  wd: 0.000100 (0.000100)  time: 0.816530  data: 0.108035  max mem: 11624
Epoch: [28/100]  [130/197]  eta: 0:00:53  loss: 2.566276 (2.560295)  lr: 0.013472 (0.013516)  wd: 0.000100 (0.000100)  time: 0.793402  data: 0.088127  max mem: 11624
Epoch: [28/100]  [140/197]  eta: 0:00:45  loss: 2.491367 (2.555583)  lr: 0.013464 (0.013512)  wd: 0.000100 (0.000100)  time: 0.796647  data: 0.061703  max mem: 11624
Epoch: [28/100]  [150/197]  eta: 0:00:37  loss: 2.487789 (2.547776)  lr: 0.013456 (0.013508)  wd: 0.000100 (0.000100)  time: 0.743249  data: 0.020328  max mem: 11624
Epoch: [28/100]  [160/197]  eta: 0:00:29  loss: 2.356761 (2.533445)  lr: 0.013448 (0.013504)  wd: 0.000100 (0.000100)  time: 0.662276  data: 0.000195  max mem: 11624
Epoch: [28/100]  [170/197]  eta: 0:00:21  loss: 2.355129 (2.537082)  lr: 0.013440 (0.013500)  wd: 0.000100 (0.000100)  time: 0.764212  data: 0.050212  max mem: 11624
Epoch: [28/100]  [180/197]  eta: 0:00:13  loss: 2.542337 (2.534214)  lr: 0.013431 (0.013496)  wd: 0.000100 (0.000100)  time: 0.863641  data: 0.050224  max mem: 11624
Epoch: [28/100]  [190/197]  eta: 0:00:05  loss: 2.390977 (2.531365)  lr: 0.013423 (0.013492)  wd: 0.000100 (0.000100)  time: 0.565323  data: 0.000150  max mem: 11624
Epoch: [28/100]  [196/197]  eta: 0:00:00  loss: 2.371982 (2.523222)  lr: 0.013418 (0.013490)  wd: 0.000100 (0.000100)  time: 0.385068  data: 0.000106  max mem: 11624
Epoch: [28/100] Total time: 0:02:29 (0.757478 s / it)
Averaged stats: loss: 2.371982 (2.524069)  lr: 0.013418 (0.013490)  wd: 0.000100 (0.000100)
Epoch: [29/100]  [  0/197]  eta: 0:26:49  loss: 2.115479 (2.115479)  lr: 0.013410 (0.013410)  wd: 0.000100 (0.000100)  time: 8.172359  data: 7.556217  max mem: 11624
Epoch: [29/100]  [ 10/197]  eta: 0:04:07  loss: 2.359537 (2.493317)  lr: 0.013406 (0.013406)  wd: 0.000100 (0.000100)  time: 1.321046  data: 0.717879  max mem: 11624
Epoch: [29/100]  [ 20/197]  eta: 0:03:06  loss: 2.391382 (2.496092)  lr: 0.013401 (0.013402)  wd: 0.000100 (0.000100)  time: 0.695593  data: 0.017126  max mem: 11624
Epoch: [29/100]  [ 30/197]  eta: 0:02:36  loss: 2.391382 (2.449502)  lr: 0.013393 (0.013398)  wd: 0.000100 (0.000100)  time: 0.725426  data: 0.000187  max mem: 11624
Epoch: [29/100]  [ 40/197]  eta: 0:02:19  loss: 2.445287 (2.446391)  lr: 0.013385 (0.013394)  wd: 0.000100 (0.000100)  time: 0.714609  data: 0.000186  max mem: 11624
Epoch: [29/100]  [ 50/197]  eta: 0:02:03  loss: 2.416785 (2.460473)  lr: 0.013376 (0.013390)  wd: 0.000100 (0.000100)  time: 0.685524  data: 0.001743  max mem: 11624
Epoch: [29/100]  [ 60/197]  eta: 0:01:56  loss: 2.407291 (2.441771)  lr: 0.013368 (0.013386)  wd: 0.000100 (0.000100)  time: 0.771029  data: 0.123507  max mem: 11624
Epoch: [29/100]  [ 70/197]  eta: 0:01:47  loss: 2.431424 (2.448326)  lr: 0.013360 (0.013381)  wd: 0.000100 (0.000100)  time: 0.854448  data: 0.134722  max mem: 11624
Epoch: [29/100]  [ 80/197]  eta: 0:01:39  loss: 2.445895 (2.448964)  lr: 0.013352 (0.013377)  wd: 0.000100 (0.000100)  time: 0.852031  data: 0.012955  max mem: 11624
Epoch: [29/100]  [ 90/197]  eta: 0:01:29  loss: 2.417231 (2.440131)  lr: 0.013343 (0.013373)  wd: 0.000100 (0.000100)  time: 0.814156  data: 0.000199  max mem: 11624
Epoch: [29/100]  [100/197]  eta: 0:01:19  loss: 2.359615 (2.430821)  lr: 0.013335 (0.013369)  wd: 0.000100 (0.000100)  time: 0.704172  data: 0.000847  max mem: 11624
Epoch: [29/100]  [110/197]  eta: 0:01:11  loss: 2.347509 (2.426845)  lr: 0.013327 (0.013365)  wd: 0.000100 (0.000100)  time: 0.780238  data: 0.000841  max mem: 11624
Epoch: [29/100]  [120/197]  eta: 0:01:02  loss: 2.360109 (2.423403)  lr: 0.013318 (0.013361)  wd: 0.000100 (0.000100)  time: 0.748230  data: 0.001692  max mem: 11624
Epoch: [29/100]  [130/197]  eta: 0:00:54  loss: 2.399858 (2.424993)  lr: 0.013310 (0.013356)  wd: 0.000100 (0.000100)  time: 0.743487  data: 0.004239  max mem: 11624
Epoch: [29/100]  [140/197]  eta: 0:00:46  loss: 2.299215 (2.413980)  lr: 0.013301 (0.013352)  wd: 0.000100 (0.000100)  time: 0.818309  data: 0.002762  max mem: 11624
Epoch: [29/100]  [150/197]  eta: 0:00:37  loss: 2.278139 (2.416249)  lr: 0.013293 (0.013348)  wd: 0.000100 (0.000100)  time: 0.731172  data: 0.000223  max mem: 11624
Epoch: [29/100]  [160/197]  eta: 0:00:29  loss: 2.361928 (2.415265)  lr: 0.013285 (0.013344)  wd: 0.000100 (0.000100)  time: 0.731591  data: 0.000196  max mem: 11624
Epoch: [29/100]  [170/197]  eta: 0:00:21  loss: 2.343215 (2.406059)  lr: 0.013276 (0.013340)  wd: 0.000100 (0.000100)  time: 0.752033  data: 0.000209  max mem: 11624
Epoch: [29/100]  [180/197]  eta: 0:00:13  loss: 2.236877 (2.404656)  lr: 0.013268 (0.013336)  wd: 0.000100 (0.000100)  time: 0.674862  data: 0.000234  max mem: 11624
Epoch: [29/100]  [190/197]  eta: 0:00:05  loss: 2.308198 (2.402599)  lr: 0.013259 (0.013331)  wd: 0.000100 (0.000100)  time: 0.488968  data: 0.000172  max mem: 11624
Epoch: [29/100]  [196/197]  eta: 0:00:00  loss: 2.280666 (2.399948)  lr: 0.013254 (0.013329)  wd: 0.000100 (0.000100)  time: 0.374114  data: 0.000122  max mem: 11624
Epoch: [29/100] Total time: 0:02:28 (0.752998 s / it)
Averaged stats: loss: 2.280666 (2.396295)  lr: 0.013254 (0.013329)  wd: 0.000100 (0.000100)
Epoch: [30/100]  [  0/197]  eta: 0:29:10  loss: 2.029732 (2.029732)  lr: 0.013245 (0.013245)  wd: 0.000100 (0.000100)  time: 8.886019  data: 7.956159  max mem: 11624
Epoch: [30/100]  [ 10/197]  eta: 0:04:56  loss: 2.204793 (2.315120)  lr: 0.013241 (0.013241)  wd: 0.000100 (0.000100)  time: 1.585517  data: 0.723464  max mem: 11624
Epoch: [30/100]  [ 20/197]  eta: 0:03:33  loss: 2.204793 (2.313718)  lr: 0.013236 (0.013237)  wd: 0.000100 (0.000100)  time: 0.819893  data: 0.001215  max mem: 11624
Epoch: [30/100]  [ 30/197]  eta: 0:03:00  loss: 2.286098 (2.319732)  lr: 0.013227 (0.013233)  wd: 0.000100 (0.000100)  time: 0.807098  data: 0.001856  max mem: 11624
Epoch: [30/100]  [ 40/197]  eta: 0:02:35  loss: 2.355099 (2.327550)  lr: 0.013219 (0.013228)  wd: 0.000100 (0.000100)  time: 0.767793  data: 0.000831  max mem: 11624
Epoch: [30/100]  [ 50/197]  eta: 0:02:18  loss: 2.403299 (2.340522)  lr: 0.013210 (0.013224)  wd: 0.000100 (0.000100)  time: 0.726162  data: 0.000181  max mem: 11624
Epoch: [30/100]  [ 60/197]  eta: 0:02:06  loss: 2.218498 (2.323188)  lr: 0.013202 (0.013220)  wd: 0.000100 (0.000100)  time: 0.780360  data: 0.001250  max mem: 11624
Epoch: [30/100]  [ 70/197]  eta: 0:01:54  loss: 2.218498 (2.313754)  lr: 0.013193 (0.013215)  wd: 0.000100 (0.000100)  time: 0.790192  data: 0.001251  max mem: 11624
Epoch: [30/100]  [ 80/197]  eta: 0:01:42  loss: 2.259040 (2.309548)  lr: 0.013184 (0.013211)  wd: 0.000100 (0.000100)  time: 0.734693  data: 0.000194  max mem: 11624
Epoch: [30/100]  [ 90/197]  eta: 0:01:32  loss: 2.264956 (2.307695)  lr: 0.013176 (0.013207)  wd: 0.000100 (0.000100)  time: 0.732643  data: 0.000204  max mem: 11624
Epoch: [30/100]  [100/197]  eta: 0:01:21  loss: 2.327178 (2.314865)  lr: 0.013167 (0.013202)  wd: 0.000100 (0.000100)  time: 0.693997  data: 0.000751  max mem: 11624
Epoch: [30/100]  [110/197]  eta: 0:01:11  loss: 2.398300 (2.322334)  lr: 0.013158 (0.013198)  wd: 0.000100 (0.000100)  time: 0.621715  data: 0.000742  max mem: 11624
Epoch: [30/100]  [120/197]  eta: 0:01:02  loss: 2.316257 (2.317810)  lr: 0.013150 (0.013194)  wd: 0.000100 (0.000100)  time: 0.688646  data: 0.000184  max mem: 11624
Epoch: [30/100]  [130/197]  eta: 0:00:54  loss: 2.211589 (2.312298)  lr: 0.013141 (0.013189)  wd: 0.000100 (0.000100)  time: 0.798122  data: 0.000187  max mem: 11624
Epoch: [30/100]  [140/197]  eta: 0:00:46  loss: 2.234390 (2.315223)  lr: 0.013132 (0.013185)  wd: 0.000100 (0.000100)  time: 0.799030  data: 0.000397  max mem: 11624
Epoch: [30/100]  [150/197]  eta: 0:00:38  loss: 2.202072 (2.310602)  lr: 0.013123 (0.013181)  wd: 0.000100 (0.000100)  time: 0.776138  data: 0.001612  max mem: 11624
Epoch: [30/100]  [160/197]  eta: 0:00:29  loss: 2.241304 (2.313761)  lr: 0.013114 (0.013176)  wd: 0.000100 (0.000100)  time: 0.776268  data: 0.002835  max mem: 11624
Epoch: [30/100]  [170/197]  eta: 0:00:21  loss: 2.241304 (2.309445)  lr: 0.013106 (0.013172)  wd: 0.000100 (0.000100)  time: 0.767839  data: 0.001620  max mem: 11624
Epoch: [30/100]  [180/197]  eta: 0:00:13  loss: 2.167639 (2.303009)  lr: 0.013097 (0.013168)  wd: 0.000100 (0.000100)  time: 0.691693  data: 0.000192  max mem: 11624
Epoch: [30/100]  [190/197]  eta: 0:00:05  loss: 2.186317 (2.299425)  lr: 0.013088 (0.013163)  wd: 0.000100 (0.000100)  time: 0.502341  data: 0.000154  max mem: 11624
Epoch: [30/100]  [196/197]  eta: 0:00:00  loss: 2.255334 (2.304737)  lr: 0.013083 (0.013161)  wd: 0.000100 (0.000100)  time: 0.396123  data: 0.000117  max mem: 11624
Epoch: [30/100] Total time: 0:02:30 (0.763567 s / it)
Averaged stats: loss: 2.255334 (2.286673)  lr: 0.013083 (0.013161)  wd: 0.000100 (0.000100)
Epoch: [31/100]  [  0/197]  eta: 0:29:14  loss: 2.352201 (2.352201)  lr: 0.013074 (0.013074)  wd: 0.000100 (0.000100)  time: 8.905952  data: 8.052235  max mem: 11624
Epoch: [31/100]  [ 10/197]  eta: 0:04:33  loss: 2.275846 (2.207521)  lr: 0.013069 (0.013069)  wd: 0.000100 (0.000100)  time: 1.463157  data: 0.734196  max mem: 11624
Epoch: [31/100]  [ 20/197]  eta: 0:03:12  loss: 2.223048 (2.231769)  lr: 0.013064 (0.013065)  wd: 0.000100 (0.000100)  time: 0.696894  data: 0.001837  max mem: 11624
Epoch: [31/100]  [ 30/197]  eta: 0:02:44  loss: 2.290498 (2.244419)  lr: 0.013055 (0.013060)  wd: 0.000100 (0.000100)  time: 0.725766  data: 0.021826  max mem: 11624
Epoch: [31/100]  [ 40/197]  eta: 0:02:28  loss: 2.318845 (2.251108)  lr: 0.013046 (0.013056)  wd: 0.000100 (0.000100)  time: 0.795879  data: 0.021279  max mem: 11624
Epoch: [31/100]  [ 50/197]  eta: 0:02:13  loss: 2.253578 (2.235865)  lr: 0.013037 (0.013051)  wd: 0.000100 (0.000100)  time: 0.786276  data: 0.002080  max mem: 11624
Epoch: [31/100]  [ 60/197]  eta: 0:02:04  loss: 2.253578 (2.244344)  lr: 0.013028 (0.013047)  wd: 0.000100 (0.000100)  time: 0.825828  data: 0.002459  max mem: 11624
Epoch: [31/100]  [ 70/197]  eta: 0:01:51  loss: 2.334893 (2.261927)  lr: 0.013019 (0.013042)  wd: 0.000100 (0.000100)  time: 0.786352  data: 0.001082  max mem: 11624
Epoch: [31/100]  [ 80/197]  eta: 0:01:39  loss: 2.262792 (2.251325)  lr: 0.013010 (0.013038)  wd: 0.000100 (0.000100)  time: 0.683000  data: 0.000705  max mem: 11624
Epoch: [31/100]  [ 90/197]  eta: 0:01:28  loss: 2.166214 (2.250230)  lr: 0.013001 (0.013033)  wd: 0.000100 (0.000100)  time: 0.671433  data: 0.029963  max mem: 11624
Epoch: [31/100]  [100/197]  eta: 0:01:20  loss: 2.174414 (2.250706)  lr: 0.012992 (0.013029)  wd: 0.000100 (0.000100)  time: 0.744572  data: 0.061769  max mem: 11624
Epoch: [31/100]  [110/197]  eta: 0:01:11  loss: 2.154541 (2.248602)  lr: 0.012983 (0.013024)  wd: 0.000100 (0.000100)  time: 0.815375  data: 0.032001  max mem: 11624
Epoch: [31/100]  [120/197]  eta: 0:01:03  loss: 2.201345 (2.248365)  lr: 0.012974 (0.013020)  wd: 0.000100 (0.000100)  time: 0.772933  data: 0.000366  max mem: 11624
Epoch: [31/100]  [130/197]  eta: 0:00:55  loss: 2.259513 (2.249272)  lr: 0.012965 (0.013015)  wd: 0.000100 (0.000100)  time: 0.871366  data: 0.000357  max mem: 11624
Epoch: [31/100]  [140/197]  eta: 0:00:46  loss: 2.261495 (2.245347)  lr: 0.012956 (0.013011)  wd: 0.000100 (0.000100)  time: 0.796230  data: 0.000380  max mem: 11624
Epoch: [31/100]  [150/197]  eta: 0:00:38  loss: 2.109873 (2.237773)  lr: 0.012947 (0.013006)  wd: 0.000100 (0.000100)  time: 0.682652  data: 0.001088  max mem: 11624
Epoch: [31/100]  [160/197]  eta: 0:00:30  loss: 2.175372 (2.240078)  lr: 0.012937 (0.013002)  wd: 0.000100 (0.000100)  time: 0.824301  data: 0.001991  max mem: 11624
Epoch: [31/100]  [170/197]  eta: 0:00:21  loss: 2.268738 (2.241449)  lr: 0.012928 (0.012997)  wd: 0.000100 (0.000100)  time: 0.750400  data: 0.001411  max mem: 11624
Epoch: [31/100]  [180/197]  eta: 0:00:13  loss: 2.164036 (2.238795)  lr: 0.012919 (0.012993)  wd: 0.000100 (0.000100)  time: 0.615537  data: 0.000327  max mem: 11624
Epoch: [31/100]  [190/197]  eta: 0:00:05  loss: 2.139740 (2.236044)  lr: 0.012910 (0.012988)  wd: 0.000100 (0.000100)  time: 0.482870  data: 0.000188  max mem: 11624
Epoch: [31/100]  [196/197]  eta: 0:00:00  loss: 2.194671 (2.236330)  lr: 0.012904 (0.012985)  wd: 0.000100 (0.000100)  time: 0.360540  data: 0.000147  max mem: 11624
Epoch: [31/100] Total time: 0:02:29 (0.760641 s / it)
Averaged stats: loss: 2.194671 (2.234501)  lr: 0.012904 (0.012985)  wd: 0.000100 (0.000100)
Epoch: [32/100]  [  0/197]  eta: 0:27:48  loss: 2.298743 (2.298743)  lr: 0.012895 (0.012895)  wd: 0.000100 (0.000100)  time: 8.467676  data: 7.820093  max mem: 11624
Epoch: [32/100]  [ 10/197]  eta: 0:05:12  loss: 2.162184 (2.214486)  lr: 0.012891 (0.012891)  wd: 0.000100 (0.000100)  time: 1.669530  data: 1.126771  max mem: 11624
Epoch: [32/100]  [ 20/197]  eta: 0:03:21  loss: 2.066212 (2.162074)  lr: 0.012885 (0.012886)  wd: 0.000100 (0.000100)  time: 0.769475  data: 0.229888  max mem: 11624
Epoch: [32/100]  [ 30/197]  eta: 0:02:49  loss: 2.137582 (2.158249)  lr: 0.012876 (0.012881)  wd: 0.000100 (0.000100)  time: 0.653169  data: 0.020345  max mem: 11624
Epoch: [32/100]  [ 40/197]  eta: 0:02:29  loss: 2.216102 (2.164011)  lr: 0.012866 (0.012877)  wd: 0.000100 (0.000100)  time: 0.753911  data: 0.075434  max mem: 11624
Epoch: [32/100]  [ 50/197]  eta: 0:02:13  loss: 2.209974 (2.167564)  lr: 0.012857 (0.012872)  wd: 0.000100 (0.000100)  time: 0.744793  data: 0.121423  max mem: 11624
Epoch: [32/100]  [ 60/197]  eta: 0:02:02  loss: 2.208046 (2.175565)  lr: 0.012848 (0.012867)  wd: 0.000100 (0.000100)  time: 0.783330  data: 0.196702  max mem: 11624
Epoch: [32/100]  [ 70/197]  eta: 0:01:51  loss: 2.148903 (2.162262)  lr: 0.012839 (0.012863)  wd: 0.000100 (0.000100)  time: 0.799496  data: 0.131626  max mem: 11624
Epoch: [32/100]  [ 80/197]  eta: 0:01:40  loss: 2.148903 (2.164618)  lr: 0.012829 (0.012858)  wd: 0.000100 (0.000100)  time: 0.750811  data: 0.019414  max mem: 11624
Epoch: [32/100]  [ 90/197]  eta: 0:01:30  loss: 2.194702 (2.163027)  lr: 0.012820 (0.012853)  wd: 0.000100 (0.000100)  time: 0.736146  data: 0.019944  max mem: 11624
Epoch: [32/100]  [100/197]  eta: 0:01:20  loss: 2.247157 (2.175557)  lr: 0.012810 (0.012849)  wd: 0.000100 (0.000100)  time: 0.698948  data: 0.021939  max mem: 11624
Epoch: [32/100]  [110/197]  eta: 0:01:12  loss: 2.267054 (2.182111)  lr: 0.012801 (0.012844)  wd: 0.000100 (0.000100)  time: 0.757181  data: 0.027456  max mem: 11624
Epoch: [32/100]  [120/197]  eta: 0:01:03  loss: 2.155006 (2.178235)  lr: 0.012792 (0.012839)  wd: 0.000100 (0.000100)  time: 0.829562  data: 0.007357  max mem: 11624
Epoch: [32/100]  [130/197]  eta: 0:00:54  loss: 2.208225 (2.181792)  lr: 0.012782 (0.012835)  wd: 0.000100 (0.000100)  time: 0.734163  data: 0.001941  max mem: 11624
Epoch: [32/100]  [140/197]  eta: 0:00:46  loss: 2.228707 (2.183318)  lr: 0.012773 (0.012830)  wd: 0.000100 (0.000100)  time: 0.726887  data: 0.034109  max mem: 11624
Epoch: [32/100]  [150/197]  eta: 0:00:38  loss: 2.197640 (2.185050)  lr: 0.012763 (0.012825)  wd: 0.000100 (0.000100)  time: 0.766107  data: 0.033533  max mem: 11624
Epoch: [32/100]  [160/197]  eta: 0:00:29  loss: 2.173388 (2.184276)  lr: 0.012754 (0.012821)  wd: 0.000100 (0.000100)  time: 0.753517  data: 0.041569  max mem: 11624
Epoch: [32/100]  [170/197]  eta: 0:00:21  loss: 2.130422 (2.183790)  lr: 0.012744 (0.012816)  wd: 0.000100 (0.000100)  time: 0.749032  data: 0.090004  max mem: 11624
Epoch: [32/100]  [180/197]  eta: 0:00:13  loss: 2.126896 (2.182751)  lr: 0.012735 (0.012811)  wd: 0.000100 (0.000100)  time: 0.726093  data: 0.086902  max mem: 11624
Epoch: [32/100]  [190/197]  eta: 0:00:05  loss: 2.166778 (2.187457)  lr: 0.012725 (0.012806)  wd: 0.000100 (0.000100)  time: 0.547764  data: 0.060794  max mem: 11624
Epoch: [32/100]  [196/197]  eta: 0:00:00  loss: 2.110375 (2.185051)  lr: 0.012720 (0.012804)  wd: 0.000100 (0.000100)  time: 0.412721  data: 0.060764  max mem: 11624
Epoch: [32/100] Total time: 0:02:30 (0.764194 s / it)
Averaged stats: loss: 2.110375 (2.194845)  lr: 0.012720 (0.012804)  wd: 0.000100 (0.000100)
Epoch: [33/100]  [  0/197]  eta: 0:28:03  loss: 2.395519 (2.395519)  lr: 0.012710 (0.012710)  wd: 0.000100 (0.000100)  time: 8.547998  data: 7.807268  max mem: 11624
Epoch: [33/100]  [ 10/197]  eta: 0:04:22  loss: 2.027221 (2.094321)  lr: 0.012705 (0.012705)  wd: 0.000100 (0.000100)  time: 1.405175  data: 0.709926  max mem: 11624
Epoch: [33/100]  [ 20/197]  eta: 0:03:07  loss: 2.118814 (2.138077)  lr: 0.012700 (0.012701)  wd: 0.000100 (0.000100)  time: 0.682909  data: 0.000194  max mem: 11624
Epoch: [33/100]  [ 30/197]  eta: 0:02:40  loss: 2.163715 (2.138235)  lr: 0.012690 (0.012696)  wd: 0.000100 (0.000100)  time: 0.721234  data: 0.016222  max mem: 11624
Epoch: [33/100]  [ 40/197]  eta: 0:02:26  loss: 2.163715 (2.156294)  lr: 0.012680 (0.012691)  wd: 0.000100 (0.000100)  time: 0.806604  data: 0.029078  max mem: 11624
Epoch: [33/100]  [ 50/197]  eta: 0:02:11  loss: 2.154019 (2.143364)  lr: 0.012671 (0.012686)  wd: 0.000100 (0.000100)  time: 0.788646  data: 0.013058  max mem: 11624
Epoch: [33/100]  [ 60/197]  eta: 0:02:00  loss: 2.115220 (2.149435)  lr: 0.012661 (0.012681)  wd: 0.000100 (0.000100)  time: 0.757967  data: 0.010366  max mem: 11624
Epoch: [33/100]  [ 70/197]  eta: 0:01:47  loss: 2.221310 (2.178205)  lr: 0.012651 (0.012677)  wd: 0.000100 (0.000100)  time: 0.713755  data: 0.010353  max mem: 11624
Epoch: [33/100]  [ 80/197]  eta: 0:01:37  loss: 2.274816 (2.183004)  lr: 0.012642 (0.012672)  wd: 0.000100 (0.000100)  time: 0.685308  data: 0.018520  max mem: 11624
Epoch: [33/100]  [ 90/197]  eta: 0:01:29  loss: 2.225402 (2.179105)  lr: 0.012632 (0.012667)  wd: 0.000100 (0.000100)  time: 0.794422  data: 0.075351  max mem: 11624
Epoch: [33/100]  [100/197]  eta: 0:01:19  loss: 2.121392 (2.185512)  lr: 0.012622 (0.012662)  wd: 0.000100 (0.000100)  time: 0.766122  data: 0.057024  max mem: 11624
Epoch: [33/100]  [110/197]  eta: 0:01:10  loss: 2.200757 (2.182632)  lr: 0.012613 (0.012657)  wd: 0.000100 (0.000100)  time: 0.725147  data: 0.017735  max mem: 11624
Epoch: [33/100]  [120/197]  eta: 0:01:02  loss: 2.229852 (2.188008)  lr: 0.012603 (0.012652)  wd: 0.000100 (0.000100)  time: 0.762783  data: 0.065317  max mem: 11624
Epoch: [33/100]  [130/197]  eta: 0:00:54  loss: 2.251716 (2.186098)  lr: 0.012593 (0.012647)  wd: 0.000100 (0.000100)  time: 0.791511  data: 0.047773  max mem: 11624
Epoch: [33/100]  [140/197]  eta: 0:00:45  loss: 2.232328 (2.181593)  lr: 0.012583 (0.012643)  wd: 0.000100 (0.000100)  time: 0.784280  data: 0.000183  max mem: 11624
Epoch: [33/100]  [150/197]  eta: 0:00:37  loss: 2.167342 (2.184109)  lr: 0.012574 (0.012638)  wd: 0.000100 (0.000100)  time: 0.672523  data: 0.000188  max mem: 11624
Epoch: [33/100]  [160/197]  eta: 0:00:29  loss: 2.081320 (2.174104)  lr: 0.012564 (0.012633)  wd: 0.000100 (0.000100)  time: 0.695843  data: 0.031062  max mem: 11624
Epoch: [33/100]  [170/197]  eta: 0:00:21  loss: 2.066278 (2.171735)  lr: 0.012554 (0.012628)  wd: 0.000100 (0.000100)  time: 0.808424  data: 0.031059  max mem: 11624
Epoch: [33/100]  [180/197]  eta: 0:00:13  loss: 2.147256 (2.172910)  lr: 0.012544 (0.012623)  wd: 0.000100 (0.000100)  time: 0.782393  data: 0.000196  max mem: 11624
Epoch: [33/100]  [190/197]  eta: 0:00:05  loss: 2.200400 (2.171689)  lr: 0.012534 (0.012618)  wd: 0.000100 (0.000100)  time: 0.555084  data: 0.000166  max mem: 11624
Epoch: [33/100]  [196/197]  eta: 0:00:00  loss: 2.100223 (2.169214)  lr: 0.012529 (0.012615)  wd: 0.000100 (0.000100)  time: 0.433288  data: 0.000125  max mem: 11624
Epoch: [33/100] Total time: 0:02:29 (0.757479 s / it)
Averaged stats: loss: 2.100223 (2.166115)  lr: 0.012529 (0.012615)  wd: 0.000100 (0.000100)
Epoch: [34/100]  [  0/197]  eta: 0:26:46  loss: 2.277155 (2.277155)  lr: 0.012519 (0.012519)  wd: 0.000100 (0.000100)  time: 8.156028  data: 6.973421  max mem: 11624
Epoch: [34/100]  [ 10/197]  eta: 0:04:35  loss: 2.277155 (2.240237)  lr: 0.012514 (0.012514)  wd: 0.000100 (0.000100)  time: 1.473001  data: 0.634120  max mem: 11624
Epoch: [34/100]  [ 20/197]  eta: 0:03:20  loss: 2.150996 (2.183048)  lr: 0.012508 (0.012509)  wd: 0.000100 (0.000100)  time: 0.784072  data: 0.000208  max mem: 11624
Epoch: [34/100]  [ 30/197]  eta: 0:02:46  loss: 2.158720 (2.175885)  lr: 0.012498 (0.012504)  wd: 0.000100 (0.000100)  time: 0.739265  data: 0.000400  max mem: 11624
Epoch: [34/100]  [ 40/197]  eta: 0:02:23  loss: 2.073978 (2.151348)  lr: 0.012488 (0.012499)  wd: 0.000100 (0.000100)  time: 0.688371  data: 0.000377  max mem: 11624
Epoch: [34/100]  [ 50/197]  eta: 0:02:12  loss: 2.091585 (2.173269)  lr: 0.012478 (0.012494)  wd: 0.000100 (0.000100)  time: 0.746888  data: 0.001954  max mem: 11624
Epoch: [34/100]  [ 60/197]  eta: 0:01:59  loss: 2.120666 (2.160712)  lr: 0.012468 (0.012489)  wd: 0.000100 (0.000100)  time: 0.790832  data: 0.001953  max mem: 11624
Epoch: [34/100]  [ 70/197]  eta: 0:01:48  loss: 2.038060 (2.147536)  lr: 0.012458 (0.012484)  wd: 0.000100 (0.000100)  time: 0.742032  data: 0.000277  max mem: 11624
Epoch: [34/100]  [ 80/197]  eta: 0:01:37  loss: 2.027501 (2.135653)  lr: 0.012448 (0.012479)  wd: 0.000100 (0.000100)  time: 0.716642  data: 0.000686  max mem: 11624
Epoch: [34/100]  [ 90/197]  eta: 0:01:29  loss: 1.986937 (2.130100)  lr: 0.012438 (0.012474)  wd: 0.000100 (0.000100)  time: 0.753350  data: 0.000597  max mem: 11624
Epoch: [34/100]  [100/197]  eta: 0:01:20  loss: 2.148782 (2.130145)  lr: 0.012428 (0.012469)  wd: 0.000100 (0.000100)  time: 0.799149  data: 0.000758  max mem: 11624
Epoch: [34/100]  [110/197]  eta: 0:01:11  loss: 2.148782 (2.129315)  lr: 0.012418 (0.012464)  wd: 0.000100 (0.000100)  time: 0.744241  data: 0.000747  max mem: 11624
Epoch: [34/100]  [120/197]  eta: 0:01:01  loss: 2.163121 (2.133636)  lr: 0.012408 (0.012459)  wd: 0.000100 (0.000100)  time: 0.682749  data: 0.000892  max mem: 11624
Epoch: [34/100]  [130/197]  eta: 0:00:54  loss: 2.156230 (2.136150)  lr: 0.012398 (0.012454)  wd: 0.000100 (0.000100)  time: 0.751950  data: 0.000903  max mem: 11624
Epoch: [34/100]  [140/197]  eta: 0:00:45  loss: 2.150721 (2.136515)  lr: 0.012388 (0.012449)  wd: 0.000100 (0.000100)  time: 0.759447  data: 0.001531  max mem: 11624
Epoch: [34/100]  [150/197]  eta: 0:00:37  loss: 2.123085 (2.135238)  lr: 0.012378 (0.012444)  wd: 0.000100 (0.000100)  time: 0.754527  data: 0.001748  max mem: 11624
Epoch: [34/100]  [160/197]  eta: 0:00:29  loss: 2.060011 (2.134397)  lr: 0.012368 (0.012439)  wd: 0.000100 (0.000100)  time: 0.769535  data: 0.001939  max mem: 11624
Epoch: [34/100]  [170/197]  eta: 0:00:21  loss: 2.135175 (2.136502)  lr: 0.012358 (0.012434)  wd: 0.000100 (0.000100)  time: 0.712220  data: 0.002520  max mem: 11624
Epoch: [34/100]  [180/197]  eta: 0:00:13  loss: 2.160099 (2.143086)  lr: 0.012348 (0.012429)  wd: 0.000100 (0.000100)  time: 0.756778  data: 0.002558  max mem: 11624
Epoch: [34/100]  [190/197]  eta: 0:00:05  loss: 2.166332 (2.149579)  lr: 0.012337 (0.012424)  wd: 0.000100 (0.000100)  time: 0.573935  data: 0.001710  max mem: 11624
Epoch: [34/100]  [196/197]  eta: 0:00:00  loss: 2.138046 (2.148756)  lr: 0.012331 (0.012421)  wd: 0.000100 (0.000100)  time: 0.419061  data: 0.000116  max mem: 11624
Epoch: [34/100] Total time: 0:02:28 (0.756082 s / it)
Averaged stats: loss: 2.138046 (2.151517)  lr: 0.012331 (0.012421)  wd: 0.000100 (0.000100)
Epoch: [35/100]  [  0/197]  eta: 0:25:36  loss: 1.919613 (1.919613)  lr: 0.012321 (0.012321)  wd: 0.000100 (0.000100)  time: 7.800327  data: 6.212804  max mem: 11624
Epoch: [35/100]  [ 10/197]  eta: 0:04:12  loss: 2.035665 (2.136168)  lr: 0.012316 (0.012316)  wd: 0.000100 (0.000100)  time: 1.352858  data: 0.639568  max mem: 11624
Epoch: [35/100]  [ 20/197]  eta: 0:03:01  loss: 2.033237 (2.112659)  lr: 0.012310 (0.012311)  wd: 0.000100 (0.000100)  time: 0.689159  data: 0.041205  max mem: 11624
Epoch: [35/100]  [ 30/197]  eta: 0:02:38  loss: 2.033237 (2.124490)  lr: 0.012300 (0.012306)  wd: 0.000100 (0.000100)  time: 0.725341  data: 0.035173  max mem: 11624
Epoch: [35/100]  [ 40/197]  eta: 0:02:26  loss: 2.173652 (2.153546)  lr: 0.012289 (0.012301)  wd: 0.000100 (0.000100)  time: 0.833696  data: 0.072716  max mem: 11624
Epoch: [35/100]  [ 50/197]  eta: 0:02:10  loss: 2.063062 (2.132181)  lr: 0.012279 (0.012296)  wd: 0.000100 (0.000100)  time: 0.793277  data: 0.037734  max mem: 11624
Epoch: [35/100]  [ 60/197]  eta: 0:02:00  loss: 2.062029 (2.131030)  lr: 0.012269 (0.012290)  wd: 0.000100 (0.000100)  time: 0.773846  data: 0.043543  max mem: 11624
Epoch: [35/100]  [ 70/197]  eta: 0:01:49  loss: 2.179945 (2.136356)  lr: 0.012259 (0.012285)  wd: 0.000100 (0.000100)  time: 0.789428  data: 0.043524  max mem: 11624
Epoch: [35/100]  [ 80/197]  eta: 0:01:39  loss: 2.117028 (2.143292)  lr: 0.012248 (0.012280)  wd: 0.000100 (0.000100)  time: 0.768923  data: 0.000180  max mem: 11624
Epoch: [35/100]  [ 90/197]  eta: 0:01:29  loss: 2.113215 (2.143509)  lr: 0.012238 (0.012275)  wd: 0.000100 (0.000100)  time: 0.771259  data: 0.000180  max mem: 11624
Epoch: [35/100]  [100/197]  eta: 0:01:20  loss: 2.113215 (2.132520)  lr: 0.012228 (0.012270)  wd: 0.000100 (0.000100)  time: 0.719073  data: 0.000988  max mem: 11624
Epoch: [35/100]  [110/197]  eta: 0:01:10  loss: 2.035184 (2.129102)  lr: 0.012218 (0.012265)  wd: 0.000100 (0.000100)  time: 0.673883  data: 0.001007  max mem: 11624
Epoch: [35/100]  [120/197]  eta: 0:01:02  loss: 2.113674 (2.121625)  lr: 0.012207 (0.012260)  wd: 0.000100 (0.000100)  time: 0.698978  data: 0.000199  max mem: 11624
Epoch: [35/100]  [130/197]  eta: 0:00:53  loss: 2.113842 (2.127692)  lr: 0.012197 (0.012254)  wd: 0.000100 (0.000100)  time: 0.749331  data: 0.009301  max mem: 11624
Epoch: [35/100]  [140/197]  eta: 0:00:45  loss: 2.088368 (2.122480)  lr: 0.012186 (0.012249)  wd: 0.000100 (0.000100)  time: 0.789694  data: 0.093815  max mem: 11624
Epoch: [35/100]  [150/197]  eta: 0:00:37  loss: 2.067804 (2.124898)  lr: 0.012176 (0.012244)  wd: 0.000100 (0.000100)  time: 0.802411  data: 0.114765  max mem: 11624
Epoch: [35/100]  [160/197]  eta: 0:00:29  loss: 2.046733 (2.123491)  lr: 0.012166 (0.012239)  wd: 0.000100 (0.000100)  time: 0.776339  data: 0.061799  max mem: 11624
Epoch: [35/100]  [170/197]  eta: 0:00:21  loss: 2.046733 (2.121869)  lr: 0.012155 (0.012234)  wd: 0.000100 (0.000100)  time: 0.805651  data: 0.032394  max mem: 11624
Epoch: [35/100]  [180/197]  eta: 0:00:13  loss: 2.151817 (2.127235)  lr: 0.012145 (0.012229)  wd: 0.000100 (0.000100)  time: 0.718467  data: 0.001390  max mem: 11624
Epoch: [35/100]  [190/197]  eta: 0:00:05  loss: 2.115387 (2.123681)  lr: 0.012134 (0.012223)  wd: 0.000100 (0.000100)  time: 0.469619  data: 0.000687  max mem: 11624
Epoch: [35/100]  [196/197]  eta: 0:00:00  loss: 2.031991 (2.118903)  lr: 0.012128 (0.012220)  wd: 0.000100 (0.000100)  time: 0.364303  data: 0.000112  max mem: 11624
Epoch: [35/100] Total time: 0:02:28 (0.755338 s / it)
Averaged stats: loss: 2.031991 (2.116150)  lr: 0.012128 (0.012220)  wd: 0.000100 (0.000100)
Epoch: [36/100]  [  0/197]  eta: 0:28:41  loss: 1.837667 (1.837667)  lr: 0.012118 (0.012118)  wd: 0.000100 (0.000100)  time: 8.737873  data: 7.741690  max mem: 11624
Epoch: [36/100]  [ 10/197]  eta: 0:04:23  loss: 2.115654 (2.062597)  lr: 0.012112 (0.012112)  wd: 0.000100 (0.000100)  time: 1.407033  data: 0.833559  max mem: 11624
Epoch: [36/100]  [ 20/197]  eta: 0:03:07  loss: 2.029718 (2.028358)  lr: 0.012106 (0.012107)  wd: 0.000100 (0.000100)  time: 0.672496  data: 0.083782  max mem: 11624
Epoch: [36/100]  [ 30/197]  eta: 0:02:42  loss: 1.983926 (2.030370)  lr: 0.012096 (0.012102)  wd: 0.000100 (0.000100)  time: 0.736680  data: 0.051007  max mem: 11624
Epoch: [36/100]  [ 40/197]  eta: 0:02:26  loss: 2.001338 (2.014164)  lr: 0.012085 (0.012097)  wd: 0.000100 (0.000100)  time: 0.806836  data: 0.096592  max mem: 11624
Epoch: [36/100]  [ 50/197]  eta: 0:02:09  loss: 2.026114 (2.028491)  lr: 0.012075 (0.012091)  wd: 0.000100 (0.000100)  time: 0.728417  data: 0.058093  max mem: 11624
Epoch: [36/100]  [ 60/197]  eta: 0:02:00  loss: 2.035333 (2.017771)  lr: 0.012064 (0.012086)  wd: 0.000100 (0.000100)  time: 0.772318  data: 0.095951  max mem: 11624
Epoch: [36/100]  [ 70/197]  eta: 0:01:48  loss: 1.990518 (2.012992)  lr: 0.012054 (0.012081)  wd: 0.000100 (0.000100)  time: 0.802780  data: 0.095943  max mem: 11624
Epoch: [36/100]  [ 80/197]  eta: 0:01:38  loss: 1.995645 (2.017559)  lr: 0.012043 (0.012076)  wd: 0.000100 (0.000100)  time: 0.717998  data: 0.001901  max mem: 11624
Epoch: [36/100]  [ 90/197]  eta: 0:01:30  loss: 2.006707 (2.021098)  lr: 0.012032 (0.012070)  wd: 0.000100 (0.000100)  time: 0.786216  data: 0.147767  max mem: 11624
Epoch: [36/100]  [100/197]  eta: 0:01:20  loss: 2.041487 (2.030381)  lr: 0.012022 (0.012065)  wd: 0.000100 (0.000100)  time: 0.792066  data: 0.159878  max mem: 11624
Epoch: [36/100]  [110/197]  eta: 0:01:11  loss: 2.093785 (2.042638)  lr: 0.012011 (0.012060)  wd: 0.000100 (0.000100)  time: 0.715129  data: 0.030658  max mem: 11624
Epoch: [36/100]  [120/197]  eta: 0:01:02  loss: 2.009633 (2.045721)  lr: 0.012001 (0.012054)  wd: 0.000100 (0.000100)  time: 0.726091  data: 0.050238  max mem: 11624
Epoch: [36/100]  [130/197]  eta: 0:00:54  loss: 2.071944 (2.053488)  lr: 0.011990 (0.012049)  wd: 0.000100 (0.000100)  time: 0.765606  data: 0.062501  max mem: 11624
Epoch: [36/100]  [140/197]  eta: 0:00:45  loss: 2.071944 (2.055526)  lr: 0.011979 (0.012044)  wd: 0.000100 (0.000100)  time: 0.734662  data: 0.029086  max mem: 11624
Epoch: [36/100]  [150/197]  eta: 0:00:37  loss: 2.032002 (2.048516)  lr: 0.011969 (0.012039)  wd: 0.000100 (0.000100)  time: 0.734721  data: 0.002544  max mem: 11624
Epoch: [36/100]  [160/197]  eta: 0:00:29  loss: 1.975101 (2.047353)  lr: 0.011958 (0.012033)  wd: 0.000100 (0.000100)  time: 0.801233  data: 0.002564  max mem: 11624
Epoch: [36/100]  [170/197]  eta: 0:00:21  loss: 1.965785 (2.040610)  lr: 0.011947 (0.012028)  wd: 0.000100 (0.000100)  time: 0.748716  data: 0.027383  max mem: 11624
Epoch: [36/100]  [180/197]  eta: 0:00:13  loss: 1.954629 (2.042776)  lr: 0.011937 (0.012023)  wd: 0.000100 (0.000100)  time: 0.781811  data: 0.027376  max mem: 11624
Epoch: [36/100]  [190/197]  eta: 0:00:05  loss: 2.024970 (2.041512)  lr: 0.011926 (0.012017)  wd: 0.000100 (0.000100)  time: 0.602525  data: 0.000133  max mem: 11624
Epoch: [36/100]  [196/197]  eta: 0:00:00  loss: 1.991052 (2.037162)  lr: 0.011919 (0.012014)  wd: 0.000100 (0.000100)  time: 0.368309  data: 0.000095  max mem: 11624
Epoch: [36/100] Total time: 0:02:30 (0.761842 s / it)
Averaged stats: loss: 1.991052 (2.058223)  lr: 0.011919 (0.012014)  wd: 0.000100 (0.000100)
Epoch: [37/100]  [  0/197]  eta: 0:26:45  loss: 1.973637 (1.973637)  lr: 0.011909 (0.011909)  wd: 0.000100 (0.000100)  time: 8.150986  data: 7.146337  max mem: 11624
Epoch: [37/100]  [ 10/197]  eta: 0:04:28  loss: 2.052184 (2.057580)  lr: 0.011903 (0.011903)  wd: 0.000100 (0.000100)  time: 1.433254  data: 0.662086  max mem: 11624
Epoch: [37/100]  [ 20/197]  eta: 0:03:24  loss: 2.052184 (2.045763)  lr: 0.011897 (0.011898)  wd: 0.000100 (0.000100)  time: 0.807116  data: 0.006918  max mem: 11624
Epoch: [37/100]  [ 30/197]  eta: 0:02:59  loss: 1.958024 (2.024985)  lr: 0.011886 (0.011892)  wd: 0.000100 (0.000100)  time: 0.879119  data: 0.000206  max mem: 11624
Epoch: [37/100]  [ 40/197]  eta: 0:02:32  loss: 1.962086 (2.026319)  lr: 0.011875 (0.011887)  wd: 0.000100 (0.000100)  time: 0.782402  data: 0.000685  max mem: 11624
Epoch: [37/100]  [ 50/197]  eta: 0:02:18  loss: 2.004254 (2.038962)  lr: 0.011864 (0.011882)  wd: 0.000100 (0.000100)  time: 0.727821  data: 0.000665  max mem: 11624
Epoch: [37/100]  [ 60/197]  eta: 0:02:01  loss: 2.037921 (2.037387)  lr: 0.011854 (0.011876)  wd: 0.000100 (0.000100)  time: 0.718281  data: 0.000608  max mem: 11624
Epoch: [37/100]  [ 70/197]  eta: 0:01:48  loss: 2.044711 (2.029726)  lr: 0.011843 (0.011871)  wd: 0.000100 (0.000100)  time: 0.624984  data: 0.001058  max mem: 11624
Epoch: [37/100]  [ 80/197]  eta: 0:01:37  loss: 1.988408 (2.031540)  lr: 0.011832 (0.011865)  wd: 0.000100 (0.000100)  time: 0.669466  data: 0.000650  max mem: 11624
Epoch: [37/100]  [ 90/197]  eta: 0:01:26  loss: 1.939443 (2.021285)  lr: 0.011821 (0.011860)  wd: 0.000100 (0.000100)  time: 0.677208  data: 0.000196  max mem: 11624
Epoch: [37/100]  [100/197]  eta: 0:01:16  loss: 1.909458 (2.011713)  lr: 0.011810 (0.011855)  wd: 0.000100 (0.000100)  time: 0.579215  data: 0.000188  max mem: 11624
Epoch: [37/100]  [110/197]  eta: 0:01:09  loss: 1.909458 (2.008464)  lr: 0.011799 (0.011849)  wd: 0.000100 (0.000100)  time: 0.735341  data: 0.087585  max mem: 11624
Epoch: [37/100]  [120/197]  eta: 0:01:02  loss: 1.983081 (2.008515)  lr: 0.011788 (0.011844)  wd: 0.000100 (0.000100)  time: 0.959110  data: 0.087592  max mem: 11624
Epoch: [37/100]  [130/197]  eta: 0:00:53  loss: 1.947886 (2.002523)  lr: 0.011778 (0.011838)  wd: 0.000100 (0.000100)  time: 0.841136  data: 0.001050  max mem: 11624
Epoch: [37/100]  [140/197]  eta: 0:00:46  loss: 1.947886 (2.004560)  lr: 0.011767 (0.011833)  wd: 0.000100 (0.000100)  time: 0.795827  data: 0.001624  max mem: 11624
Epoch: [37/100]  [150/197]  eta: 0:00:37  loss: 1.977996 (2.000267)  lr: 0.011756 (0.011827)  wd: 0.000100 (0.000100)  time: 0.826594  data: 0.001016  max mem: 11624
Epoch: [37/100]  [160/197]  eta: 0:00:29  loss: 1.927448 (1.995651)  lr: 0.011745 (0.011822)  wd: 0.000100 (0.000100)  time: 0.760832  data: 0.001592  max mem: 11624
Epoch: [37/100]  [170/197]  eta: 0:00:21  loss: 1.824426 (1.989137)  lr: 0.011734 (0.011817)  wd: 0.000100 (0.000100)  time: 0.754439  data: 0.001337  max mem: 11624
Epoch: [37/100]  [180/197]  eta: 0:00:13  loss: 1.898512 (1.986057)  lr: 0.011723 (0.011811)  wd: 0.000100 (0.000100)  time: 0.705900  data: 0.000252  max mem: 11624
Epoch: [37/100]  [190/197]  eta: 0:00:05  loss: 2.001230 (1.987642)  lr: 0.011712 (0.011806)  wd: 0.000100 (0.000100)  time: 0.498712  data: 0.000212  max mem: 11624
Epoch: [37/100]  [196/197]  eta: 0:00:00  loss: 2.001230 (1.986551)  lr: 0.011705 (0.011802)  wd: 0.000100 (0.000100)  time: 0.357988  data: 0.000108  max mem: 11624
Epoch: [37/100] Total time: 0:02:29 (0.758544 s / it)
Averaged stats: loss: 2.001230 (1.988577)  lr: 0.011705 (0.011802)  wd: 0.000100 (0.000100)
Epoch: [38/100]  [  0/197]  eta: 0:24:37  loss: 1.872622 (1.872622)  lr: 0.011694 (0.011694)  wd: 0.000100 (0.000100)  time: 7.499930  data: 6.721992  max mem: 11624
Epoch: [38/100]  [ 10/197]  eta: 0:04:01  loss: 1.921844 (1.889192)  lr: 0.011689 (0.011689)  wd: 0.000100 (0.000100)  time: 1.290620  data: 0.611251  max mem: 11624
Epoch: [38/100]  [ 20/197]  eta: 0:03:07  loss: 1.921844 (1.892064)  lr: 0.011682 (0.011683)  wd: 0.000100 (0.000100)  time: 0.735631  data: 0.019326  max mem: 11624
Epoch: [38/100]  [ 30/197]  eta: 0:02:39  loss: 1.948307 (1.918644)  lr: 0.011671 (0.011678)  wd: 0.000100 (0.000100)  time: 0.768793  data: 0.019900  max mem: 11624
Epoch: [38/100]  [ 40/197]  eta: 0:02:26  loss: 1.897978 (1.919052)  lr: 0.011660 (0.011672)  wd: 0.000100 (0.000100)  time: 0.801462  data: 0.018106  max mem: 11624
Epoch: [38/100]  [ 50/197]  eta: 0:02:10  loss: 1.897978 (1.925806)  lr: 0.011649 (0.011667)  wd: 0.000100 (0.000100)  time: 0.786772  data: 0.017593  max mem: 11624
Epoch: [38/100]  [ 60/197]  eta: 0:01:59  loss: 1.969927 (1.929521)  lr: 0.011638 (0.011661)  wd: 0.000100 (0.000100)  time: 0.748574  data: 0.001350  max mem: 11624
Epoch: [38/100]  [ 70/197]  eta: 0:01:47  loss: 1.913504 (1.932166)  lr: 0.011627 (0.011656)  wd: 0.000100 (0.000100)  time: 0.739282  data: 0.002276  max mem: 11624
Epoch: [38/100]  [ 80/197]  eta: 0:01:39  loss: 1.891580 (1.928568)  lr: 0.011616 (0.011650)  wd: 0.000100 (0.000100)  time: 0.799059  data: 0.001484  max mem: 11624
Epoch: [38/100]  [ 90/197]  eta: 0:01:30  loss: 1.960559 (1.926871)  lr: 0.011605 (0.011644)  wd: 0.000100 (0.000100)  time: 0.835788  data: 0.000499  max mem: 11624
Epoch: [38/100]  [100/197]  eta: 0:01:19  loss: 1.938588 (1.930861)  lr: 0.011593 (0.011639)  wd: 0.000100 (0.000100)  time: 0.695038  data: 0.000224  max mem: 11624
Epoch: [38/100]  [110/197]  eta: 0:01:10  loss: 1.873947 (1.925492)  lr: 0.011582 (0.011633)  wd: 0.000100 (0.000100)  time: 0.663226  data: 0.000239  max mem: 11624
Epoch: [38/100]  [120/197]  eta: 0:01:01  loss: 1.846855 (1.920848)  lr: 0.011571 (0.011628)  wd: 0.000100 (0.000100)  time: 0.698085  data: 0.000230  max mem: 11624
Epoch: [38/100]  [130/197]  eta: 0:00:53  loss: 1.873178 (1.927928)  lr: 0.011560 (0.011622)  wd: 0.000100 (0.000100)  time: 0.709347  data: 0.000425  max mem: 11624
Epoch: [38/100]  [140/197]  eta: 0:00:45  loss: 1.903678 (1.924696)  lr: 0.011549 (0.011617)  wd: 0.000100 (0.000100)  time: 0.737072  data: 0.000405  max mem: 11624
Epoch: [38/100]  [150/197]  eta: 0:00:37  loss: 1.915667 (1.928019)  lr: 0.011538 (0.011611)  wd: 0.000100 (0.000100)  time: 0.745549  data: 0.000209  max mem: 11624
Epoch: [38/100]  [160/197]  eta: 0:00:29  loss: 1.872201 (1.924221)  lr: 0.011526 (0.011605)  wd: 0.000100 (0.000100)  time: 0.732017  data: 0.001759  max mem: 11624
Epoch: [38/100]  [170/197]  eta: 0:00:21  loss: 1.834603 (1.920786)  lr: 0.011515 (0.011600)  wd: 0.000100 (0.000100)  time: 0.786118  data: 0.001741  max mem: 11624
Epoch: [38/100]  [180/197]  eta: 0:00:13  loss: 1.865699 (1.916194)  lr: 0.011504 (0.011594)  wd: 0.000100 (0.000100)  time: 0.753333  data: 0.000177  max mem: 11624
Epoch: [38/100]  [190/197]  eta: 0:00:05  loss: 1.848992 (1.915629)  lr: 0.011493 (0.011589)  wd: 0.000100 (0.000100)  time: 0.524341  data: 0.000154  max mem: 11624
Epoch: [38/100]  [196/197]  eta: 0:00:00  loss: 1.823388 (1.911848)  lr: 0.011486 (0.011585)  wd: 0.000100 (0.000100)  time: 0.421814  data: 0.000126  max mem: 11624
Epoch: [38/100] Total time: 0:02:27 (0.749355 s / it)
Averaged stats: loss: 1.823388 (1.924911)  lr: 0.011486 (0.011585)  wd: 0.000100 (0.000100)
Epoch: [39/100]  [  0/197]  eta: 0:27:08  loss: 2.173621 (2.173621)  lr: 0.011475 (0.011475)  wd: 0.000100 (0.000100)  time: 8.264651  data: 7.558820  max mem: 11624
Epoch: [39/100]  [ 10/197]  eta: 0:04:33  loss: 1.895084 (1.897533)  lr: 0.011469 (0.011469)  wd: 0.000100 (0.000100)  time: 1.462102  data: 0.687360  max mem: 11624
Epoch: [39/100]  [ 20/197]  eta: 0:03:17  loss: 1.856964 (1.870976)  lr: 0.011462 (0.011463)  wd: 0.000100 (0.000100)  time: 0.755545  data: 0.000202  max mem: 11624
Epoch: [39/100]  [ 30/197]  eta: 0:02:45  loss: 1.865013 (1.889231)  lr: 0.011451 (0.011458)  wd: 0.000100 (0.000100)  time: 0.733152  data: 0.000729  max mem: 11624
Epoch: [39/100]  [ 40/197]  eta: 0:02:30  loss: 1.851634 (1.877741)  lr: 0.011440 (0.011452)  wd: 0.000100 (0.000100)  time: 0.801252  data: 0.000722  max mem: 11624
Epoch: [39/100]  [ 50/197]  eta: 0:02:13  loss: 1.842225 (1.870460)  lr: 0.011428 (0.011446)  wd: 0.000100 (0.000100)  time: 0.770764  data: 0.000885  max mem: 11624
Epoch: [39/100]  [ 60/197]  eta: 0:02:01  loss: 1.845466 (1.869068)  lr: 0.011417 (0.011441)  wd: 0.000100 (0.000100)  time: 0.725750  data: 0.000882  max mem: 11624
Epoch: [39/100]  [ 70/197]  eta: 0:01:46  loss: 1.845466 (1.873566)  lr: 0.011406 (0.011435)  wd: 0.000100 (0.000100)  time: 0.668815  data: 0.000260  max mem: 11624
Epoch: [39/100]  [ 80/197]  eta: 0:01:36  loss: 1.811983 (1.866324)  lr: 0.011394 (0.011429)  wd: 0.000100 (0.000100)  time: 0.658298  data: 0.000289  max mem: 11624
Epoch: [39/100]  [ 90/197]  eta: 0:01:27  loss: 1.803304 (1.856880)  lr: 0.011383 (0.011424)  wd: 0.000100 (0.000100)  time: 0.745999  data: 0.012551  max mem: 11624
Epoch: [39/100]  [100/197]  eta: 0:01:19  loss: 1.831657 (1.858431)  lr: 0.011372 (0.011418)  wd: 0.000100 (0.000100)  time: 0.762231  data: 0.012539  max mem: 11624
Epoch: [39/100]  [110/197]  eta: 0:01:10  loss: 1.866755 (1.861030)  lr: 0.011360 (0.011412)  wd: 0.000100 (0.000100)  time: 0.802754  data: 0.000392  max mem: 11624
Epoch: [39/100]  [120/197]  eta: 0:01:02  loss: 1.866755 (1.861497)  lr: 0.011349 (0.011407)  wd: 0.000100 (0.000100)  time: 0.800864  data: 0.002182  max mem: 11624
Epoch: [39/100]  [130/197]  eta: 0:00:54  loss: 1.868725 (1.865328)  lr: 0.011337 (0.011401)  wd: 0.000100 (0.000100)  time: 0.792691  data: 0.046310  max mem: 11624
Epoch: [39/100]  [140/197]  eta: 0:00:46  loss: 1.843579 (1.865048)  lr: 0.011326 (0.011395)  wd: 0.000100 (0.000100)  time: 0.826855  data: 0.044509  max mem: 11624
Epoch: [39/100]  [150/197]  eta: 0:00:37  loss: 1.844856 (1.867316)  lr: 0.011315 (0.011390)  wd: 0.000100 (0.000100)  time: 0.769932  data: 0.000172  max mem: 11624
Epoch: [39/100]  [160/197]  eta: 0:00:29  loss: 1.813782 (1.864238)  lr: 0.011303 (0.011384)  wd: 0.000100 (0.000100)  time: 0.714991  data: 0.000849  max mem: 11624
Epoch: [39/100]  [170/197]  eta: 0:00:21  loss: 1.807332 (1.862964)  lr: 0.011292 (0.011378)  wd: 0.000100 (0.000100)  time: 0.723381  data: 0.000868  max mem: 11624
Epoch: [39/100]  [180/197]  eta: 0:00:13  loss: 1.845395 (1.864851)  lr: 0.011280 (0.011373)  wd: 0.000100 (0.000100)  time: 0.765200  data: 0.000491  max mem: 11624
Epoch: [39/100]  [190/197]  eta: 0:00:05  loss: 1.845395 (1.865886)  lr: 0.011269 (0.011367)  wd: 0.000100 (0.000100)  time: 0.567789  data: 0.000434  max mem: 11624
Epoch: [39/100]  [196/197]  eta: 0:00:00  loss: 1.859867 (1.867023)  lr: 0.011262 (0.011363)  wd: 0.000100 (0.000100)  time: 0.378815  data: 0.000102  max mem: 11624
Epoch: [39/100] Total time: 0:02:29 (0.760071 s / it)
Averaged stats: loss: 1.859867 (1.867193)  lr: 0.011262 (0.011363)  wd: 0.000100 (0.000100)
Epoch: [40/100]  [  0/197]  eta: 0:24:17  loss: 1.444119 (1.444119)  lr: 0.011250 (0.011250)  wd: 0.000100 (0.000100)  time: 7.396635  data: 6.887964  max mem: 11624
Epoch: [40/100]  [ 10/197]  eta: 0:04:04  loss: 1.760410 (1.750070)  lr: 0.011244 (0.011244)  wd: 0.000100 (0.000100)  time: 1.308391  data: 0.686844  max mem: 11624
Epoch: [40/100]  [ 20/197]  eta: 0:03:07  loss: 1.760410 (1.797391)  lr: 0.011238 (0.011239)  wd: 0.000100 (0.000100)  time: 0.743189  data: 0.098019  max mem: 11624
Epoch: [40/100]  [ 30/197]  eta: 0:02:33  loss: 1.864042 (1.812806)  lr: 0.011226 (0.011233)  wd: 0.000100 (0.000100)  time: 0.705112  data: 0.065309  max mem: 11624
Epoch: [40/100]  [ 40/197]  eta: 0:02:18  loss: 1.864042 (1.827292)  lr: 0.011215 (0.011227)  wd: 0.000100 (0.000100)  time: 0.700232  data: 0.049914  max mem: 11624
Epoch: [40/100]  [ 50/197]  eta: 0:02:02  loss: 1.826255 (1.833095)  lr: 0.011203 (0.011221)  wd: 0.000100 (0.000100)  time: 0.707136  data: 0.073622  max mem: 11624
Epoch: [40/100]  [ 60/197]  eta: 0:01:56  loss: 1.805313 (1.829668)  lr: 0.011191 (0.011216)  wd: 0.000100 (0.000100)  time: 0.789632  data: 0.074340  max mem: 11624
Epoch: [40/100]  [ 70/197]  eta: 0:01:46  loss: 1.772733 (1.818991)  lr: 0.011180 (0.011210)  wd: 0.000100 (0.000100)  time: 0.856396  data: 0.050630  max mem: 11624
Epoch: [40/100]  [ 80/197]  eta: 0:01:36  loss: 1.772733 (1.821038)  lr: 0.011168 (0.011204)  wd: 0.000100 (0.000100)  time: 0.728839  data: 0.014976  max mem: 11624
Epoch: [40/100]  [ 90/197]  eta: 0:01:27  loss: 1.803154 (1.821075)  lr: 0.011157 (0.011198)  wd: 0.000100 (0.000100)  time: 0.717661  data: 0.102024  max mem: 11624
Epoch: [40/100]  [100/197]  eta: 0:01:18  loss: 1.803154 (1.817972)  lr: 0.011145 (0.011193)  wd: 0.000100 (0.000100)  time: 0.750671  data: 0.159131  max mem: 11624
Epoch: [40/100]  [110/197]  eta: 0:01:10  loss: 1.801269 (1.816102)  lr: 0.011133 (0.011187)  wd: 0.000100 (0.000100)  time: 0.788288  data: 0.117721  max mem: 11624
Epoch: [40/100]  [120/197]  eta: 0:01:01  loss: 1.861962 (1.821532)  lr: 0.011122 (0.011181)  wd: 0.000100 (0.000100)  time: 0.772812  data: 0.059123  max mem: 11624
Epoch: [40/100]  [130/197]  eta: 0:00:53  loss: 1.892819 (1.827272)  lr: 0.011110 (0.011175)  wd: 0.000100 (0.000100)  time: 0.698978  data: 0.012929  max mem: 11624
Epoch: [40/100]  [140/197]  eta: 0:00:44  loss: 1.815644 (1.823263)  lr: 0.011098 (0.011169)  wd: 0.000100 (0.000100)  time: 0.674800  data: 0.026850  max mem: 11624
Epoch: [40/100]  [150/197]  eta: 0:00:36  loss: 1.763939 (1.824011)  lr: 0.011087 (0.011164)  wd: 0.000100 (0.000100)  time: 0.703187  data: 0.039933  max mem: 11624
Epoch: [40/100]  [160/197]  eta: 0:00:29  loss: 1.885759 (1.830372)  lr: 0.011075 (0.011158)  wd: 0.000100 (0.000100)  time: 0.819201  data: 0.050997  max mem: 11624
Epoch: [40/100]  [170/197]  eta: 0:00:21  loss: 1.905615 (1.836083)  lr: 0.011063 (0.011152)  wd: 0.000100 (0.000100)  time: 0.769388  data: 0.037904  max mem: 11624
Epoch: [40/100]  [180/197]  eta: 0:00:13  loss: 1.862575 (1.835916)  lr: 0.011052 (0.011146)  wd: 0.000100 (0.000100)  time: 0.751389  data: 0.026008  max mem: 11624
Epoch: [40/100]  [190/197]  eta: 0:00:05  loss: 1.813951 (1.837508)  lr: 0.011040 (0.011140)  wd: 0.000100 (0.000100)  time: 0.611183  data: 0.025965  max mem: 11624
Epoch: [40/100]  [196/197]  eta: 0:00:00  loss: 1.821670 (1.836665)  lr: 0.011033 (0.011137)  wd: 0.000100 (0.000100)  time: 0.407686  data: 0.000116  max mem: 11624
Epoch: [40/100] Total time: 0:02:27 (0.750022 s / it)
Averaged stats: loss: 1.821670 (1.838140)  lr: 0.011033 (0.011137)  wd: 0.000100 (0.000100)
Epoch: [41/100]  [  0/197]  eta: 0:18:34  loss: 1.811477 (1.811477)  lr: 0.011021 (0.011021)  wd: 0.000100 (0.000100)  time: 5.656458  data: 5.107961  max mem: 11624
Epoch: [41/100]  [ 10/197]  eta: 0:03:07  loss: 1.768949 (1.741087)  lr: 0.011015 (0.011015)  wd: 0.000100 (0.000100)  time: 1.004005  data: 0.498695  max mem: 11624
Epoch: [41/100]  [ 20/197]  eta: 0:02:50  loss: 1.768949 (1.771524)  lr: 0.011008 (0.011010)  wd: 0.000100 (0.000100)  time: 0.727307  data: 0.057695  max mem: 11624
Epoch: [41/100]  [ 30/197]  eta: 0:02:24  loss: 1.794521 (1.783379)  lr: 0.010997 (0.011004)  wd: 0.000100 (0.000100)  time: 0.790064  data: 0.040003  max mem: 11624
Epoch: [41/100]  [ 40/197]  eta: 0:02:10  loss: 1.726195 (1.770485)  lr: 0.010985 (0.010998)  wd: 0.000100 (0.000100)  time: 0.698792  data: 0.001622  max mem: 11624
Epoch: [41/100]  [ 50/197]  eta: 0:02:04  loss: 1.813254 (1.793168)  lr: 0.010973 (0.010992)  wd: 0.000100 (0.000100)  time: 0.811694  data: 0.015493  max mem: 11624
Epoch: [41/100]  [ 60/197]  eta: 0:01:53  loss: 1.821185 (1.800210)  lr: 0.010961 (0.010986)  wd: 0.000100 (0.000100)  time: 0.820521  data: 0.016461  max mem: 11624
Epoch: [41/100]  [ 70/197]  eta: 0:01:43  loss: 1.808026 (1.806394)  lr: 0.010950 (0.010980)  wd: 0.000100 (0.000100)  time: 0.734179  data: 0.001532  max mem: 11624
Epoch: [41/100]  [ 80/197]  eta: 0:01:34  loss: 1.821246 (1.803348)  lr: 0.010938 (0.010974)  wd: 0.000100 (0.000100)  time: 0.735370  data: 0.000217  max mem: 11624
Epoch: [41/100]  [ 90/197]  eta: 0:01:25  loss: 1.818949 (1.802596)  lr: 0.010926 (0.010968)  wd: 0.000100 (0.000100)  time: 0.739728  data: 0.000173  max mem: 11624
Epoch: [41/100]  [100/197]  eta: 0:01:16  loss: 1.819106 (1.807301)  lr: 0.010914 (0.010962)  wd: 0.000100 (0.000100)  time: 0.743052  data: 0.000247  max mem: 11624
Epoch: [41/100]  [110/197]  eta: 0:01:08  loss: 1.832044 (1.813745)  lr: 0.010902 (0.010957)  wd: 0.000100 (0.000100)  time: 0.740910  data: 0.000269  max mem: 11624
Epoch: [41/100]  [120/197]  eta: 0:01:00  loss: 1.831028 (1.816440)  lr: 0.010890 (0.010951)  wd: 0.000100 (0.000100)  time: 0.754393  data: 0.000214  max mem: 11624
Epoch: [41/100]  [130/197]  eta: 0:00:52  loss: 1.781787 (1.816834)  lr: 0.010879 (0.010945)  wd: 0.000100 (0.000100)  time: 0.754454  data: 0.000195  max mem: 11624
Epoch: [41/100]  [140/197]  eta: 0:00:44  loss: 1.782870 (1.814561)  lr: 0.010867 (0.010939)  wd: 0.000100 (0.000100)  time: 0.722046  data: 0.000352  max mem: 11624
Epoch: [41/100]  [150/197]  eta: 0:00:36  loss: 1.781936 (1.811228)  lr: 0.010855 (0.010933)  wd: 0.000100 (0.000100)  time: 0.752719  data: 0.000889  max mem: 11624
Epoch: [41/100]  [160/197]  eta: 0:00:28  loss: 1.756302 (1.807648)  lr: 0.010843 (0.010927)  wd: 0.000100 (0.000100)  time: 0.752256  data: 0.000724  max mem: 11624
Epoch: [41/100]  [170/197]  eta: 0:00:20  loss: 1.741851 (1.805565)  lr: 0.010831 (0.010921)  wd: 0.000100 (0.000100)  time: 0.692943  data: 0.002739  max mem: 11624
Epoch: [41/100]  [180/197]  eta: 0:00:13  loss: 1.747301 (1.805545)  lr: 0.010819 (0.010915)  wd: 0.000100 (0.000100)  time: 0.706374  data: 0.002751  max mem: 11624
Epoch: [41/100]  [190/197]  eta: 0:00:05  loss: 1.729138 (1.801905)  lr: 0.010807 (0.010909)  wd: 0.000100 (0.000100)  time: 0.574119  data: 0.000177  max mem: 11624
Epoch: [41/100]  [196/197]  eta: 0:00:00  loss: 1.813439 (1.802403)  lr: 0.010800 (0.010906)  wd: 0.000100 (0.000100)  time: 0.431826  data: 0.000130  max mem: 11624
Epoch: [41/100] Total time: 0:02:25 (0.737144 s / it)
Averaged stats: loss: 1.813439 (1.812171)  lr: 0.010800 (0.010906)  wd: 0.000100 (0.000100)
Epoch: [42/100]  [  0/197]  eta: 0:27:08  loss: 1.832229 (1.832229)  lr: 0.010788 (0.010788)  wd: 0.000100 (0.000100)  time: 8.265428  data: 7.618136  max mem: 11624
Epoch: [42/100]  [ 10/197]  eta: 0:04:14  loss: 1.798388 (1.786727)  lr: 0.010782 (0.010782)  wd: 0.000100 (0.000100)  time: 1.362265  data: 0.692703  max mem: 11624
Epoch: [42/100]  [ 20/197]  eta: 0:03:05  loss: 1.730137 (1.773514)  lr: 0.010775 (0.010776)  wd: 0.000100 (0.000100)  time: 0.686754  data: 0.033782  max mem: 11624
Epoch: [42/100]  [ 30/197]  eta: 0:02:43  loss: 1.776997 (1.770847)  lr: 0.010763 (0.010770)  wd: 0.000100 (0.000100)  time: 0.767247  data: 0.080659  max mem: 11624
Epoch: [42/100]  [ 40/197]  eta: 0:02:26  loss: 1.769851 (1.773286)  lr: 0.010751 (0.010764)  wd: 0.000100 (0.000100)  time: 0.811803  data: 0.047074  max mem: 11624
Epoch: [42/100]  [ 50/197]  eta: 0:02:12  loss: 1.748180 (1.774229)  lr: 0.010739 (0.010758)  wd: 0.000100 (0.000100)  time: 0.780923  data: 0.040351  max mem: 11624
Epoch: [42/100]  [ 60/197]  eta: 0:02:00  loss: 1.761694 (1.773996)  lr: 0.010727 (0.010752)  wd: 0.000100 (0.000100)  time: 0.763472  data: 0.097909  max mem: 11624
Epoch: [42/100]  [ 70/197]  eta: 0:01:48  loss: 1.771597 (1.778881)  lr: 0.010715 (0.010746)  wd: 0.000100 (0.000100)  time: 0.733065  data: 0.101367  max mem: 11624
Epoch: [42/100]  [ 80/197]  eta: 0:01:38  loss: 1.816926 (1.780155)  lr: 0.010703 (0.010740)  wd: 0.000100 (0.000100)  time: 0.744407  data: 0.116224  max mem: 11624
Epoch: [42/100]  [ 90/197]  eta: 0:01:30  loss: 1.845961 (1.784891)  lr: 0.010691 (0.010734)  wd: 0.000100 (0.000100)  time: 0.797185  data: 0.200886  max mem: 11624
Epoch: [42/100]  [100/197]  eta: 0:01:22  loss: 1.830923 (1.784322)  lr: 0.010679 (0.010728)  wd: 0.000100 (0.000100)  time: 0.863887  data: 0.152082  max mem: 11624
Epoch: [42/100]  [110/197]  eta: 0:01:12  loss: 1.756117 (1.784009)  lr: 0.010667 (0.010722)  wd: 0.000100 (0.000100)  time: 0.816286  data: 0.023809  max mem: 11624
Epoch: [42/100]  [120/197]  eta: 0:01:03  loss: 1.756117 (1.784523)  lr: 0.010655 (0.010716)  wd: 0.000100 (0.000100)  time: 0.708550  data: 0.000163  max mem: 11624
Epoch: [42/100]  [130/197]  eta: 0:00:54  loss: 1.779597 (1.785116)  lr: 0.010643 (0.010710)  wd: 0.000100 (0.000100)  time: 0.720121  data: 0.000180  max mem: 11624
Epoch: [42/100]  [140/197]  eta: 0:00:46  loss: 1.752935 (1.782314)  lr: 0.010631 (0.010704)  wd: 0.000100 (0.000100)  time: 0.718863  data: 0.000201  max mem: 11624
Epoch: [42/100]  [150/197]  eta: 0:00:37  loss: 1.682967 (1.776282)  lr: 0.010619 (0.010698)  wd: 0.000100 (0.000100)  time: 0.674555  data: 0.000436  max mem: 11624
Epoch: [42/100]  [160/197]  eta: 0:00:29  loss: 1.709113 (1.780101)  lr: 0.010607 (0.010692)  wd: 0.000100 (0.000100)  time: 0.711006  data: 0.000446  max mem: 11624
Epoch: [42/100]  [170/197]  eta: 0:00:21  loss: 1.745401 (1.780358)  lr: 0.010594 (0.010686)  wd: 0.000100 (0.000100)  time: 0.730493  data: 0.002389  max mem: 11624
Epoch: [42/100]  [180/197]  eta: 0:00:13  loss: 1.786072 (1.786541)  lr: 0.010582 (0.010680)  wd: 0.000100 (0.000100)  time: 0.743352  data: 0.002372  max mem: 11624
Epoch: [42/100]  [190/197]  eta: 0:00:05  loss: 1.769096 (1.785275)  lr: 0.010570 (0.010674)  wd: 0.000100 (0.000100)  time: 0.587779  data: 0.000153  max mem: 11624
Epoch: [42/100]  [196/197]  eta: 0:00:00  loss: 1.747605 (1.787233)  lr: 0.010563 (0.010670)  wd: 0.000100 (0.000100)  time: 0.453126  data: 0.000122  max mem: 11624
Epoch: [42/100] Total time: 0:02:29 (0.759336 s / it)
Averaged stats: loss: 1.747605 (1.782838)  lr: 0.010563 (0.010670)  wd: 0.000100 (0.000100)
Epoch: [43/100]  [  0/197]  eta: 0:28:15  loss: 1.985769 (1.985769)  lr: 0.010551 (0.010551)  wd: 0.000100 (0.000100)  time: 8.607320  data: 7.869326  max mem: 11624
Epoch: [43/100]  [ 10/197]  eta: 0:04:37  loss: 1.805657 (1.834575)  lr: 0.010545 (0.010545)  wd: 0.000100 (0.000100)  time: 1.483493  data: 0.829432  max mem: 11624
Epoch: [43/100]  [ 20/197]  eta: 0:03:31  loss: 1.805657 (1.797499)  lr: 0.010537 (0.010539)  wd: 0.000100 (0.000100)  time: 0.827141  data: 0.159165  max mem: 11624
Epoch: [43/100]  [ 30/197]  eta: 0:02:51  loss: 1.818632 (1.810630)  lr: 0.010525 (0.010533)  wd: 0.000100 (0.000100)  time: 0.777599  data: 0.136693  max mem: 11624
Epoch: [43/100]  [ 40/197]  eta: 0:02:29  loss: 1.801033 (1.802212)  lr: 0.010513 (0.010527)  wd: 0.000100 (0.000100)  time: 0.692539  data: 0.059689  max mem: 11624
Epoch: [43/100]  [ 50/197]  eta: 0:02:14  loss: 1.761796 (1.798597)  lr: 0.010501 (0.010520)  wd: 0.000100 (0.000100)  time: 0.733918  data: 0.069954  max mem: 11624
Epoch: [43/100]  [ 60/197]  eta: 0:01:59  loss: 1.757411 (1.783833)  lr: 0.010489 (0.010514)  wd: 0.000100 (0.000100)  time: 0.714829  data: 0.053200  max mem: 11624
Epoch: [43/100]  [ 70/197]  eta: 0:01:51  loss: 1.768745 (1.784331)  lr: 0.010477 (0.010508)  wd: 0.000100 (0.000100)  time: 0.776648  data: 0.090051  max mem: 11624
Epoch: [43/100]  [ 80/197]  eta: 0:01:40  loss: 1.736847 (1.775041)  lr: 0.010464 (0.010502)  wd: 0.000100 (0.000100)  time: 0.828041  data: 0.126653  max mem: 11624
Epoch: [43/100]  [ 90/197]  eta: 0:01:30  loss: 1.753259 (1.777048)  lr: 0.010452 (0.010496)  wd: 0.000100 (0.000100)  time: 0.760025  data: 0.060214  max mem: 11624
Epoch: [43/100]  [100/197]  eta: 0:01:21  loss: 1.792676 (1.778975)  lr: 0.010440 (0.010490)  wd: 0.000100 (0.000100)  time: 0.742956  data: 0.022274  max mem: 11624
Epoch: [43/100]  [110/197]  eta: 0:01:11  loss: 1.825380 (1.784136)  lr: 0.010428 (0.010484)  wd: 0.000100 (0.000100)  time: 0.722784  data: 0.001434  max mem: 11624
Epoch: [43/100]  [120/197]  eta: 0:01:04  loss: 1.809453 (1.780357)  lr: 0.010415 (0.010478)  wd: 0.000100 (0.000100)  time: 0.819233  data: 0.000213  max mem: 11624
Epoch: [43/100]  [130/197]  eta: 0:00:54  loss: 1.836466 (1.790441)  lr: 0.010403 (0.010472)  wd: 0.000100 (0.000100)  time: 0.784131  data: 0.000496  max mem: 11624
Epoch: [43/100]  [140/197]  eta: 0:00:46  loss: 1.815184 (1.786573)  lr: 0.010391 (0.010466)  wd: 0.000100 (0.000100)  time: 0.685269  data: 0.002190  max mem: 11624
Epoch: [43/100]  [150/197]  eta: 0:00:38  loss: 1.718259 (1.782044)  lr: 0.010379 (0.010459)  wd: 0.000100 (0.000100)  time: 0.745021  data: 0.001910  max mem: 11624
Epoch: [43/100]  [160/197]  eta: 0:00:29  loss: 1.685614 (1.778456)  lr: 0.010366 (0.010453)  wd: 0.000100 (0.000100)  time: 0.706317  data: 0.000184  max mem: 11624
Epoch: [43/100]  [170/197]  eta: 0:00:21  loss: 1.711706 (1.776093)  lr: 0.010354 (0.010447)  wd: 0.000100 (0.000100)  time: 0.727213  data: 0.001569  max mem: 11624
Epoch: [43/100]  [180/197]  eta: 0:00:13  loss: 1.710278 (1.773594)  lr: 0.010342 (0.010441)  wd: 0.000100 (0.000100)  time: 0.743065  data: 0.001579  max mem: 11624
Epoch: [43/100]  [190/197]  eta: 0:00:05  loss: 1.689283 (1.769357)  lr: 0.010330 (0.010435)  wd: 0.000100 (0.000100)  time: 0.527801  data: 0.000167  max mem: 11624
Epoch: [43/100]  [196/197]  eta: 0:00:00  loss: 1.667145 (1.767140)  lr: 0.010322 (0.010431)  wd: 0.000100 (0.000100)  time: 0.407811  data: 0.000126  max mem: 11624
Epoch: [43/100] Total time: 0:02:29 (0.759212 s / it)
Averaged stats: loss: 1.667145 (1.769842)  lr: 0.010322 (0.010431)  wd: 0.000100 (0.000100)
Epoch: [44/100]  [  0/197]  eta: 0:27:34  loss: 1.657646 (1.657646)  lr: 0.010310 (0.010310)  wd: 0.000100 (0.000100)  time: 8.400275  data: 7.393065  max mem: 11624
Epoch: [44/100]  [ 10/197]  eta: 0:04:05  loss: 1.719811 (1.745409)  lr: 0.010304 (0.010304)  wd: 0.000100 (0.000100)  time: 1.310456  data: 0.672277  max mem: 11624
Epoch: [44/100]  [ 20/197]  eta: 0:03:08  loss: 1.730139 (1.753465)  lr: 0.010296 (0.010298)  wd: 0.000100 (0.000100)  time: 0.701085  data: 0.006419  max mem: 11624
Epoch: [44/100]  [ 30/197]  eta: 0:02:41  loss: 1.730139 (1.753478)  lr: 0.010284 (0.010291)  wd: 0.000100 (0.000100)  time: 0.779287  data: 0.041110  max mem: 11624
Epoch: [44/100]  [ 40/197]  eta: 0:02:21  loss: 1.752334 (1.764958)  lr: 0.010272 (0.010285)  wd: 0.000100 (0.000100)  time: 0.732772  data: 0.065040  max mem: 11624
Epoch: [44/100]  [ 50/197]  eta: 0:02:15  loss: 1.775622 (1.767261)  lr: 0.010259 (0.010279)  wd: 0.000100 (0.000100)  time: 0.850222  data: 0.089875  max mem: 11624
Epoch: [44/100]  [ 60/197]  eta: 0:02:00  loss: 1.781973 (1.782548)  lr: 0.010247 (0.010273)  wd: 0.000100 (0.000100)  time: 0.827353  data: 0.059806  max mem: 11624
Epoch: [44/100]  [ 70/197]  eta: 0:01:48  loss: 1.794874 (1.778133)  lr: 0.010235 (0.010267)  wd: 0.000100 (0.000100)  time: 0.695118  data: 0.000268  max mem: 11624
Epoch: [44/100]  [ 80/197]  eta: 0:01:37  loss: 1.662013 (1.757639)  lr: 0.010222 (0.010260)  wd: 0.000100 (0.000100)  time: 0.699269  data: 0.000194  max mem: 11624
Epoch: [44/100]  [ 90/197]  eta: 0:01:28  loss: 1.706260 (1.761143)  lr: 0.010210 (0.010254)  wd: 0.000100 (0.000100)  time: 0.721027  data: 0.048353  max mem: 11624
Epoch: [44/100]  [100/197]  eta: 0:01:19  loss: 1.795373 (1.763584)  lr: 0.010197 (0.010248)  wd: 0.000100 (0.000100)  time: 0.733378  data: 0.048879  max mem: 11624
Epoch: [44/100]  [110/197]  eta: 0:01:10  loss: 1.714012 (1.761977)  lr: 0.010185 (0.010242)  wd: 0.000100 (0.000100)  time: 0.728901  data: 0.001316  max mem: 11624
Epoch: [44/100]  [120/197]  eta: 0:01:01  loss: 1.713362 (1.759461)  lr: 0.010173 (0.010236)  wd: 0.000100 (0.000100)  time: 0.726091  data: 0.005355  max mem: 11624
Epoch: [44/100]  [130/197]  eta: 0:00:53  loss: 1.713362 (1.759590)  lr: 0.010160 (0.010230)  wd: 0.000100 (0.000100)  time: 0.764245  data: 0.004768  max mem: 11624
Epoch: [44/100]  [140/197]  eta: 0:00:45  loss: 1.701382 (1.756597)  lr: 0.010148 (0.010223)  wd: 0.000100 (0.000100)  time: 0.842530  data: 0.077700  max mem: 11624
Epoch: [44/100]  [150/197]  eta: 0:00:37  loss: 1.742289 (1.757697)  lr: 0.010135 (0.010217)  wd: 0.000100 (0.000100)  time: 0.757612  data: 0.079270  max mem: 11624
Epoch: [44/100]  [160/197]  eta: 0:00:29  loss: 1.775242 (1.759509)  lr: 0.010123 (0.010211)  wd: 0.000100 (0.000100)  time: 0.706740  data: 0.034683  max mem: 11624
Epoch: [44/100]  [170/197]  eta: 0:00:21  loss: 1.758387 (1.758318)  lr: 0.010110 (0.010205)  wd: 0.000100 (0.000100)  time: 0.714084  data: 0.033162  max mem: 11624
Epoch: [44/100]  [180/197]  eta: 0:00:13  loss: 1.724500 (1.756338)  lr: 0.010098 (0.010199)  wd: 0.000100 (0.000100)  time: 0.690611  data: 0.033111  max mem: 11624
Epoch: [44/100]  [190/197]  eta: 0:00:05  loss: 1.740118 (1.759006)  lr: 0.010085 (0.010192)  wd: 0.000100 (0.000100)  time: 0.561294  data: 0.033022  max mem: 11624
Epoch: [44/100]  [196/197]  eta: 0:00:00  loss: 1.729213 (1.756205)  lr: 0.010078 (0.010189)  wd: 0.000100 (0.000100)  time: 0.470775  data: 0.032990  max mem: 11624
Epoch: [44/100] Total time: 0:02:28 (0.751967 s / it)
Averaged stats: loss: 1.729213 (1.754718)  lr: 0.010078 (0.010189)  wd: 0.000100 (0.000100)
Epoch: [45/100]  [  0/197]  eta: 0:25:11  loss: 1.929819 (1.929819)  lr: 0.010065 (0.010065)  wd: 0.000100 (0.000100)  time: 7.671116  data: 6.722511  max mem: 11624
Epoch: [45/100]  [ 10/197]  eta: 0:04:27  loss: 1.787469 (1.798965)  lr: 0.010059 (0.010059)  wd: 0.000100 (0.000100)  time: 1.430829  data: 0.744452  max mem: 11624
Epoch: [45/100]  [ 20/197]  eta: 0:03:17  loss: 1.744017 (1.786238)  lr: 0.010052 (0.010053)  wd: 0.000100 (0.000100)  time: 0.790414  data: 0.073428  max mem: 11624
Epoch: [45/100]  [ 30/197]  eta: 0:02:48  loss: 1.791533 (1.800933)  lr: 0.010039 (0.010047)  wd: 0.000100 (0.000100)  time: 0.778388  data: 0.002510  max mem: 11624
Epoch: [45/100]  [ 40/197]  eta: 0:02:29  loss: 1.780754 (1.773754)  lr: 0.010027 (0.010040)  wd: 0.000100 (0.000100)  time: 0.782580  data: 0.003495  max mem: 11624
Epoch: [45/100]  [ 50/197]  eta: 0:02:14  loss: 1.762512 (1.778737)  lr: 0.010014 (0.010034)  wd: 0.000100 (0.000100)  time: 0.762309  data: 0.001576  max mem: 11624
Epoch: [45/100]  [ 60/197]  eta: 0:02:04  loss: 1.725772 (1.766304)  lr: 0.010002 (0.010028)  wd: 0.000100 (0.000100)  time: 0.811218  data: 0.000583  max mem: 11624
Epoch: [45/100]  [ 70/197]  eta: 0:01:52  loss: 1.690027 (1.758866)  lr: 0.009989 (0.010022)  wd: 0.000100 (0.000100)  time: 0.816037  data: 0.000742  max mem: 11624
Epoch: [45/100]  [ 80/197]  eta: 0:01:40  loss: 1.683977 (1.747643)  lr: 0.009977 (0.010015)  wd: 0.000100 (0.000100)  time: 0.715318  data: 0.003517  max mem: 11624
Epoch: [45/100]  [ 90/197]  eta: 0:01:30  loss: 1.672000 (1.745358)  lr: 0.009964 (0.010009)  wd: 0.000100 (0.000100)  time: 0.711566  data: 0.002966  max mem: 11624
Epoch: [45/100]  [100/197]  eta: 0:01:20  loss: 1.703833 (1.741971)  lr: 0.009952 (0.010003)  wd: 0.000100 (0.000100)  time: 0.719020  data: 0.000207  max mem: 11624
Epoch: [45/100]  [110/197]  eta: 0:01:11  loss: 1.703833 (1.739828)  lr: 0.009939 (0.009997)  wd: 0.000100 (0.000100)  time: 0.713559  data: 0.000967  max mem: 11624
Epoch: [45/100]  [120/197]  eta: 0:01:03  loss: 1.730882 (1.738653)  lr: 0.009926 (0.009990)  wd: 0.000100 (0.000100)  time: 0.765695  data: 0.069609  max mem: 11624
Epoch: [45/100]  [130/197]  eta: 0:00:54  loss: 1.672486 (1.735835)  lr: 0.009914 (0.009984)  wd: 0.000100 (0.000100)  time: 0.775772  data: 0.102769  max mem: 11624
Epoch: [45/100]  [140/197]  eta: 0:00:46  loss: 1.652794 (1.729865)  lr: 0.009901 (0.009978)  wd: 0.000100 (0.000100)  time: 0.782665  data: 0.034112  max mem: 11624
Epoch: [45/100]  [150/197]  eta: 0:00:37  loss: 1.699243 (1.730778)  lr: 0.009889 (0.009972)  wd: 0.000100 (0.000100)  time: 0.750816  data: 0.000194  max mem: 11624
Epoch: [45/100]  [160/197]  eta: 0:00:29  loss: 1.738313 (1.729935)  lr: 0.009876 (0.009965)  wd: 0.000100 (0.000100)  time: 0.709814  data: 0.073582  max mem: 11624
Epoch: [45/100]  [170/197]  eta: 0:00:21  loss: 1.705769 (1.724777)  lr: 0.009863 (0.009959)  wd: 0.000100 (0.000100)  time: 0.778169  data: 0.109198  max mem: 11624
Epoch: [45/100]  [180/197]  eta: 0:00:13  loss: 1.705769 (1.726061)  lr: 0.009851 (0.009953)  wd: 0.000100 (0.000100)  time: 0.786365  data: 0.052175  max mem: 11624
Epoch: [45/100]  [190/197]  eta: 0:00:05  loss: 1.686874 (1.723098)  lr: 0.009838 (0.009946)  wd: 0.000100 (0.000100)  time: 0.557522  data: 0.016520  max mem: 11624
Epoch: [45/100]  [196/197]  eta: 0:00:00  loss: 1.678986 (1.723794)  lr: 0.009831 (0.009943)  wd: 0.000100 (0.000100)  time: 0.444476  data: 0.015291  max mem: 11624
Epoch: [45/100] Total time: 0:02:30 (0.765560 s / it)
Averaged stats: loss: 1.678986 (1.726612)  lr: 0.009831 (0.009943)  wd: 0.000100 (0.000100)
Epoch: [46/100]  [  0/197]  eta: 0:31:29  loss: 1.786068 (1.786068)  lr: 0.009818 (0.009818)  wd: 0.000100 (0.000100)  time: 9.589966  data: 9.092751  max mem: 11624
Epoch: [46/100]  [ 10/197]  eta: 0:04:26  loss: 1.665969 (1.680591)  lr: 0.009812 (0.009812)  wd: 0.000100 (0.000100)  time: 1.426866  data: 0.826828  max mem: 11624
Epoch: [46/100]  [ 20/197]  eta: 0:03:10  loss: 1.676407 (1.716762)  lr: 0.009804 (0.009805)  wd: 0.000100 (0.000100)  time: 0.648726  data: 0.002055  max mem: 11624
Epoch: [46/100]  [ 30/197]  eta: 0:02:42  loss: 1.781109 (1.725647)  lr: 0.009791 (0.009799)  wd: 0.000100 (0.000100)  time: 0.725835  data: 0.006219  max mem: 11624
Epoch: [46/100]  [ 40/197]  eta: 0:02:26  loss: 1.718570 (1.720010)  lr: 0.009779 (0.009793)  wd: 0.000100 (0.000100)  time: 0.780280  data: 0.005121  max mem: 11624
Epoch: [46/100]  [ 50/197]  eta: 0:02:11  loss: 1.653327 (1.712368)  lr: 0.009766 (0.009786)  wd: 0.000100 (0.000100)  time: 0.765360  data: 0.076019  max mem: 11624
Epoch: [46/100]  [ 60/197]  eta: 0:02:02  loss: 1.623863 (1.707447)  lr: 0.009753 (0.009780)  wd: 0.000100 (0.000100)  time: 0.807811  data: 0.119966  max mem: 11624
Epoch: [46/100]  [ 70/197]  eta: 0:01:50  loss: 1.662733 (1.705498)  lr: 0.009741 (0.009774)  wd: 0.000100 (0.000100)  time: 0.799918  data: 0.045755  max mem: 11624
Epoch: [46/100]  [ 80/197]  eta: 0:01:38  loss: 1.754261 (1.712658)  lr: 0.009728 (0.009767)  wd: 0.000100 (0.000100)  time: 0.687667  data: 0.001309  max mem: 11624
Epoch: [46/100]  [ 90/197]  eta: 0:01:28  loss: 1.741610 (1.714599)  lr: 0.009715 (0.009761)  wd: 0.000100 (0.000100)  time: 0.677249  data: 0.052880  max mem: 11624
Epoch: [46/100]  [100/197]  eta: 0:01:19  loss: 1.721168 (1.714705)  lr: 0.009703 (0.009755)  wd: 0.000100 (0.000100)  time: 0.743407  data: 0.115390  max mem: 11624
Epoch: [46/100]  [110/197]  eta: 0:01:10  loss: 1.722898 (1.715273)  lr: 0.009690 (0.009748)  wd: 0.000100 (0.000100)  time: 0.765234  data: 0.062937  max mem: 11624
Epoch: [46/100]  [120/197]  eta: 0:01:02  loss: 1.722577 (1.716289)  lr: 0.009677 (0.009742)  wd: 0.000100 (0.000100)  time: 0.762036  data: 0.055773  max mem: 11624
Epoch: [46/100]  [130/197]  eta: 0:00:54  loss: 1.728666 (1.718867)  lr: 0.009665 (0.009736)  wd: 0.000100 (0.000100)  time: 0.777927  data: 0.061596  max mem: 11624
Epoch: [46/100]  [140/197]  eta: 0:00:45  loss: 1.705521 (1.716976)  lr: 0.009652 (0.009729)  wd: 0.000100 (0.000100)  time: 0.769152  data: 0.028115  max mem: 11624
Epoch: [46/100]  [150/197]  eta: 0:00:37  loss: 1.698817 (1.717355)  lr: 0.009639 (0.009723)  wd: 0.000100 (0.000100)  time: 0.749993  data: 0.043806  max mem: 11624
Epoch: [46/100]  [160/197]  eta: 0:00:29  loss: 1.710740 (1.718822)  lr: 0.009626 (0.009717)  wd: 0.000100 (0.000100)  time: 0.769920  data: 0.021685  max mem: 11624
Epoch: [46/100]  [170/197]  eta: 0:00:21  loss: 1.710740 (1.719721)  lr: 0.009614 (0.009710)  wd: 0.000100 (0.000100)  time: 0.728890  data: 0.000189  max mem: 11624
Epoch: [46/100]  [180/197]  eta: 0:00:13  loss: 1.688390 (1.716921)  lr: 0.009601 (0.009704)  wd: 0.000100 (0.000100)  time: 0.673436  data: 0.000363  max mem: 11624
Epoch: [46/100]  [190/197]  eta: 0:00:05  loss: 1.643422 (1.711344)  lr: 0.009588 (0.009697)  wd: 0.000100 (0.000100)  time: 0.585467  data: 0.000298  max mem: 11624
Epoch: [46/100]  [196/197]  eta: 0:00:00  loss: 1.658002 (1.710598)  lr: 0.009580 (0.009694)  wd: 0.000100 (0.000100)  time: 0.442763  data: 0.000243  max mem: 11624
Epoch: [46/100] Total time: 0:02:29 (0.758016 s / it)
Averaged stats: loss: 1.658002 (1.710406)  lr: 0.009580 (0.009694)  wd: 0.000100 (0.000100)
Epoch: [47/100]  [  0/197]  eta: 0:26:55  loss: 1.679730 (1.679730)  lr: 0.009568 (0.009568)  wd: 0.000100 (0.000100)  time: 8.199109  data: 7.569228  max mem: 11624
Epoch: [47/100]  [ 10/197]  eta: 0:04:24  loss: 1.742194 (1.712540)  lr: 0.009561 (0.009561)  wd: 0.000100 (0.000100)  time: 1.415855  data: 0.825312  max mem: 11624
Epoch: [47/100]  [ 20/197]  eta: 0:03:09  loss: 1.705567 (1.689175)  lr: 0.009554 (0.009555)  wd: 0.000100 (0.000100)  time: 0.712003  data: 0.122542  max mem: 11624
Epoch: [47/100]  [ 30/197]  eta: 0:02:44  loss: 1.623611 (1.695025)  lr: 0.009541 (0.009548)  wd: 0.000100 (0.000100)  time: 0.744695  data: 0.085873  max mem: 11624
Epoch: [47/100]  [ 40/197]  eta: 0:02:27  loss: 1.689237 (1.699575)  lr: 0.009528 (0.009542)  wd: 0.000100 (0.000100)  time: 0.802497  data: 0.038882  max mem: 11624
Epoch: [47/100]  [ 50/197]  eta: 0:02:12  loss: 1.689237 (1.694312)  lr: 0.009515 (0.009536)  wd: 0.000100 (0.000100)  time: 0.769910  data: 0.000189  max mem: 11624
Epoch: [47/100]  [ 60/197]  eta: 0:01:58  loss: 1.695296 (1.693923)  lr: 0.009502 (0.009529)  wd: 0.000100 (0.000100)  time: 0.710948  data: 0.031535  max mem: 11624
Epoch: [47/100]  [ 70/197]  eta: 0:01:48  loss: 1.704911 (1.698529)  lr: 0.009490 (0.009523)  wd: 0.000100 (0.000100)  time: 0.736570  data: 0.056245  max mem: 11624
Epoch: [47/100]  [ 80/197]  eta: 0:01:39  loss: 1.712562 (1.701656)  lr: 0.009477 (0.009516)  wd: 0.000100 (0.000100)  time: 0.818375  data: 0.077052  max mem: 11624
Epoch: [47/100]  [ 90/197]  eta: 0:01:29  loss: 1.703090 (1.703007)  lr: 0.009464 (0.009510)  wd: 0.000100 (0.000100)  time: 0.781195  data: 0.052954  max mem: 11624
Epoch: [47/100]  [100/197]  eta: 0:01:20  loss: 1.645459 (1.694059)  lr: 0.009451 (0.009504)  wd: 0.000100 (0.000100)  time: 0.749363  data: 0.001318  max mem: 11624
Epoch: [47/100]  [110/197]  eta: 0:01:11  loss: 1.606949 (1.695125)  lr: 0.009438 (0.009497)  wd: 0.000100 (0.000100)  time: 0.721099  data: 0.000727  max mem: 11624
Epoch: [47/100]  [120/197]  eta: 0:01:02  loss: 1.720454 (1.699211)  lr: 0.009425 (0.009491)  wd: 0.000100 (0.000100)  time: 0.707102  data: 0.000211  max mem: 11624
Epoch: [47/100]  [130/197]  eta: 0:00:53  loss: 1.743788 (1.705632)  lr: 0.009413 (0.009484)  wd: 0.000100 (0.000100)  time: 0.731039  data: 0.000188  max mem: 11624
Epoch: [47/100]  [140/197]  eta: 0:00:45  loss: 1.714044 (1.700923)  lr: 0.009400 (0.009478)  wd: 0.000100 (0.000100)  time: 0.738215  data: 0.061510  max mem: 11624
Epoch: [47/100]  [150/197]  eta: 0:00:37  loss: 1.642146 (1.700227)  lr: 0.009387 (0.009472)  wd: 0.000100 (0.000100)  time: 0.799393  data: 0.141926  max mem: 11624
Epoch: [47/100]  [160/197]  eta: 0:00:29  loss: 1.650220 (1.694545)  lr: 0.009374 (0.009465)  wd: 0.000100 (0.000100)  time: 0.841006  data: 0.116854  max mem: 11624
Epoch: [47/100]  [170/197]  eta: 0:00:21  loss: 1.620726 (1.692367)  lr: 0.009361 (0.009459)  wd: 0.000100 (0.000100)  time: 0.765133  data: 0.040000  max mem: 11624
Epoch: [47/100]  [180/197]  eta: 0:00:13  loss: 1.630394 (1.690031)  lr: 0.009348 (0.009452)  wd: 0.000100 (0.000100)  time: 0.725230  data: 0.023093  max mem: 11624
Epoch: [47/100]  [190/197]  eta: 0:00:05  loss: 1.655167 (1.689633)  lr: 0.009335 (0.009446)  wd: 0.000100 (0.000100)  time: 0.553598  data: 0.019480  max mem: 11624
Epoch: [47/100]  [196/197]  eta: 0:00:00  loss: 1.682587 (1.688893)  lr: 0.009328 (0.009442)  wd: 0.000100 (0.000100)  time: 0.390985  data: 0.000102  max mem: 11624
Epoch: [47/100] Total time: 0:02:29 (0.760775 s / it)
Averaged stats: loss: 1.682587 (1.692842)  lr: 0.009328 (0.009442)  wd: 0.000100 (0.000100)
Epoch: [48/100]  [  0/197]  eta: 0:27:20  loss: 1.786417 (1.786417)  lr: 0.009315 (0.009315)  wd: 0.000100 (0.000100)  time: 8.326756  data: 7.657047  max mem: 11624
Epoch: [48/100]  [ 10/197]  eta: 0:04:04  loss: 1.676986 (1.682705)  lr: 0.009308 (0.009308)  wd: 0.000100 (0.000100)  time: 1.305552  data: 0.696653  max mem: 11624
Epoch: [48/100]  [ 20/197]  eta: 0:03:04  loss: 1.660661 (1.693676)  lr: 0.009301 (0.009302)  wd: 0.000100 (0.000100)  time: 0.678432  data: 0.001851  max mem: 11624
Epoch: [48/100]  [ 30/197]  eta: 0:02:37  loss: 1.660563 (1.686989)  lr: 0.009288 (0.009295)  wd: 0.000100 (0.000100)  time: 0.742436  data: 0.001649  max mem: 11624
Epoch: [48/100]  [ 40/197]  eta: 0:02:21  loss: 1.717646 (1.695257)  lr: 0.009275 (0.009289)  wd: 0.000100 (0.000100)  time: 0.747205  data: 0.001956  max mem: 11624
Epoch: [48/100]  [ 50/197]  eta: 0:02:10  loss: 1.741732 (1.691114)  lr: 0.009262 (0.009283)  wd: 0.000100 (0.000100)  time: 0.802145  data: 0.033473  max mem: 11624
Epoch: [48/100]  [ 60/197]  eta: 0:01:56  loss: 1.673375 (1.698616)  lr: 0.009249 (0.009276)  wd: 0.000100 (0.000100)  time: 0.746284  data: 0.031715  max mem: 11624
Epoch: [48/100]  [ 70/197]  eta: 0:01:45  loss: 1.694132 (1.700599)  lr: 0.009236 (0.009270)  wd: 0.000100 (0.000100)  time: 0.675653  data: 0.005603  max mem: 11624
Epoch: [48/100]  [ 80/197]  eta: 0:01:39  loss: 1.714713 (1.697624)  lr: 0.009223 (0.009263)  wd: 0.000100 (0.000100)  time: 0.839208  data: 0.092746  max mem: 11624
Epoch: [48/100]  [ 90/197]  eta: 0:01:28  loss: 1.714713 (1.702193)  lr: 0.009210 (0.009257)  wd: 0.000100 (0.000100)  time: 0.842135  data: 0.109427  max mem: 11624
Epoch: [48/100]  [100/197]  eta: 0:01:21  loss: 1.698127 (1.701393)  lr: 0.009197 (0.009250)  wd: 0.000100 (0.000100)  time: 0.789981  data: 0.022842  max mem: 11624
Epoch: [48/100]  [110/197]  eta: 0:01:11  loss: 1.641122 (1.695026)  lr: 0.009184 (0.009244)  wd: 0.000100 (0.000100)  time: 0.779095  data: 0.000737  max mem: 11624
Epoch: [48/100]  [120/197]  eta: 0:01:02  loss: 1.624321 (1.694064)  lr: 0.009171 (0.009237)  wd: 0.000100 (0.000100)  time: 0.693622  data: 0.000730  max mem: 11624
Epoch: [48/100]  [130/197]  eta: 0:00:53  loss: 1.662485 (1.695874)  lr: 0.009158 (0.009231)  wd: 0.000100 (0.000100)  time: 0.691582  data: 0.001121  max mem: 11624
Epoch: [48/100]  [140/197]  eta: 0:00:46  loss: 1.747920 (1.698640)  lr: 0.009145 (0.009224)  wd: 0.000100 (0.000100)  time: 0.792098  data: 0.027205  max mem: 11624
Epoch: [48/100]  [150/197]  eta: 0:00:37  loss: 1.726413 (1.694274)  lr: 0.009132 (0.009218)  wd: 0.000100 (0.000100)  time: 0.776781  data: 0.026823  max mem: 11624
Epoch: [48/100]  [160/197]  eta: 0:00:29  loss: 1.630214 (1.690606)  lr: 0.009119 (0.009211)  wd: 0.000100 (0.000100)  time: 0.675715  data: 0.000562  max mem: 11624
Epoch: [48/100]  [170/197]  eta: 0:00:21  loss: 1.622274 (1.686144)  lr: 0.009106 (0.009205)  wd: 0.000100 (0.000100)  time: 0.671897  data: 0.009636  max mem: 11624
Epoch: [48/100]  [180/197]  eta: 0:00:13  loss: 1.659469 (1.686685)  lr: 0.009094 (0.009198)  wd: 0.000100 (0.000100)  time: 0.735235  data: 0.088366  max mem: 11624
Epoch: [48/100]  [190/197]  eta: 0:00:05  loss: 1.687070 (1.685567)  lr: 0.009081 (0.009192)  wd: 0.000100 (0.000100)  time: 0.638677  data: 0.101273  max mem: 11624
Epoch: [48/100]  [196/197]  eta: 0:00:00  loss: 1.718081 (1.687045)  lr: 0.009073 (0.009188)  wd: 0.000100 (0.000100)  time: 0.421156  data: 0.022133  max mem: 11624
Epoch: [48/100] Total time: 0:02:28 (0.756003 s / it)
Averaged stats: loss: 1.718081 (1.679928)  lr: 0.009073 (0.009188)  wd: 0.000100 (0.000100)
Epoch: [49/100]  [  0/197]  eta: 0:27:08  loss: 1.555523 (1.555523)  lr: 0.009060 (0.009060)  wd: 0.000100 (0.000100)  time: 8.265711  data: 7.619869  max mem: 11624
Epoch: [49/100]  [ 10/197]  eta: 0:04:16  loss: 1.592616 (1.652485)  lr: 0.009053 (0.009053)  wd: 0.000100 (0.000100)  time: 1.373336  data: 0.791288  max mem: 11624
Epoch: [49/100]  [ 20/197]  eta: 0:03:07  loss: 1.630996 (1.684386)  lr: 0.009045 (0.009047)  wd: 0.000100 (0.000100)  time: 0.696511  data: 0.080001  max mem: 11624
Epoch: [49/100]  [ 30/197]  eta: 0:02:42  loss: 1.636200 (1.666416)  lr: 0.009032 (0.009040)  wd: 0.000100 (0.000100)  time: 0.750417  data: 0.100158  max mem: 11624
Epoch: [49/100]  [ 40/197]  eta: 0:02:25  loss: 1.633696 (1.662522)  lr: 0.009019 (0.009034)  wd: 0.000100 (0.000100)  time: 0.789124  data: 0.074990  max mem: 11624
Epoch: [49/100]  [ 50/197]  eta: 0:02:10  loss: 1.655366 (1.672550)  lr: 0.009006 (0.009027)  wd: 0.000100 (0.000100)  time: 0.762362  data: 0.001181  max mem: 11624
Epoch: [49/100]  [ 60/197]  eta: 0:01:57  loss: 1.655366 (1.664175)  lr: 0.008993 (0.009021)  wd: 0.000100 (0.000100)  time: 0.710924  data: 0.000659  max mem: 11624
Epoch: [49/100]  [ 70/197]  eta: 0:01:46  loss: 1.654616 (1.678554)  lr: 0.008980 (0.009014)  wd: 0.000100 (0.000100)  time: 0.707777  data: 0.027682  max mem: 11624
Epoch: [49/100]  [ 80/197]  eta: 0:01:37  loss: 1.697277 (1.671421)  lr: 0.008967 (0.009008)  wd: 0.000100 (0.000100)  time: 0.752457  data: 0.049875  max mem: 11624
Epoch: [49/100]  [ 90/197]  eta: 0:01:27  loss: 1.609596 (1.665904)  lr: 0.008954 (0.009001)  wd: 0.000100 (0.000100)  time: 0.747058  data: 0.025389  max mem: 11624
Epoch: [49/100]  [100/197]  eta: 0:01:18  loss: 1.616010 (1.668106)  lr: 0.008941 (0.008995)  wd: 0.000100 (0.000100)  time: 0.724474  data: 0.004871  max mem: 11624
Epoch: [49/100]  [110/197]  eta: 0:01:10  loss: 1.638827 (1.662200)  lr: 0.008928 (0.008988)  wd: 0.000100 (0.000100)  time: 0.775743  data: 0.001865  max mem: 11624
Epoch: [49/100]  [120/197]  eta: 0:01:01  loss: 1.640141 (1.661896)  lr: 0.008915 (0.008982)  wd: 0.000100 (0.000100)  time: 0.758052  data: 0.000178  max mem: 11624
Epoch: [49/100]  [130/197]  eta: 0:00:53  loss: 1.634305 (1.658717)  lr: 0.008902 (0.008975)  wd: 0.000100 (0.000100)  time: 0.695932  data: 0.002108  max mem: 11624
Epoch: [49/100]  [140/197]  eta: 0:00:44  loss: 1.651943 (1.663614)  lr: 0.008889 (0.008969)  wd: 0.000100 (0.000100)  time: 0.717317  data: 0.014783  max mem: 11624
Epoch: [49/100]  [150/197]  eta: 0:00:37  loss: 1.664736 (1.659347)  lr: 0.008876 (0.008962)  wd: 0.000100 (0.000100)  time: 0.813962  data: 0.060592  max mem: 11624
Epoch: [49/100]  [160/197]  eta: 0:00:29  loss: 1.673059 (1.663825)  lr: 0.008863 (0.008956)  wd: 0.000100 (0.000100)  time: 0.774214  data: 0.058992  max mem: 11624
Epoch: [49/100]  [170/197]  eta: 0:00:21  loss: 1.689769 (1.660834)  lr: 0.008850 (0.008949)  wd: 0.000100 (0.000100)  time: 0.674740  data: 0.041859  max mem: 11624
Epoch: [49/100]  [180/197]  eta: 0:00:13  loss: 1.617739 (1.660108)  lr: 0.008837 (0.008942)  wd: 0.000100 (0.000100)  time: 0.754997  data: 0.049415  max mem: 11624
Epoch: [49/100]  [190/197]  eta: 0:00:05  loss: 1.650191 (1.660707)  lr: 0.008824 (0.008936)  wd: 0.000100 (0.000100)  time: 0.602281  data: 0.018773  max mem: 11624
Epoch: [49/100]  [196/197]  eta: 0:00:00  loss: 1.641067 (1.659546)  lr: 0.008816 (0.008932)  wd: 0.000100 (0.000100)  time: 0.485091  data: 0.017939  max mem: 11624
Epoch: [49/100] Total time: 0:02:28 (0.751533 s / it)
Averaged stats: loss: 1.641067 (1.661420)  lr: 0.008816 (0.008932)  wd: 0.000100 (0.000100)
Epoch: [50/100]  [  0/197]  eta: 0:27:20  loss: 1.553259 (1.553259)  lr: 0.008803 (0.008803)  wd: 0.000100 (0.000100)  time: 8.326823  data: 7.719319  max mem: 11624
Epoch: [50/100]  [ 10/197]  eta: 0:04:06  loss: 1.553259 (1.592696)  lr: 0.008796 (0.008796)  wd: 0.000100 (0.000100)  time: 1.316363  data: 0.713095  max mem: 11624
Epoch: [50/100]  [ 20/197]  eta: 0:02:59  loss: 1.678961 (1.637160)  lr: 0.008788 (0.008790)  wd: 0.000100 (0.000100)  time: 0.649200  data: 0.015383  max mem: 11624
Epoch: [50/100]  [ 30/197]  eta: 0:02:36  loss: 1.684387 (1.639574)  lr: 0.008775 (0.008783)  wd: 0.000100 (0.000100)  time: 0.731827  data: 0.009347  max mem: 11624
Epoch: [50/100]  [ 40/197]  eta: 0:02:21  loss: 1.603135 (1.636710)  lr: 0.008762 (0.008777)  wd: 0.000100 (0.000100)  time: 0.787373  data: 0.001395  max mem: 11624
Epoch: [50/100]  [ 50/197]  eta: 0:02:07  loss: 1.578722 (1.625431)  lr: 0.008749 (0.008770)  wd: 0.000100 (0.000100)  time: 0.750376  data: 0.001309  max mem: 11624
Epoch: [50/100]  [ 60/197]  eta: 0:01:57  loss: 1.561938 (1.625042)  lr: 0.008736 (0.008763)  wd: 0.000100 (0.000100)  time: 0.757699  data: 0.001071  max mem: 11624
Epoch: [50/100]  [ 70/197]  eta: 0:01:48  loss: 1.571496 (1.618640)  lr: 0.008723 (0.008757)  wd: 0.000100 (0.000100)  time: 0.814538  data: 0.002211  max mem: 11624
Epoch: [50/100]  [ 80/197]  eta: 0:01:37  loss: 1.665461 (1.634997)  lr: 0.008710 (0.008750)  wd: 0.000100 (0.000100)  time: 0.758256  data: 0.001353  max mem: 11624
Epoch: [50/100]  [ 90/197]  eta: 0:01:27  loss: 1.684525 (1.635494)  lr: 0.008697 (0.008744)  wd: 0.000100 (0.000100)  time: 0.717946  data: 0.000221  max mem: 11624
Epoch: [50/100]  [100/197]  eta: 0:01:19  loss: 1.684525 (1.640991)  lr: 0.008684 (0.008737)  wd: 0.000100 (0.000100)  time: 0.771253  data: 0.001678  max mem: 11624
Epoch: [50/100]  [110/197]  eta: 0:01:10  loss: 1.664963 (1.639775)  lr: 0.008670 (0.008731)  wd: 0.000100 (0.000100)  time: 0.733589  data: 0.001644  max mem: 11624
Epoch: [50/100]  [120/197]  eta: 0:01:01  loss: 1.644085 (1.644674)  lr: 0.008657 (0.008724)  wd: 0.000100 (0.000100)  time: 0.706848  data: 0.032037  max mem: 11624
Epoch: [50/100]  [130/197]  eta: 0:00:53  loss: 1.680709 (1.644857)  lr: 0.008644 (0.008718)  wd: 0.000100 (0.000100)  time: 0.780748  data: 0.109750  max mem: 11624
Epoch: [50/100]  [140/197]  eta: 0:00:45  loss: 1.629224 (1.642167)  lr: 0.008631 (0.008711)  wd: 0.000100 (0.000100)  time: 0.776919  data: 0.083961  max mem: 11624
Epoch: [50/100]  [150/197]  eta: 0:00:37  loss: 1.634781 (1.646479)  lr: 0.008618 (0.008704)  wd: 0.000100 (0.000100)  time: 0.743787  data: 0.023402  max mem: 11624
Epoch: [50/100]  [160/197]  eta: 0:00:29  loss: 1.648367 (1.645786)  lr: 0.008605 (0.008698)  wd: 0.000100 (0.000100)  time: 0.782182  data: 0.091530  max mem: 11624
Epoch: [50/100]  [170/197]  eta: 0:00:21  loss: 1.616028 (1.649361)  lr: 0.008592 (0.008691)  wd: 0.000100 (0.000100)  time: 0.732994  data: 0.093513  max mem: 11624
Epoch: [50/100]  [180/197]  eta: 0:00:13  loss: 1.654543 (1.652247)  lr: 0.008578 (0.008685)  wd: 0.000100 (0.000100)  time: 0.744190  data: 0.152421  max mem: 11624
Epoch: [50/100]  [190/197]  eta: 0:00:05  loss: 1.654543 (1.652076)  lr: 0.008565 (0.008678)  wd: 0.000100 (0.000100)  time: 0.608831  data: 0.158802  max mem: 11624
Epoch: [50/100]  [196/197]  eta: 0:00:00  loss: 1.592041 (1.651404)  lr: 0.008557 (0.008674)  wd: 0.000100 (0.000100)  time: 0.362140  data: 0.025673  max mem: 11624
Epoch: [50/100] Total time: 0:02:29 (0.756847 s / it)
Averaged stats: loss: 1.592041 (1.653433)  lr: 0.008557 (0.008674)  wd: 0.000100 (0.000100)
Epoch: [51/100]  [  0/197]  eta: 0:27:11  loss: 1.352615 (1.352615)  lr: 0.008544 (0.008544)  wd: 0.000100 (0.000100)  time: 8.284122  data: 7.103091  max mem: 11624
Epoch: [51/100]  [ 10/197]  eta: 0:04:05  loss: 1.671875 (1.628393)  lr: 0.008538 (0.008538)  wd: 0.000100 (0.000100)  time: 1.313500  data: 0.649389  max mem: 11624
Epoch: [51/100]  [ 20/197]  eta: 0:03:15  loss: 1.680310 (1.648363)  lr: 0.008530 (0.008531)  wd: 0.000100 (0.000100)  time: 0.744576  data: 0.002101  max mem: 11624
Epoch: [51/100]  [ 30/197]  eta: 0:02:44  loss: 1.628449 (1.641080)  lr: 0.008517 (0.008524)  wd: 0.000100 (0.000100)  time: 0.801969  data: 0.000193  max mem: 11624
Epoch: [51/100]  [ 40/197]  eta: 0:02:18  loss: 1.628449 (1.645480)  lr: 0.008503 (0.008518)  wd: 0.000100 (0.000100)  time: 0.647849  data: 0.000185  max mem: 11624
Epoch: [51/100]  [ 50/197]  eta: 0:02:06  loss: 1.643779 (1.647116)  lr: 0.008490 (0.008511)  wd: 0.000100 (0.000100)  time: 0.667019  data: 0.001466  max mem: 11624
Epoch: [51/100]  [ 60/197]  eta: 0:01:53  loss: 1.636337 (1.647823)  lr: 0.008477 (0.008505)  wd: 0.000100 (0.000100)  time: 0.718229  data: 0.002286  max mem: 11624
Epoch: [51/100]  [ 70/197]  eta: 0:01:43  loss: 1.609272 (1.645671)  lr: 0.008464 (0.008498)  wd: 0.000100 (0.000100)  time: 0.712669  data: 0.045400  max mem: 11624
Epoch: [51/100]  [ 80/197]  eta: 0:01:33  loss: 1.619377 (1.642702)  lr: 0.008451 (0.008492)  wd: 0.000100 (0.000100)  time: 0.725244  data: 0.069850  max mem: 11624
Epoch: [51/100]  [ 90/197]  eta: 0:01:25  loss: 1.586420 (1.638556)  lr: 0.008438 (0.008485)  wd: 0.000100 (0.000100)  time: 0.718594  data: 0.071914  max mem: 11624
Epoch: [51/100]  [100/197]  eta: 0:01:18  loss: 1.564245 (1.638320)  lr: 0.008424 (0.008478)  wd: 0.000100 (0.000100)  time: 0.812829  data: 0.077987  max mem: 11624
Epoch: [51/100]  [110/197]  eta: 0:01:09  loss: 1.640536 (1.641485)  lr: 0.008411 (0.008472)  wd: 0.000100 (0.000100)  time: 0.825088  data: 0.031516  max mem: 11624
Epoch: [51/100]  [120/197]  eta: 0:01:01  loss: 1.685759 (1.645464)  lr: 0.008398 (0.008465)  wd: 0.000100 (0.000100)  time: 0.756978  data: 0.011639  max mem: 11624
Epoch: [51/100]  [130/197]  eta: 0:00:53  loss: 1.634632 (1.643130)  lr: 0.008385 (0.008459)  wd: 0.000100 (0.000100)  time: 0.754241  data: 0.011661  max mem: 11624
Epoch: [51/100]  [140/197]  eta: 0:00:45  loss: 1.634632 (1.642913)  lr: 0.008372 (0.008452)  wd: 0.000100 (0.000100)  time: 0.777032  data: 0.001277  max mem: 11624
Epoch: [51/100]  [150/197]  eta: 0:00:36  loss: 1.650725 (1.643988)  lr: 0.008358 (0.008445)  wd: 0.000100 (0.000100)  time: 0.740678  data: 0.001263  max mem: 11624
Epoch: [51/100]  [160/197]  eta: 0:00:29  loss: 1.661302 (1.643978)  lr: 0.008345 (0.008439)  wd: 0.000100 (0.000100)  time: 0.716026  data: 0.028077  max mem: 11624
Epoch: [51/100]  [170/197]  eta: 0:00:21  loss: 1.666809 (1.647315)  lr: 0.008332 (0.008432)  wd: 0.000100 (0.000100)  time: 0.714059  data: 0.028146  max mem: 11624
Epoch: [51/100]  [180/197]  eta: 0:00:13  loss: 1.712283 (1.650767)  lr: 0.008319 (0.008426)  wd: 0.000100 (0.000100)  time: 0.824100  data: 0.068456  max mem: 11624
Epoch: [51/100]  [190/197]  eta: 0:00:05  loss: 1.696954 (1.650286)  lr: 0.008306 (0.008419)  wd: 0.000100 (0.000100)  time: 0.659420  data: 0.068339  max mem: 11624
Epoch: [51/100]  [196/197]  eta: 0:00:00  loss: 1.620353 (1.646669)  lr: 0.008298 (0.008415)  wd: 0.000100 (0.000100)  time: 0.522977  data: 0.068295  max mem: 11624
Epoch: [51/100] Total time: 0:02:28 (0.754636 s / it)
Averaged stats: loss: 1.620353 (1.639312)  lr: 0.008298 (0.008415)  wd: 0.000100 (0.000100)
Epoch: [52/100]  [  0/197]  eta: 0:28:28  loss: 1.408900 (1.408900)  lr: 0.008284 (0.008284)  wd: 0.000100 (0.000100)  time: 8.671223  data: 8.048324  max mem: 11624
Epoch: [52/100]  [ 10/197]  eta: 0:04:32  loss: 1.620137 (1.589892)  lr: 0.008278 (0.008278)  wd: 0.000100 (0.000100)  time: 1.455665  data: 0.782234  max mem: 11624
Epoch: [52/100]  [ 20/197]  eta: 0:03:20  loss: 1.566127 (1.568856)  lr: 0.008270 (0.008271)  wd: 0.000100 (0.000100)  time: 0.755552  data: 0.028255  max mem: 11624
Epoch: [52/100]  [ 30/197]  eta: 0:02:42  loss: 1.570501 (1.601641)  lr: 0.008257 (0.008265)  wd: 0.000100 (0.000100)  time: 0.705911  data: 0.007573  max mem: 11624
Epoch: [52/100]  [ 40/197]  eta: 0:02:25  loss: 1.608269 (1.596518)  lr: 0.008243 (0.008258)  wd: 0.000100 (0.000100)  time: 0.715407  data: 0.050190  max mem: 11624
Epoch: [52/100]  [ 50/197]  eta: 0:02:12  loss: 1.608269 (1.605445)  lr: 0.008230 (0.008251)  wd: 0.000100 (0.000100)  time: 0.793274  data: 0.043154  max mem: 11624
Epoch: [52/100]  [ 60/197]  eta: 0:02:00  loss: 1.603522 (1.599727)  lr: 0.008217 (0.008245)  wd: 0.000100 (0.000100)  time: 0.780900  data: 0.000595  max mem: 11624
Epoch: [52/100]  [ 70/197]  eta: 0:01:47  loss: 1.546086 (1.599887)  lr: 0.008204 (0.008238)  wd: 0.000100 (0.000100)  time: 0.713426  data: 0.000600  max mem: 11624
Epoch: [52/100]  [ 80/197]  eta: 0:01:38  loss: 1.615893 (1.603920)  lr: 0.008191 (0.008232)  wd: 0.000100 (0.000100)  time: 0.714411  data: 0.041723  max mem: 11624
Epoch: [52/100]  [ 90/197]  eta: 0:01:28  loss: 1.615893 (1.605433)  lr: 0.008177 (0.008225)  wd: 0.000100 (0.000100)  time: 0.768399  data: 0.072445  max mem: 11624
Epoch: [52/100]  [100/197]  eta: 0:01:20  loss: 1.580890 (1.602490)  lr: 0.008164 (0.008218)  wd: 0.000100 (0.000100)  time: 0.781306  data: 0.042123  max mem: 11624
Epoch: [52/100]  [110/197]  eta: 0:01:11  loss: 1.607945 (1.612119)  lr: 0.008151 (0.008212)  wd: 0.000100 (0.000100)  time: 0.787181  data: 0.035843  max mem: 11624
Epoch: [52/100]  [120/197]  eta: 0:01:04  loss: 1.673467 (1.615088)  lr: 0.008138 (0.008205)  wd: 0.000100 (0.000100)  time: 0.891068  data: 0.025360  max mem: 11624
Epoch: [52/100]  [130/197]  eta: 0:00:55  loss: 1.660036 (1.614207)  lr: 0.008124 (0.008198)  wd: 0.000100 (0.000100)  time: 0.815287  data: 0.000909  max mem: 11624
Epoch: [52/100]  [140/197]  eta: 0:00:46  loss: 1.633245 (1.613551)  lr: 0.008111 (0.008192)  wd: 0.000100 (0.000100)  time: 0.653692  data: 0.000730  max mem: 11624
Epoch: [52/100]  [150/197]  eta: 0:00:38  loss: 1.671153 (1.619121)  lr: 0.008098 (0.008185)  wd: 0.000100 (0.000100)  time: 0.736169  data: 0.001271  max mem: 11624
Epoch: [52/100]  [160/197]  eta: 0:00:29  loss: 1.634783 (1.620095)  lr: 0.008085 (0.008179)  wd: 0.000100 (0.000100)  time: 0.723293  data: 0.000726  max mem: 11624
Epoch: [52/100]  [170/197]  eta: 0:00:21  loss: 1.586388 (1.619250)  lr: 0.008071 (0.008172)  wd: 0.000100 (0.000100)  time: 0.728951  data: 0.000181  max mem: 11624
Epoch: [52/100]  [180/197]  eta: 0:00:13  loss: 1.566525 (1.618972)  lr: 0.008058 (0.008165)  wd: 0.000100 (0.000100)  time: 0.745863  data: 0.000178  max mem: 11624
Epoch: [52/100]  [190/197]  eta: 0:00:05  loss: 1.614619 (1.621494)  lr: 0.008045 (0.008159)  wd: 0.000100 (0.000100)  time: 0.530550  data: 0.000143  max mem: 11624
Epoch: [52/100]  [196/197]  eta: 0:00:00  loss: 1.629236 (1.622682)  lr: 0.008037 (0.008155)  wd: 0.000100 (0.000100)  time: 0.418779  data: 0.000114  max mem: 11624
Epoch: [52/100] Total time: 0:02:30 (0.762093 s / it)
Averaged stats: loss: 1.629236 (1.623675)  lr: 0.008037 (0.008155)  wd: 0.000100 (0.000100)
Epoch: [53/100]  [  0/197]  eta: 0:27:03  loss: 1.527615 (1.527615)  lr: 0.008024 (0.008024)  wd: 0.000100 (0.000100)  time: 8.240129  data: 7.705479  max mem: 11624
Epoch: [53/100]  [ 10/197]  eta: 0:04:34  loss: 1.587394 (1.595967)  lr: 0.008017 (0.008017)  wd: 0.000100 (0.000100)  time: 1.468287  data: 0.700696  max mem: 11624
Epoch: [53/100]  [ 20/197]  eta: 0:03:16  loss: 1.587394 (1.585258)  lr: 0.008009 (0.008010)  wd: 0.000100 (0.000100)  time: 0.752251  data: 0.000192  max mem: 11624
Epoch: [53/100]  [ 30/197]  eta: 0:02:43  loss: 1.588849 (1.591769)  lr: 0.007996 (0.008004)  wd: 0.000100 (0.000100)  time: 0.711572  data: 0.000168  max mem: 11624
Epoch: [53/100]  [ 40/197]  eta: 0:02:22  loss: 1.590502 (1.603276)  lr: 0.007983 (0.007997)  wd: 0.000100 (0.000100)  time: 0.689976  data: 0.013555  max mem: 11624
Epoch: [53/100]  [ 50/197]  eta: 0:02:11  loss: 1.575654 (1.598196)  lr: 0.007969 (0.007990)  wd: 0.000100 (0.000100)  time: 0.766106  data: 0.053249  max mem: 11624
Epoch: [53/100]  [ 60/197]  eta: 0:02:01  loss: 1.527247 (1.598853)  lr: 0.007956 (0.007984)  wd: 0.000100 (0.000100)  time: 0.857729  data: 0.064839  max mem: 11624
Epoch: [53/100]  [ 70/197]  eta: 0:01:49  loss: 1.592237 (1.606125)  lr: 0.007943 (0.007977)  wd: 0.000100 (0.000100)  time: 0.775204  data: 0.025157  max mem: 11624
Epoch: [53/100]  [ 80/197]  eta: 0:01:39  loss: 1.652652 (1.609019)  lr: 0.007929 (0.007971)  wd: 0.000100 (0.000100)  time: 0.718936  data: 0.000189  max mem: 11624
Epoch: [53/100]  [ 90/197]  eta: 0:01:31  loss: 1.618811 (1.611731)  lr: 0.007916 (0.007964)  wd: 0.000100 (0.000100)  time: 0.817840  data: 0.000188  max mem: 11624
Epoch: [53/100]  [100/197]  eta: 0:01:20  loss: 1.618811 (1.608229)  lr: 0.007903 (0.007957)  wd: 0.000100 (0.000100)  time: 0.771933  data: 0.000185  max mem: 11624
Epoch: [53/100]  [110/197]  eta: 0:01:10  loss: 1.604604 (1.608259)  lr: 0.007890 (0.007951)  wd: 0.000100 (0.000100)  time: 0.647567  data: 0.000191  max mem: 11624
Epoch: [53/100]  [120/197]  eta: 0:01:02  loss: 1.619329 (1.612247)  lr: 0.007876 (0.007944)  wd: 0.000100 (0.000100)  time: 0.703906  data: 0.000913  max mem: 11624
Epoch: [53/100]  [130/197]  eta: 0:00:53  loss: 1.633550 (1.613528)  lr: 0.007863 (0.007937)  wd: 0.000100 (0.000100)  time: 0.715779  data: 0.001357  max mem: 11624
Epoch: [53/100]  [140/197]  eta: 0:00:45  loss: 1.579841 (1.612537)  lr: 0.007850 (0.007931)  wd: 0.000100 (0.000100)  time: 0.688378  data: 0.002061  max mem: 11624
Epoch: [53/100]  [150/197]  eta: 0:00:37  loss: 1.579841 (1.611248)  lr: 0.007837 (0.007924)  wd: 0.000100 (0.000100)  time: 0.704956  data: 0.011527  max mem: 11624
Epoch: [53/100]  [160/197]  eta: 0:00:29  loss: 1.577660 (1.609040)  lr: 0.007823 (0.007918)  wd: 0.000100 (0.000100)  time: 0.789380  data: 0.049520  max mem: 11624
Epoch: [53/100]  [170/197]  eta: 0:00:21  loss: 1.555879 (1.610236)  lr: 0.007810 (0.007911)  wd: 0.000100 (0.000100)  time: 0.748623  data: 0.056987  max mem: 11624
Epoch: [53/100]  [180/197]  eta: 0:00:13  loss: 1.587742 (1.611218)  lr: 0.007797 (0.007904)  wd: 0.000100 (0.000100)  time: 0.724198  data: 0.117800  max mem: 11624
Epoch: [53/100]  [190/197]  eta: 0:00:05  loss: 1.587742 (1.612426)  lr: 0.007783 (0.007898)  wd: 0.000100 (0.000100)  time: 0.674150  data: 0.162210  max mem: 11624
Epoch: [53/100]  [196/197]  eta: 0:00:00  loss: 1.582184 (1.611544)  lr: 0.007776 (0.007894)  wd: 0.000100 (0.000100)  time: 0.500188  data: 0.082477  max mem: 11624
Epoch: [53/100] Total time: 0:02:29 (0.759674 s / it)
Averaged stats: loss: 1.582184 (1.613436)  lr: 0.007776 (0.007894)  wd: 0.000100 (0.000100)
Epoch: [54/100]  [  0/197]  eta: 0:27:10  loss: 1.510738 (1.510738)  lr: 0.007762 (0.007762)  wd: 0.000100 (0.000100)  time: 8.277431  data: 7.699597  max mem: 11624
Epoch: [54/100]  [ 10/197]  eta: 0:04:28  loss: 1.583283 (1.594891)  lr: 0.007756 (0.007756)  wd: 0.000100 (0.000100)  time: 1.435478  data: 0.886294  max mem: 11624
Epoch: [54/100]  [ 20/197]  eta: 0:03:13  loss: 1.583283 (1.591079)  lr: 0.007748 (0.007749)  wd: 0.000100 (0.000100)  time: 0.732842  data: 0.128826  max mem: 11624
Epoch: [54/100]  [ 30/197]  eta: 0:02:46  loss: 1.614590 (1.619402)  lr: 0.007734 (0.007742)  wd: 0.000100 (0.000100)  time: 0.759137  data: 0.082825  max mem: 11624
Epoch: [54/100]  [ 40/197]  eta: 0:02:25  loss: 1.619928 (1.612499)  lr: 0.007721 (0.007736)  wd: 0.000100 (0.000100)  time: 0.758570  data: 0.073513  max mem: 11624
Epoch: [54/100]  [ 50/197]  eta: 0:02:13  loss: 1.549026 (1.603955)  lr: 0.007708 (0.007729)  wd: 0.000100 (0.000100)  time: 0.761937  data: 0.017122  max mem: 11624
Epoch: [54/100]  [ 60/197]  eta: 0:02:01  loss: 1.584521 (1.606196)  lr: 0.007694 (0.007722)  wd: 0.000100 (0.000100)  time: 0.805514  data: 0.000193  max mem: 11624
Epoch: [54/100]  [ 70/197]  eta: 0:01:48  loss: 1.584521 (1.599431)  lr: 0.007681 (0.007716)  wd: 0.000100 (0.000100)  time: 0.718586  data: 0.000206  max mem: 11624
Epoch: [54/100]  [ 80/197]  eta: 0:01:39  loss: 1.549784 (1.598482)  lr: 0.007668 (0.007709)  wd: 0.000100 (0.000100)  time: 0.750273  data: 0.000205  max mem: 11624
Epoch: [54/100]  [ 90/197]  eta: 0:01:31  loss: 1.601803 (1.601073)  lr: 0.007655 (0.007702)  wd: 0.000100 (0.000100)  time: 0.880435  data: 0.001392  max mem: 11624
Epoch: [54/100]  [100/197]  eta: 0:01:20  loss: 1.620498 (1.606112)  lr: 0.007641 (0.007696)  wd: 0.000100 (0.000100)  time: 0.734337  data: 0.001437  max mem: 11624
Epoch: [54/100]  [110/197]  eta: 0:01:11  loss: 1.620498 (1.610116)  lr: 0.007628 (0.007689)  wd: 0.000100 (0.000100)  time: 0.648669  data: 0.000819  max mem: 11624
Epoch: [54/100]  [120/197]  eta: 0:01:03  loss: 1.579702 (1.604421)  lr: 0.007615 (0.007683)  wd: 0.000100 (0.000100)  time: 0.755572  data: 0.000759  max mem: 11624
Epoch: [54/100]  [130/197]  eta: 0:00:54  loss: 1.530924 (1.600409)  lr: 0.007601 (0.007676)  wd: 0.000100 (0.000100)  time: 0.750783  data: 0.000188  max mem: 11624
Epoch: [54/100]  [140/197]  eta: 0:00:45  loss: 1.529114 (1.597598)  lr: 0.007588 (0.007669)  wd: 0.000100 (0.000100)  time: 0.703442  data: 0.000183  max mem: 11624
Epoch: [54/100]  [150/197]  eta: 0:00:37  loss: 1.575783 (1.598622)  lr: 0.007575 (0.007663)  wd: 0.000100 (0.000100)  time: 0.747618  data: 0.000170  max mem: 11624
Epoch: [54/100]  [160/197]  eta: 0:00:29  loss: 1.575783 (1.596152)  lr: 0.007562 (0.007656)  wd: 0.000100 (0.000100)  time: 0.809583  data: 0.000180  max mem: 11624
Epoch: [54/100]  [170/197]  eta: 0:00:21  loss: 1.576404 (1.596426)  lr: 0.007548 (0.007649)  wd: 0.000100 (0.000100)  time: 0.752754  data: 0.000195  max mem: 11624
Epoch: [54/100]  [180/197]  eta: 0:00:13  loss: 1.632607 (1.600849)  lr: 0.007535 (0.007643)  wd: 0.000100 (0.000100)  time: 0.666653  data: 0.000192  max mem: 11624
Epoch: [54/100]  [190/197]  eta: 0:00:05  loss: 1.646986 (1.602036)  lr: 0.007522 (0.007636)  wd: 0.000100 (0.000100)  time: 0.563114  data: 0.000134  max mem: 11624
Epoch: [54/100]  [196/197]  eta: 0:00:00  loss: 1.612620 (1.602736)  lr: 0.007514 (0.007632)  wd: 0.000100 (0.000100)  time: 0.460724  data: 0.000110  max mem: 11624
Epoch: [54/100] Total time: 0:02:29 (0.759992 s / it)
Averaged stats: loss: 1.612620 (1.604814)  lr: 0.007514 (0.007632)  wd: 0.000100 (0.000100)
Epoch: [55/100]  [  0/197]  eta: 0:22:20  loss: 1.445081 (1.445081)  lr: 0.007501 (0.007501)  wd: 0.000100 (0.000100)  time: 6.805795  data: 6.062005  max mem: 11624
Epoch: [55/100]  [ 10/197]  eta: 0:04:05  loss: 1.638327 (1.601022)  lr: 0.007494 (0.007494)  wd: 0.000100 (0.000100)  time: 1.310408  data: 0.629374  max mem: 11624
Epoch: [55/100]  [ 20/197]  eta: 0:03:06  loss: 1.638327 (1.596034)  lr: 0.007486 (0.007487)  wd: 0.000100 (0.000100)  time: 0.766555  data: 0.076879  max mem: 11624
Epoch: [55/100]  [ 30/197]  eta: 0:02:41  loss: 1.585590 (1.601450)  lr: 0.007473 (0.007481)  wd: 0.000100 (0.000100)  time: 0.779650  data: 0.075281  max mem: 11624
Epoch: [55/100]  [ 40/197]  eta: 0:02:26  loss: 1.572915 (1.605293)  lr: 0.007459 (0.007474)  wd: 0.000100 (0.000100)  time: 0.806357  data: 0.062773  max mem: 11624
Epoch: [55/100]  [ 50/197]  eta: 0:02:13  loss: 1.627195 (1.614488)  lr: 0.007446 (0.007467)  wd: 0.000100 (0.000100)  time: 0.809214  data: 0.021933  max mem: 11624
Epoch: [55/100]  [ 60/197]  eta: 0:01:59  loss: 1.627195 (1.614550)  lr: 0.007433 (0.007461)  wd: 0.000100 (0.000100)  time: 0.753854  data: 0.000718  max mem: 11624
Epoch: [55/100]  [ 70/197]  eta: 0:01:45  loss: 1.578743 (1.608603)  lr: 0.007419 (0.007454)  wd: 0.000100 (0.000100)  time: 0.647533  data: 0.000897  max mem: 11624
Epoch: [55/100]  [ 80/197]  eta: 0:01:36  loss: 1.536684 (1.601799)  lr: 0.007406 (0.007447)  wd: 0.000100 (0.000100)  time: 0.659690  data: 0.001029  max mem: 11624
Epoch: [55/100]  [ 90/197]  eta: 0:01:26  loss: 1.556370 (1.605473)  lr: 0.007393 (0.007441)  wd: 0.000100 (0.000100)  time: 0.739148  data: 0.002053  max mem: 11624
Epoch: [55/100]  [100/197]  eta: 0:01:19  loss: 1.568662 (1.605457)  lr: 0.007380 (0.007434)  wd: 0.000100 (0.000100)  time: 0.809273  data: 0.002075  max mem: 11624
Epoch: [55/100]  [110/197]  eta: 0:01:09  loss: 1.551105 (1.604368)  lr: 0.007366 (0.007427)  wd: 0.000100 (0.000100)  time: 0.755898  data: 0.000349  max mem: 11624
Epoch: [55/100]  [120/197]  eta: 0:01:00  loss: 1.554615 (1.603038)  lr: 0.007353 (0.007421)  wd: 0.000100 (0.000100)  time: 0.653881  data: 0.000190  max mem: 11624
Epoch: [55/100]  [130/197]  eta: 0:00:53  loss: 1.554615 (1.598497)  lr: 0.007340 (0.007414)  wd: 0.000100 (0.000100)  time: 0.747820  data: 0.020590  max mem: 11624
Epoch: [55/100]  [140/197]  eta: 0:00:45  loss: 1.549907 (1.599318)  lr: 0.007326 (0.007407)  wd: 0.000100 (0.000100)  time: 0.857861  data: 0.052862  max mem: 11624
Epoch: [55/100]  [150/197]  eta: 0:00:37  loss: 1.549907 (1.597030)  lr: 0.007313 (0.007401)  wd: 0.000100 (0.000100)  time: 0.840072  data: 0.033026  max mem: 11624
Epoch: [55/100]  [160/197]  eta: 0:00:29  loss: 1.579483 (1.602455)  lr: 0.007300 (0.007394)  wd: 0.000100 (0.000100)  time: 0.673507  data: 0.000737  max mem: 11624
Epoch: [55/100]  [170/197]  eta: 0:00:20  loss: 1.586351 (1.599816)  lr: 0.007287 (0.007388)  wd: 0.000100 (0.000100)  time: 0.563076  data: 0.080513  max mem: 11624
Epoch: [55/100]  [180/197]  eta: 0:00:13  loss: 1.565138 (1.599525)  lr: 0.007273 (0.007381)  wd: 0.000100 (0.000100)  time: 0.874588  data: 0.298284  max mem: 11624
Epoch: [55/100]  [190/197]  eta: 0:00:05  loss: 1.574060 (1.599457)  lr: 0.007260 (0.007374)  wd: 0.000100 (0.000100)  time: 0.781088  data: 0.217916  max mem: 11624
Epoch: [55/100]  [196/197]  eta: 0:00:00  loss: 1.616511 (1.599777)  lr: 0.007252 (0.007370)  wd: 0.000100 (0.000100)  time: 0.408419  data: 0.001008  max mem: 11624
Epoch: [55/100] Total time: 0:02:29 (0.760962 s / it)
Averaged stats: loss: 1.616511 (1.598646)  lr: 0.007252 (0.007370)  wd: 0.000100 (0.000100)
Epoch: [56/100]  [  0/197]  eta: 0:25:49  loss: 1.519322 (1.519322)  lr: 0.007239 (0.007239)  wd: 0.000100 (0.000100)  time: 7.866137  data: 6.421947  max mem: 11624
Epoch: [56/100]  [ 10/197]  eta: 0:04:26  loss: 1.591521 (1.572208)  lr: 0.007232 (0.007232)  wd: 0.000100 (0.000100)  time: 1.424726  data: 0.594736  max mem: 11624
Epoch: [56/100]  [ 20/197]  eta: 0:03:05  loss: 1.536335 (1.560742)  lr: 0.007224 (0.007225)  wd: 0.000100 (0.000100)  time: 0.707744  data: 0.007031  max mem: 11624
Epoch: [56/100]  [ 30/197]  eta: 0:02:40  loss: 1.536335 (1.562042)  lr: 0.007211 (0.007219)  wd: 0.000100 (0.000100)  time: 0.705119  data: 0.001155  max mem: 11624
Epoch: [56/100]  [ 40/197]  eta: 0:02:25  loss: 1.603005 (1.573231)  lr: 0.007198 (0.007212)  wd: 0.000100 (0.000100)  time: 0.802022  data: 0.000239  max mem: 11624
Epoch: [56/100]  [ 50/197]  eta: 0:02:08  loss: 1.586215 (1.570102)  lr: 0.007184 (0.007206)  wd: 0.000100 (0.000100)  time: 0.744109  data: 0.000200  max mem: 11624
Epoch: [56/100]  [ 60/197]  eta: 0:01:54  loss: 1.594694 (1.585495)  lr: 0.007171 (0.007199)  wd: 0.000100 (0.000100)  time: 0.649735  data: 0.000199  max mem: 11624
Epoch: [56/100]  [ 70/197]  eta: 0:01:47  loss: 1.626369 (1.592630)  lr: 0.007158 (0.007192)  wd: 0.000100 (0.000100)  time: 0.782214  data: 0.021624  max mem: 11624
Epoch: [56/100]  [ 80/197]  eta: 0:01:36  loss: 1.568213 (1.586523)  lr: 0.007145 (0.007186)  wd: 0.000100 (0.000100)  time: 0.777830  data: 0.021612  max mem: 11624
Epoch: [56/100]  [ 90/197]  eta: 0:01:26  loss: 1.521799 (1.582300)  lr: 0.007131 (0.007179)  wd: 0.000100 (0.000100)  time: 0.668821  data: 0.034096  max mem: 11624
Epoch: [56/100]  [100/197]  eta: 0:01:18  loss: 1.512085 (1.575247)  lr: 0.007118 (0.007172)  wd: 0.000100 (0.000100)  time: 0.760610  data: 0.077261  max mem: 11624
Epoch: [56/100]  [110/197]  eta: 0:01:09  loss: 1.552884 (1.579079)  lr: 0.007105 (0.007166)  wd: 0.000100 (0.000100)  time: 0.740114  data: 0.043678  max mem: 11624
Epoch: [56/100]  [120/197]  eta: 0:01:02  loss: 1.579904 (1.577898)  lr: 0.007091 (0.007159)  wd: 0.000100 (0.000100)  time: 0.810554  data: 0.063995  max mem: 11624
Epoch: [56/100]  [130/197]  eta: 0:00:53  loss: 1.617337 (1.585199)  lr: 0.007078 (0.007152)  wd: 0.000100 (0.000100)  time: 0.825530  data: 0.064130  max mem: 11624
Epoch: [56/100]  [140/197]  eta: 0:00:45  loss: 1.588258 (1.582992)  lr: 0.007065 (0.007146)  wd: 0.000100 (0.000100)  time: 0.681467  data: 0.000647  max mem: 11624
Epoch: [56/100]  [150/197]  eta: 0:00:37  loss: 1.553288 (1.583301)  lr: 0.007052 (0.007139)  wd: 0.000100 (0.000100)  time: 0.753598  data: 0.000408  max mem: 11624
Epoch: [56/100]  [160/197]  eta: 0:00:29  loss: 1.547344 (1.579366)  lr: 0.007038 (0.007133)  wd: 0.000100 (0.000100)  time: 0.793310  data: 0.000783  max mem: 11624
Epoch: [56/100]  [170/197]  eta: 0:00:21  loss: 1.529384 (1.576994)  lr: 0.007025 (0.007126)  wd: 0.000100 (0.000100)  time: 0.726923  data: 0.000556  max mem: 11624
Epoch: [56/100]  [180/197]  eta: 0:00:13  loss: 1.536735 (1.578038)  lr: 0.007012 (0.007119)  wd: 0.000100 (0.000100)  time: 0.700373  data: 0.000193  max mem: 11624
Epoch: [56/100]  [190/197]  eta: 0:00:05  loss: 1.539209 (1.576425)  lr: 0.006999 (0.007113)  wd: 0.000100 (0.000100)  time: 0.548274  data: 0.011165  max mem: 11624
Epoch: [56/100]  [196/197]  eta: 0:00:00  loss: 1.583070 (1.577728)  lr: 0.006991 (0.007109)  wd: 0.000100 (0.000100)  time: 0.432144  data: 0.011122  max mem: 11624
Epoch: [56/100] Total time: 0:02:27 (0.750518 s / it)
Averaged stats: loss: 1.583070 (1.586398)  lr: 0.006991 (0.007109)  wd: 0.000100 (0.000100)
Epoch: [57/100]  [  0/197]  eta: 0:25:21  loss: 1.458141 (1.458141)  lr: 0.006977 (0.006977)  wd: 0.000100 (0.000100)  time: 7.725658  data: 7.041963  max mem: 11624
Epoch: [57/100]  [ 10/197]  eta: 0:03:43  loss: 1.574828 (1.568923)  lr: 0.006971 (0.006971)  wd: 0.000100 (0.000100)  time: 1.192656  data: 0.647266  max mem: 11624
Epoch: [57/100]  [ 20/197]  eta: 0:02:58  loss: 1.573580 (1.576073)  lr: 0.006963 (0.006964)  wd: 0.000100 (0.000100)  time: 0.671149  data: 0.064950  max mem: 11624
Epoch: [57/100]  [ 30/197]  eta: 0:02:33  loss: 1.558166 (1.574055)  lr: 0.006950 (0.006957)  wd: 0.000100 (0.000100)  time: 0.767119  data: 0.062523  max mem: 11624
Epoch: [57/100]  [ 40/197]  eta: 0:02:20  loss: 1.557728 (1.580169)  lr: 0.006936 (0.006951)  wd: 0.000100 (0.000100)  time: 0.773895  data: 0.038162  max mem: 11624
Epoch: [57/100]  [ 50/197]  eta: 0:02:04  loss: 1.629850 (1.597077)  lr: 0.006923 (0.006944)  wd: 0.000100 (0.000100)  time: 0.742477  data: 0.067209  max mem: 11624
Epoch: [57/100]  [ 60/197]  eta: 0:01:56  loss: 1.602568 (1.590383)  lr: 0.006910 (0.006938)  wd: 0.000100 (0.000100)  time: 0.771375  data: 0.152817  max mem: 11624
Epoch: [57/100]  [ 70/197]  eta: 0:01:47  loss: 1.593936 (1.593765)  lr: 0.006897 (0.006931)  wd: 0.000100 (0.000100)  time: 0.834600  data: 0.186891  max mem: 11624
Epoch: [57/100]  [ 80/197]  eta: 0:01:38  loss: 1.587876 (1.590583)  lr: 0.006883 (0.006924)  wd: 0.000100 (0.000100)  time: 0.802724  data: 0.107688  max mem: 11624
Epoch: [57/100]  [ 90/197]  eta: 0:01:27  loss: 1.583018 (1.592081)  lr: 0.006870 (0.006918)  wd: 0.000100 (0.000100)  time: 0.726738  data: 0.043220  max mem: 11624
Epoch: [57/100]  [100/197]  eta: 0:01:18  loss: 1.623113 (1.597517)  lr: 0.006857 (0.006911)  wd: 0.000100 (0.000100)  time: 0.692256  data: 0.020638  max mem: 11624
Epoch: [57/100]  [110/197]  eta: 0:01:10  loss: 1.652704 (1.599034)  lr: 0.006844 (0.006904)  wd: 0.000100 (0.000100)  time: 0.776115  data: 0.088265  max mem: 11624
Epoch: [57/100]  [120/197]  eta: 0:01:02  loss: 1.558067 (1.597576)  lr: 0.006830 (0.006898)  wd: 0.000100 (0.000100)  time: 0.791130  data: 0.102573  max mem: 11624
Epoch: [57/100]  [130/197]  eta: 0:00:53  loss: 1.542276 (1.593859)  lr: 0.006817 (0.006891)  wd: 0.000100 (0.000100)  time: 0.735254  data: 0.034923  max mem: 11624
Epoch: [57/100]  [140/197]  eta: 0:00:45  loss: 1.565572 (1.596840)  lr: 0.006804 (0.006885)  wd: 0.000100 (0.000100)  time: 0.720593  data: 0.031813  max mem: 11624
Epoch: [57/100]  [150/197]  eta: 0:00:37  loss: 1.600427 (1.595969)  lr: 0.006791 (0.006878)  wd: 0.000100 (0.000100)  time: 0.795114  data: 0.066762  max mem: 11624
Epoch: [57/100]  [160/197]  eta: 0:00:29  loss: 1.553618 (1.597480)  lr: 0.006777 (0.006871)  wd: 0.000100 (0.000100)  time: 0.735263  data: 0.036676  max mem: 11624
Epoch: [57/100]  [170/197]  eta: 0:00:21  loss: 1.610918 (1.599587)  lr: 0.006764 (0.006865)  wd: 0.000100 (0.000100)  time: 0.674527  data: 0.043574  max mem: 11624
Epoch: [57/100]  [180/197]  eta: 0:00:13  loss: 1.575267 (1.597708)  lr: 0.006751 (0.006858)  wd: 0.000100 (0.000100)  time: 0.802219  data: 0.107815  max mem: 11624
Epoch: [57/100]  [190/197]  eta: 0:00:05  loss: 1.528885 (1.594438)  lr: 0.006738 (0.006852)  wd: 0.000100 (0.000100)  time: 0.628669  data: 0.065927  max mem: 11624
Epoch: [57/100]  [196/197]  eta: 0:00:00  loss: 1.549923 (1.593845)  lr: 0.006730 (0.006848)  wd: 0.000100 (0.000100)  time: 0.413340  data: 0.001742  max mem: 11624
Epoch: [57/100] Total time: 0:02:28 (0.756271 s / it)
Averaged stats: loss: 1.549923 (1.582183)  lr: 0.006730 (0.006848)  wd: 0.000100 (0.000100)
Epoch: [58/100]  [  0/197]  eta: 0:24:26  loss: 1.698776 (1.698776)  lr: 0.006717 (0.006717)  wd: 0.000100 (0.000100)  time: 7.446241  data: 6.048336  max mem: 11624
Epoch: [58/100]  [ 10/197]  eta: 0:04:09  loss: 1.605458 (1.631770)  lr: 0.006710 (0.006710)  wd: 0.000100 (0.000100)  time: 1.334829  data: 0.550008  max mem: 11624
Epoch: [58/100]  [ 20/197]  eta: 0:03:12  loss: 1.583293 (1.589520)  lr: 0.006702 (0.006703)  wd: 0.000100 (0.000100)  time: 0.770406  data: 0.006687  max mem: 11624
Epoch: [58/100]  [ 30/197]  eta: 0:02:44  loss: 1.512347 (1.597605)  lr: 0.006689 (0.006697)  wd: 0.000100 (0.000100)  time: 0.791598  data: 0.024658  max mem: 11624
Epoch: [58/100]  [ 40/197]  eta: 0:02:25  loss: 1.506984 (1.587974)  lr: 0.006676 (0.006690)  wd: 0.000100 (0.000100)  time: 0.751376  data: 0.019435  max mem: 11624
Epoch: [58/100]  [ 50/197]  eta: 0:02:12  loss: 1.506984 (1.585816)  lr: 0.006662 (0.006684)  wd: 0.000100 (0.000100)  time: 0.768841  data: 0.032306  max mem: 11624
Epoch: [58/100]  [ 60/197]  eta: 0:01:58  loss: 1.525563 (1.577694)  lr: 0.006649 (0.006677)  wd: 0.000100 (0.000100)  time: 0.745260  data: 0.031016  max mem: 11624
Epoch: [58/100]  [ 70/197]  eta: 0:01:46  loss: 1.525563 (1.577508)  lr: 0.006636 (0.006670)  wd: 0.000100 (0.000100)  time: 0.685346  data: 0.000167  max mem: 11624
Epoch: [58/100]  [ 80/197]  eta: 0:01:37  loss: 1.590825 (1.579920)  lr: 0.006623 (0.006664)  wd: 0.000100 (0.000100)  time: 0.731561  data: 0.017213  max mem: 11624
Epoch: [58/100]  [ 90/197]  eta: 0:01:28  loss: 1.572128 (1.575285)  lr: 0.006610 (0.006657)  wd: 0.000100 (0.000100)  time: 0.780961  data: 0.024714  max mem: 11624
Epoch: [58/100]  [100/197]  eta: 0:01:18  loss: 1.555709 (1.574163)  lr: 0.006596 (0.006651)  wd: 0.000100 (0.000100)  time: 0.739589  data: 0.035204  max mem: 11624
Epoch: [58/100]  [110/197]  eta: 0:01:10  loss: 1.548208 (1.573334)  lr: 0.006583 (0.006644)  wd: 0.000100 (0.000100)  time: 0.740871  data: 0.117815  max mem: 11624
Epoch: [58/100]  [120/197]  eta: 0:01:02  loss: 1.548208 (1.573280)  lr: 0.006570 (0.006637)  wd: 0.000100 (0.000100)  time: 0.835713  data: 0.126681  max mem: 11624
Epoch: [58/100]  [130/197]  eta: 0:00:54  loss: 1.562215 (1.571451)  lr: 0.006557 (0.006631)  wd: 0.000100 (0.000100)  time: 0.792411  data: 0.036579  max mem: 11624
Epoch: [58/100]  [140/197]  eta: 0:00:46  loss: 1.544033 (1.570804)  lr: 0.006544 (0.006624)  wd: 0.000100 (0.000100)  time: 0.819666  data: 0.039233  max mem: 11624
Epoch: [58/100]  [150/197]  eta: 0:00:37  loss: 1.550513 (1.569568)  lr: 0.006531 (0.006618)  wd: 0.000100 (0.000100)  time: 0.792696  data: 0.039256  max mem: 11624
Epoch: [58/100]  [160/197]  eta: 0:00:29  loss: 1.550513 (1.569373)  lr: 0.006517 (0.006611)  wd: 0.000100 (0.000100)  time: 0.715078  data: 0.001822  max mem: 11624
Epoch: [58/100]  [170/197]  eta: 0:00:21  loss: 1.542048 (1.570042)  lr: 0.006504 (0.006604)  wd: 0.000100 (0.000100)  time: 0.721852  data: 0.002054  max mem: 11624
Epoch: [58/100]  [180/197]  eta: 0:00:13  loss: 1.558033 (1.568912)  lr: 0.006491 (0.006598)  wd: 0.000100 (0.000100)  time: 0.663975  data: 0.000471  max mem: 11624
Epoch: [58/100]  [190/197]  eta: 0:00:05  loss: 1.552849 (1.567409)  lr: 0.006478 (0.006591)  wd: 0.000100 (0.000100)  time: 0.542069  data: 0.000183  max mem: 11624
Epoch: [58/100]  [196/197]  eta: 0:00:00  loss: 1.544597 (1.565928)  lr: 0.006470 (0.006587)  wd: 0.000100 (0.000100)  time: 0.436235  data: 0.000124  max mem: 11624
Epoch: [58/100] Total time: 0:02:29 (0.757580 s / it)
Averaged stats: loss: 1.544597 (1.573121)  lr: 0.006470 (0.006587)  wd: 0.000100 (0.000100)
Epoch: [59/100]  [  0/197]  eta: 0:21:40  loss: 1.525503 (1.525503)  lr: 0.006457 (0.006457)  wd: 0.000100 (0.000100)  time: 6.601987  data: 6.048803  max mem: 11624
Epoch: [59/100]  [ 10/197]  eta: 0:04:14  loss: 1.553975 (1.541477)  lr: 0.006450 (0.006450)  wd: 0.000100 (0.000100)  time: 1.363121  data: 0.676897  max mem: 11624
Epoch: [59/100]  [ 20/197]  eta: 0:03:06  loss: 1.559638 (1.556093)  lr: 0.006442 (0.006444)  wd: 0.000100 (0.000100)  time: 0.773381  data: 0.120115  max mem: 11624
Epoch: [59/100]  [ 30/197]  eta: 0:02:38  loss: 1.559638 (1.565545)  lr: 0.006429 (0.006437)  wd: 0.000100 (0.000100)  time: 0.717671  data: 0.055789  max mem: 11624
Epoch: [59/100]  [ 40/197]  eta: 0:02:30  loss: 1.554819 (1.563250)  lr: 0.006416 (0.006430)  wd: 0.000100 (0.000100)  time: 0.865451  data: 0.083268  max mem: 11624
Epoch: [59/100]  [ 50/197]  eta: 0:02:11  loss: 1.490467 (1.544484)  lr: 0.006403 (0.006424)  wd: 0.000100 (0.000100)  time: 0.822159  data: 0.077848  max mem: 11624
Epoch: [59/100]  [ 60/197]  eta: 0:01:55  loss: 1.536686 (1.556326)  lr: 0.006390 (0.006417)  wd: 0.000100 (0.000100)  time: 0.591667  data: 0.000193  max mem: 11624
Epoch: [59/100]  [ 70/197]  eta: 0:01:48  loss: 1.564223 (1.560462)  lr: 0.006377 (0.006411)  wd: 0.000100 (0.000100)  time: 0.753217  data: 0.064457  max mem: 11624
Epoch: [59/100]  [ 80/197]  eta: 0:01:37  loss: 1.542917 (1.565307)  lr: 0.006363 (0.006404)  wd: 0.000100 (0.000100)  time: 0.802210  data: 0.078731  max mem: 11624
Epoch: [59/100]  [ 90/197]  eta: 0:01:29  loss: 1.540717 (1.563784)  lr: 0.006350 (0.006398)  wd: 0.000100 (0.000100)  time: 0.755474  data: 0.103613  max mem: 11624
Epoch: [59/100]  [100/197]  eta: 0:01:20  loss: 1.522647 (1.562379)  lr: 0.006337 (0.006391)  wd: 0.000100 (0.000100)  time: 0.833240  data: 0.089347  max mem: 11624
Epoch: [59/100]  [110/197]  eta: 0:01:11  loss: 1.520352 (1.560099)  lr: 0.006324 (0.006384)  wd: 0.000100 (0.000100)  time: 0.785215  data: 0.002312  max mem: 11624
Epoch: [59/100]  [120/197]  eta: 0:01:02  loss: 1.492758 (1.554099)  lr: 0.006311 (0.006378)  wd: 0.000100 (0.000100)  time: 0.705437  data: 0.021850  max mem: 11624
Epoch: [59/100]  [130/197]  eta: 0:00:53  loss: 1.521282 (1.555844)  lr: 0.006298 (0.006371)  wd: 0.000100 (0.000100)  time: 0.687953  data: 0.022883  max mem: 11624
Epoch: [59/100]  [140/197]  eta: 0:00:45  loss: 1.562154 (1.558386)  lr: 0.006285 (0.006365)  wd: 0.000100 (0.000100)  time: 0.703348  data: 0.003544  max mem: 11624
Epoch: [59/100]  [150/197]  eta: 0:00:38  loss: 1.530941 (1.554600)  lr: 0.006272 (0.006358)  wd: 0.000100 (0.000100)  time: 0.848604  data: 0.103197  max mem: 11624
Epoch: [59/100]  [160/197]  eta: 0:00:29  loss: 1.507647 (1.554341)  lr: 0.006258 (0.006352)  wd: 0.000100 (0.000100)  time: 0.861388  data: 0.103013  max mem: 11624
Epoch: [59/100]  [170/197]  eta: 0:00:21  loss: 1.549423 (1.557568)  lr: 0.006245 (0.006345)  wd: 0.000100 (0.000100)  time: 0.695110  data: 0.000854  max mem: 11624
Epoch: [59/100]  [180/197]  eta: 0:00:13  loss: 1.563787 (1.557278)  lr: 0.006232 (0.006339)  wd: 0.000100 (0.000100)  time: 0.688279  data: 0.000847  max mem: 11624
Epoch: [59/100]  [190/197]  eta: 0:00:05  loss: 1.572780 (1.557756)  lr: 0.006219 (0.006332)  wd: 0.000100 (0.000100)  time: 0.563605  data: 0.002708  max mem: 11624
Epoch: [59/100]  [196/197]  eta: 0:00:00  loss: 1.584544 (1.559051)  lr: 0.006211 (0.006328)  wd: 0.000100 (0.000100)  time: 0.447026  data: 0.002666  max mem: 11624
Epoch: [59/100] Total time: 0:02:30 (0.761899 s / it)
Averaged stats: loss: 1.584544 (1.557476)  lr: 0.006211 (0.006328)  wd: 0.000100 (0.000100)
Epoch: [60/100]  [  0/197]  eta: 0:28:18  loss: 1.512203 (1.512203)  lr: 0.006198 (0.006198)  wd: 0.000100 (0.000100)  time: 8.623596  data: 7.948719  max mem: 11624
Epoch: [60/100]  [ 10/197]  eta: 0:04:53  loss: 1.605200 (1.574458)  lr: 0.006192 (0.006192)  wd: 0.000100 (0.000100)  time: 1.571361  data: 0.723944  max mem: 11624
Epoch: [60/100]  [ 20/197]  eta: 0:03:20  loss: 1.579206 (1.567714)  lr: 0.006184 (0.006185)  wd: 0.000100 (0.000100)  time: 0.757320  data: 0.000825  max mem: 11624
Epoch: [60/100]  [ 30/197]  eta: 0:02:44  loss: 1.579206 (1.579215)  lr: 0.006171 (0.006179)  wd: 0.000100 (0.000100)  time: 0.660669  data: 0.000187  max mem: 11624
Epoch: [60/100]  [ 40/197]  eta: 0:02:27  loss: 1.588977 (1.578160)  lr: 0.006158 (0.006172)  wd: 0.000100 (0.000100)  time: 0.736205  data: 0.000791  max mem: 11624
Epoch: [60/100]  [ 50/197]  eta: 0:02:12  loss: 1.497112 (1.558269)  lr: 0.006145 (0.006166)  wd: 0.000100 (0.000100)  time: 0.779135  data: 0.001226  max mem: 11624
Epoch: [60/100]  [ 60/197]  eta: 0:02:01  loss: 1.543229 (1.562207)  lr: 0.006132 (0.006159)  wd: 0.000100 (0.000100)  time: 0.781983  data: 0.000619  max mem: 11624
Epoch: [60/100]  [ 70/197]  eta: 0:01:49  loss: 1.550547 (1.558491)  lr: 0.006118 (0.006152)  wd: 0.000100 (0.000100)  time: 0.747941  data: 0.000196  max mem: 11624
Epoch: [60/100]  [ 80/197]  eta: 0:01:37  loss: 1.500283 (1.554531)  lr: 0.006105 (0.006146)  wd: 0.000100 (0.000100)  time: 0.652236  data: 0.000194  max mem: 11624
Epoch: [60/100]  [ 90/197]  eta: 0:01:28  loss: 1.530653 (1.549763)  lr: 0.006092 (0.006139)  wd: 0.000100 (0.000100)  time: 0.729144  data: 0.001054  max mem: 11624
Epoch: [60/100]  [100/197]  eta: 0:01:19  loss: 1.536865 (1.550928)  lr: 0.006079 (0.006133)  wd: 0.000100 (0.000100)  time: 0.780945  data: 0.001061  max mem: 11624
Epoch: [60/100]  [110/197]  eta: 0:01:10  loss: 1.575709 (1.553907)  lr: 0.006066 (0.006126)  wd: 0.000100 (0.000100)  time: 0.710935  data: 0.000757  max mem: 11624
Epoch: [60/100]  [120/197]  eta: 0:01:02  loss: 1.574183 (1.552501)  lr: 0.006053 (0.006120)  wd: 0.000100 (0.000100)  time: 0.740662  data: 0.019226  max mem: 11624
Epoch: [60/100]  [130/197]  eta: 0:00:54  loss: 1.539088 (1.550719)  lr: 0.006040 (0.006113)  wd: 0.000100 (0.000100)  time: 0.810198  data: 0.036748  max mem: 11624
Epoch: [60/100]  [140/197]  eta: 0:00:45  loss: 1.546327 (1.550686)  lr: 0.006027 (0.006107)  wd: 0.000100 (0.000100)  time: 0.771405  data: 0.018290  max mem: 11624
Epoch: [60/100]  [150/197]  eta: 0:00:37  loss: 1.553142 (1.551392)  lr: 0.006014 (0.006100)  wd: 0.000100 (0.000100)  time: 0.773751  data: 0.000518  max mem: 11624
Epoch: [60/100]  [160/197]  eta: 0:00:29  loss: 1.532646 (1.551792)  lr: 0.006001 (0.006094)  wd: 0.000100 (0.000100)  time: 0.760298  data: 0.000513  max mem: 11624
Epoch: [60/100]  [170/197]  eta: 0:00:21  loss: 1.544680 (1.553229)  lr: 0.005988 (0.006087)  wd: 0.000100 (0.000100)  time: 0.756812  data: 0.003013  max mem: 11624
Epoch: [60/100]  [180/197]  eta: 0:00:13  loss: 1.539382 (1.550893)  lr: 0.005975 (0.006081)  wd: 0.000100 (0.000100)  time: 0.707120  data: 0.005078  max mem: 11624
Epoch: [60/100]  [190/197]  eta: 0:00:05  loss: 1.522539 (1.548979)  lr: 0.005962 (0.006074)  wd: 0.000100 (0.000100)  time: 0.471843  data: 0.002222  max mem: 11624
Epoch: [60/100]  [196/197]  eta: 0:00:00  loss: 1.533556 (1.550346)  lr: 0.005954 (0.006070)  wd: 0.000100 (0.000100)  time: 0.378689  data: 0.000547  max mem: 11624
Epoch: [60/100] Total time: 0:02:28 (0.753823 s / it)
Averaged stats: loss: 1.533556 (1.549670)  lr: 0.005954 (0.006070)  wd: 0.000100 (0.000100)
Epoch: [61/100]  [  0/197]  eta: 0:24:13  loss: 1.659662 (1.659662)  lr: 0.005941 (0.005941)  wd: 0.000100 (0.000100)  time: 7.378439  data: 6.828948  max mem: 11624
Epoch: [61/100]  [ 10/197]  eta: 0:03:37  loss: 1.645036 (1.596347)  lr: 0.005935 (0.005935)  wd: 0.000100 (0.000100)  time: 1.163655  data: 0.620978  max mem: 11624
Epoch: [61/100]  [ 20/197]  eta: 0:02:53  loss: 1.563594 (1.573643)  lr: 0.005927 (0.005928)  wd: 0.000100 (0.000100)  time: 0.660751  data: 0.091675  max mem: 11624
Epoch: [61/100]  [ 30/197]  eta: 0:02:34  loss: 1.556704 (1.557583)  lr: 0.005914 (0.005922)  wd: 0.000100 (0.000100)  time: 0.796700  data: 0.091685  max mem: 11624
Epoch: [61/100]  [ 40/197]  eta: 0:02:14  loss: 1.556704 (1.565257)  lr: 0.005901 (0.005915)  wd: 0.000100 (0.000100)  time: 0.728746  data: 0.000952  max mem: 11624
Epoch: [61/100]  [ 50/197]  eta: 0:02:05  loss: 1.601371 (1.581474)  lr: 0.005888 (0.005909)  wd: 0.000100 (0.000100)  time: 0.737535  data: 0.001507  max mem: 11624
Epoch: [61/100]  [ 60/197]  eta: 0:01:53  loss: 1.537315 (1.564075)  lr: 0.005875 (0.005902)  wd: 0.000100 (0.000100)  time: 0.767158  data: 0.001305  max mem: 11624
Epoch: [61/100]  [ 70/197]  eta: 0:01:45  loss: 1.533494 (1.561999)  lr: 0.005862 (0.005896)  wd: 0.000100 (0.000100)  time: 0.764651  data: 0.000759  max mem: 11624
Epoch: [61/100]  [ 80/197]  eta: 0:01:34  loss: 1.571791 (1.563450)  lr: 0.005849 (0.005889)  wd: 0.000100 (0.000100)  time: 0.750022  data: 0.000527  max mem: 11624
Epoch: [61/100]  [ 90/197]  eta: 0:01:26  loss: 1.564738 (1.556711)  lr: 0.005836 (0.005883)  wd: 0.000100 (0.000100)  time: 0.718276  data: 0.000901  max mem: 11624
Epoch: [61/100]  [100/197]  eta: 0:01:17  loss: 1.479582 (1.551522)  lr: 0.005823 (0.005876)  wd: 0.000100 (0.000100)  time: 0.752434  data: 0.050955  max mem: 11624
Epoch: [61/100]  [110/197]  eta: 0:01:10  loss: 1.530225 (1.554287)  lr: 0.005810 (0.005870)  wd: 0.000100 (0.000100)  time: 0.830726  data: 0.152393  max mem: 11624
Epoch: [61/100]  [120/197]  eta: 0:01:01  loss: 1.574737 (1.554292)  lr: 0.005797 (0.005863)  wd: 0.000100 (0.000100)  time: 0.796876  data: 0.102331  max mem: 11624
Epoch: [61/100]  [130/197]  eta: 0:00:52  loss: 1.554172 (1.550157)  lr: 0.005784 (0.005857)  wd: 0.000100 (0.000100)  time: 0.666247  data: 0.014503  max mem: 11624
Epoch: [61/100]  [140/197]  eta: 0:00:44  loss: 1.522813 (1.552788)  lr: 0.005771 (0.005850)  wd: 0.000100 (0.000100)  time: 0.672498  data: 0.015594  max mem: 11624
Epoch: [61/100]  [150/197]  eta: 0:00:36  loss: 1.519410 (1.548264)  lr: 0.005758 (0.005844)  wd: 0.000100 (0.000100)  time: 0.722366  data: 0.057535  max mem: 11624
Epoch: [61/100]  [160/197]  eta: 0:00:28  loss: 1.512233 (1.550242)  lr: 0.005746 (0.005837)  wd: 0.000100 (0.000100)  time: 0.767389  data: 0.101894  max mem: 11624
Epoch: [61/100]  [170/197]  eta: 0:00:20  loss: 1.564656 (1.548959)  lr: 0.005733 (0.005831)  wd: 0.000100 (0.000100)  time: 0.750315  data: 0.067899  max mem: 11624
Epoch: [61/100]  [180/197]  eta: 0:00:13  loss: 1.506639 (1.544990)  lr: 0.005720 (0.005825)  wd: 0.000100 (0.000100)  time: 0.760697  data: 0.107464  max mem: 11624
Epoch: [61/100]  [190/197]  eta: 0:00:05  loss: 1.489958 (1.547597)  lr: 0.005707 (0.005818)  wd: 0.000100 (0.000100)  time: 0.590341  data: 0.085475  max mem: 11624
Epoch: [61/100]  [196/197]  eta: 0:00:00  loss: 1.612859 (1.550206)  lr: 0.005699 (0.005814)  wd: 0.000100 (0.000100)  time: 0.492191  data: 0.085435  max mem: 11624
Epoch: [61/100] Total time: 0:02:26 (0.743924 s / it)
Averaged stats: loss: 1.612859 (1.542988)  lr: 0.005699 (0.005814)  wd: 0.000100 (0.000100)
Epoch: [62/100]  [  0/197]  eta: 0:27:36  loss: 1.635521 (1.635521)  lr: 0.005686 (0.005686)  wd: 0.000100 (0.000100)  time: 8.409018  data: 7.722260  max mem: 11624
Epoch: [62/100]  [ 10/197]  eta: 0:04:36  loss: 1.535359 (1.567885)  lr: 0.005680 (0.005680)  wd: 0.000100 (0.000100)  time: 1.478264  data: 0.816417  max mem: 11624
Epoch: [62/100]  [ 20/197]  eta: 0:03:21  loss: 1.534218 (1.569030)  lr: 0.005672 (0.005673)  wd: 0.000100 (0.000100)  time: 0.776014  data: 0.099704  max mem: 11624
Epoch: [62/100]  [ 30/197]  eta: 0:02:55  loss: 1.511422 (1.563984)  lr: 0.005659 (0.005667)  wd: 0.000100 (0.000100)  time: 0.811982  data: 0.036883  max mem: 11624
Epoch: [62/100]  [ 40/197]  eta: 0:02:27  loss: 1.511422 (1.548123)  lr: 0.005646 (0.005660)  wd: 0.000100 (0.000100)  time: 0.731467  data: 0.018043  max mem: 11624
Epoch: [62/100]  [ 50/197]  eta: 0:02:16  loss: 1.542089 (1.549540)  lr: 0.005633 (0.005654)  wd: 0.000100 (0.000100)  time: 0.738690  data: 0.058233  max mem: 11624
Epoch: [62/100]  [ 60/197]  eta: 0:02:02  loss: 1.557083 (1.551978)  lr: 0.005621 (0.005648)  wd: 0.000100 (0.000100)  time: 0.796659  data: 0.073304  max mem: 11624
Epoch: [62/100]  [ 70/197]  eta: 0:01:51  loss: 1.571805 (1.553393)  lr: 0.005608 (0.005641)  wd: 0.000100 (0.000100)  time: 0.741763  data: 0.033165  max mem: 11624
Epoch: [62/100]  [ 80/197]  eta: 0:01:40  loss: 1.553946 (1.557786)  lr: 0.005595 (0.005635)  wd: 0.000100 (0.000100)  time: 0.739726  data: 0.043385  max mem: 11624
Epoch: [62/100]  [ 90/197]  eta: 0:01:30  loss: 1.550458 (1.558041)  lr: 0.005582 (0.005628)  wd: 0.000100 (0.000100)  time: 0.723081  data: 0.072617  max mem: 11624
Epoch: [62/100]  [100/197]  eta: 0:01:20  loss: 1.536760 (1.560158)  lr: 0.005569 (0.005622)  wd: 0.000100 (0.000100)  time: 0.733824  data: 0.029487  max mem: 11624
Epoch: [62/100]  [110/197]  eta: 0:01:12  loss: 1.490200 (1.551474)  lr: 0.005556 (0.005615)  wd: 0.000100 (0.000100)  time: 0.811349  data: 0.000396  max mem: 11624
Epoch: [62/100]  [120/197]  eta: 0:01:03  loss: 1.469461 (1.556954)  lr: 0.005543 (0.005609)  wd: 0.000100 (0.000100)  time: 0.816907  data: 0.000896  max mem: 11624
Epoch: [62/100]  [130/197]  eta: 0:00:54  loss: 1.513709 (1.555818)  lr: 0.005531 (0.005603)  wd: 0.000100 (0.000100)  time: 0.670458  data: 0.000691  max mem: 11624
Epoch: [62/100]  [140/197]  eta: 0:00:45  loss: 1.509257 (1.555936)  lr: 0.005518 (0.005596)  wd: 0.000100 (0.000100)  time: 0.647323  data: 0.000191  max mem: 11624
Epoch: [62/100]  [150/197]  eta: 0:00:37  loss: 1.478128 (1.549164)  lr: 0.005505 (0.005590)  wd: 0.000100 (0.000100)  time: 0.688093  data: 0.039891  max mem: 11624
Epoch: [62/100]  [160/197]  eta: 0:00:29  loss: 1.461990 (1.546620)  lr: 0.005492 (0.005583)  wd: 0.000100 (0.000100)  time: 0.747130  data: 0.106558  max mem: 11624
Epoch: [62/100]  [170/197]  eta: 0:00:21  loss: 1.518088 (1.549394)  lr: 0.005479 (0.005577)  wd: 0.000100 (0.000100)  time: 0.753890  data: 0.115449  max mem: 11624
Epoch: [62/100]  [180/197]  eta: 0:00:13  loss: 1.599956 (1.550624)  lr: 0.005467 (0.005570)  wd: 0.000100 (0.000100)  time: 0.710913  data: 0.048780  max mem: 11624
Epoch: [62/100]  [190/197]  eta: 0:00:05  loss: 1.563960 (1.549923)  lr: 0.005454 (0.005564)  wd: 0.000100 (0.000100)  time: 0.576631  data: 0.000162  max mem: 11624
Epoch: [62/100]  [196/197]  eta: 0:00:00  loss: 1.563960 (1.551040)  lr: 0.005446 (0.005560)  wd: 0.000100 (0.000100)  time: 0.437209  data: 0.000130  max mem: 11624
Epoch: [62/100] Total time: 0:02:28 (0.754990 s / it)
Averaged stats: loss: 1.563960 (1.533345)  lr: 0.005446 (0.005560)  wd: 0.000100 (0.000100)
Epoch: [63/100]  [  0/197]  eta: 0:23:01  loss: 1.430906 (1.430906)  lr: 0.005433 (0.005433)  wd: 0.000100 (0.000100)  time: 7.013124  data: 6.192523  max mem: 11624
Epoch: [63/100]  [ 10/197]  eta: 0:03:53  loss: 1.575624 (1.593517)  lr: 0.005427 (0.005427)  wd: 0.000100 (0.000100)  time: 1.250693  data: 0.616270  max mem: 11624
Epoch: [63/100]  [ 20/197]  eta: 0:03:08  loss: 1.542383 (1.538343)  lr: 0.005419 (0.005421)  wd: 0.000100 (0.000100)  time: 0.770130  data: 0.059735  max mem: 11624
Epoch: [63/100]  [ 30/197]  eta: 0:02:41  loss: 1.496898 (1.532601)  lr: 0.005407 (0.005414)  wd: 0.000100 (0.000100)  time: 0.809955  data: 0.030493  max mem: 11624
Epoch: [63/100]  [ 40/197]  eta: 0:02:21  loss: 1.514296 (1.534573)  lr: 0.005394 (0.005408)  wd: 0.000100 (0.000100)  time: 0.724262  data: 0.006692  max mem: 11624
Epoch: [63/100]  [ 50/197]  eta: 0:02:10  loss: 1.568533 (1.538173)  lr: 0.005381 (0.005401)  wd: 0.000100 (0.000100)  time: 0.764071  data: 0.006708  max mem: 11624
Epoch: [63/100]  [ 60/197]  eta: 0:01:57  loss: 1.527639 (1.531909)  lr: 0.005368 (0.005395)  wd: 0.000100 (0.000100)  time: 0.772735  data: 0.000183  max mem: 11624
Epoch: [63/100]  [ 70/197]  eta: 0:01:45  loss: 1.527639 (1.531992)  lr: 0.005356 (0.005389)  wd: 0.000100 (0.000100)  time: 0.687560  data: 0.000560  max mem: 11624
Epoch: [63/100]  [ 80/197]  eta: 0:01:37  loss: 1.538047 (1.532774)  lr: 0.005343 (0.005382)  wd: 0.000100 (0.000100)  time: 0.746530  data: 0.013837  max mem: 11624
Epoch: [63/100]  [ 90/197]  eta: 0:01:29  loss: 1.489392 (1.526553)  lr: 0.005330 (0.005376)  wd: 0.000100 (0.000100)  time: 0.871096  data: 0.014019  max mem: 11624
Epoch: [63/100]  [100/197]  eta: 0:01:20  loss: 1.528697 (1.535200)  lr: 0.005317 (0.005370)  wd: 0.000100 (0.000100)  time: 0.801277  data: 0.000730  max mem: 11624
Epoch: [63/100]  [110/197]  eta: 0:01:12  loss: 1.538338 (1.536670)  lr: 0.005305 (0.005363)  wd: 0.000100 (0.000100)  time: 0.781318  data: 0.001458  max mem: 11624
Epoch: [63/100]  [120/197]  eta: 0:01:02  loss: 1.538338 (1.536083)  lr: 0.005292 (0.005357)  wd: 0.000100 (0.000100)  time: 0.776586  data: 0.001485  max mem: 11624
Epoch: [63/100]  [130/197]  eta: 0:00:54  loss: 1.499492 (1.536059)  lr: 0.005279 (0.005351)  wd: 0.000100 (0.000100)  time: 0.691777  data: 0.000221  max mem: 11624
Epoch: [63/100]  [140/197]  eta: 0:00:45  loss: 1.528610 (1.538914)  lr: 0.005267 (0.005344)  wd: 0.000100 (0.000100)  time: 0.660291  data: 0.000220  max mem: 11624
Epoch: [63/100]  [150/197]  eta: 0:00:37  loss: 1.554683 (1.535946)  lr: 0.005254 (0.005338)  wd: 0.000100 (0.000100)  time: 0.684959  data: 0.000187  max mem: 11624
Epoch: [63/100]  [160/197]  eta: 0:00:28  loss: 1.542130 (1.535763)  lr: 0.005241 (0.005331)  wd: 0.000100 (0.000100)  time: 0.703972  data: 0.000181  max mem: 11624
Epoch: [63/100]  [170/197]  eta: 0:00:21  loss: 1.544648 (1.536967)  lr: 0.005229 (0.005325)  wd: 0.000100 (0.000100)  time: 0.730028  data: 0.022518  max mem: 11624
Epoch: [63/100]  [180/197]  eta: 0:00:13  loss: 1.512375 (1.534024)  lr: 0.005216 (0.005319)  wd: 0.000100 (0.000100)  time: 0.767000  data: 0.022547  max mem: 11624
Epoch: [63/100]  [190/197]  eta: 0:00:05  loss: 1.482594 (1.530609)  lr: 0.005203 (0.005312)  wd: 0.000100 (0.000100)  time: 0.605329  data: 0.000185  max mem: 11624
Epoch: [63/100]  [196/197]  eta: 0:00:00  loss: 1.482594 (1.529822)  lr: 0.005196 (0.005309)  wd: 0.000100 (0.000100)  time: 0.473882  data: 0.000128  max mem: 11624
Epoch: [63/100] Total time: 0:02:28 (0.753756 s / it)
Averaged stats: loss: 1.482594 (1.532897)  lr: 0.005196 (0.005309)  wd: 0.000100 (0.000100)
Epoch: [64/100]  [  0/197]  eta: 0:28:58  loss: 1.595621 (1.595621)  lr: 0.005183 (0.005183)  wd: 0.000100 (0.000100)  time: 8.827103  data: 7.939493  max mem: 11624
Epoch: [64/100]  [ 10/197]  eta: 0:04:32  loss: 1.595621 (1.590979)  lr: 0.005177 (0.005177)  wd: 0.000100 (0.000100)  time: 1.459246  data: 0.863143  max mem: 11624
Epoch: [64/100]  [ 20/197]  eta: 0:03:20  loss: 1.555637 (1.559743)  lr: 0.005169 (0.005170)  wd: 0.000100 (0.000100)  time: 0.750458  data: 0.077855  max mem: 11624
Epoch: [64/100]  [ 30/197]  eta: 0:02:45  loss: 1.521850 (1.543365)  lr: 0.005157 (0.005164)  wd: 0.000100 (0.000100)  time: 0.736828  data: 0.001769  max mem: 11624
Epoch: [64/100]  [ 40/197]  eta: 0:02:29  loss: 1.540073 (1.536058)  lr: 0.005144 (0.005158)  wd: 0.000100 (0.000100)  time: 0.756143  data: 0.001765  max mem: 11624
Epoch: [64/100]  [ 50/197]  eta: 0:02:12  loss: 1.560806 (1.541137)  lr: 0.005131 (0.005151)  wd: 0.000100 (0.000100)  time: 0.757624  data: 0.000189  max mem: 11624
Epoch: [64/100]  [ 60/197]  eta: 0:01:58  loss: 1.549479 (1.537464)  lr: 0.005119 (0.005145)  wd: 0.000100 (0.000100)  time: 0.689694  data: 0.014798  max mem: 11624
Epoch: [64/100]  [ 70/197]  eta: 0:01:49  loss: 1.532210 (1.535514)  lr: 0.005106 (0.005139)  wd: 0.000100 (0.000100)  time: 0.767897  data: 0.032375  max mem: 11624
Epoch: [64/100]  [ 80/197]  eta: 0:01:40  loss: 1.520978 (1.533895)  lr: 0.005093 (0.005133)  wd: 0.000100 (0.000100)  time: 0.840596  data: 0.038319  max mem: 11624
Epoch: [64/100]  [ 90/197]  eta: 0:01:33  loss: 1.537971 (1.536857)  lr: 0.005081 (0.005126)  wd: 0.000100 (0.000100)  time: 0.902285  data: 0.020741  max mem: 11624
Epoch: [64/100]  [100/197]  eta: 0:01:21  loss: 1.539495 (1.536204)  lr: 0.005068 (0.005120)  wd: 0.000100 (0.000100)  time: 0.749426  data: 0.000178  max mem: 11624
Epoch: [64/100]  [110/197]  eta: 0:01:12  loss: 1.489379 (1.535184)  lr: 0.005056 (0.005114)  wd: 0.000100 (0.000100)  time: 0.652726  data: 0.000177  max mem: 11624
Epoch: [64/100]  [120/197]  eta: 0:01:03  loss: 1.489379 (1.535782)  lr: 0.005043 (0.005107)  wd: 0.000100 (0.000100)  time: 0.736585  data: 0.000216  max mem: 11624
Epoch: [64/100]  [130/197]  eta: 0:00:54  loss: 1.492639 (1.532245)  lr: 0.005031 (0.005101)  wd: 0.000100 (0.000100)  time: 0.702553  data: 0.000467  max mem: 11624
Epoch: [64/100]  [140/197]  eta: 0:00:46  loss: 1.427823 (1.524017)  lr: 0.005018 (0.005095)  wd: 0.000100 (0.000100)  time: 0.734212  data: 0.000445  max mem: 11624
Epoch: [64/100]  [150/197]  eta: 0:00:38  loss: 1.454823 (1.519807)  lr: 0.005006 (0.005089)  wd: 0.000100 (0.000100)  time: 0.814376  data: 0.000715  max mem: 11624
Epoch: [64/100]  [160/197]  eta: 0:00:29  loss: 1.530278 (1.524228)  lr: 0.004993 (0.005082)  wd: 0.000100 (0.000100)  time: 0.805991  data: 0.000719  max mem: 11624
Epoch: [64/100]  [170/197]  eta: 0:00:21  loss: 1.567952 (1.526050)  lr: 0.004981 (0.005076)  wd: 0.000100 (0.000100)  time: 0.717586  data: 0.000601  max mem: 11624
Epoch: [64/100]  [180/197]  eta: 0:00:13  loss: 1.504118 (1.524583)  lr: 0.004968 (0.005070)  wd: 0.000100 (0.000100)  time: 0.714776  data: 0.000601  max mem: 11624
Epoch: [64/100]  [190/197]  eta: 0:00:05  loss: 1.504118 (1.525814)  lr: 0.004956 (0.005063)  wd: 0.000100 (0.000100)  time: 0.572439  data: 0.000155  max mem: 11624
Epoch: [64/100]  [196/197]  eta: 0:00:00  loss: 1.517274 (1.524982)  lr: 0.004948 (0.005060)  wd: 0.000100 (0.000100)  time: 0.438511  data: 0.000113  max mem: 11624
Epoch: [64/100] Total time: 0:02:30 (0.764955 s / it)
Averaged stats: loss: 1.517274 (1.524171)  lr: 0.004948 (0.005060)  wd: 0.000100 (0.000100)
Epoch: [65/100]  [  0/197]  eta: 0:24:47  loss: 1.415820 (1.415820)  lr: 0.004936 (0.004936)  wd: 0.000100 (0.000100)  time: 7.551987  data: 7.034965  max mem: 11624
Epoch: [65/100]  [ 10/197]  eta: 0:04:27  loss: 1.415820 (1.461345)  lr: 0.004929 (0.004929)  wd: 0.000100 (0.000100)  time: 1.431247  data: 0.639731  max mem: 11624
Epoch: [65/100]  [ 20/197]  eta: 0:03:15  loss: 1.446633 (1.487026)  lr: 0.004922 (0.004923)  wd: 0.000100 (0.000100)  time: 0.782491  data: 0.001315  max mem: 11624
Epoch: [65/100]  [ 30/197]  eta: 0:02:50  loss: 1.522553 (1.492724)  lr: 0.004909 (0.004917)  wd: 0.000100 (0.000100)  time: 0.791048  data: 0.024246  max mem: 11624
Epoch: [65/100]  [ 40/197]  eta: 0:02:30  loss: 1.522553 (1.496156)  lr: 0.004897 (0.004911)  wd: 0.000100 (0.000100)  time: 0.811018  data: 0.080642  max mem: 11624
Epoch: [65/100]  [ 50/197]  eta: 0:02:16  loss: 1.518674 (1.496759)  lr: 0.004884 (0.004904)  wd: 0.000100 (0.000100)  time: 0.793651  data: 0.076921  max mem: 11624
Epoch: [65/100]  [ 60/197]  eta: 0:02:01  loss: 1.534767 (1.504939)  lr: 0.004872 (0.004898)  wd: 0.000100 (0.000100)  time: 0.741133  data: 0.025668  max mem: 11624
Epoch: [65/100]  [ 70/197]  eta: 0:01:52  loss: 1.523233 (1.504637)  lr: 0.004860 (0.004892)  wd: 0.000100 (0.000100)  time: 0.761062  data: 0.023458  max mem: 11624
Epoch: [65/100]  [ 80/197]  eta: 0:01:40  loss: 1.504048 (1.507146)  lr: 0.004847 (0.004886)  wd: 0.000100 (0.000100)  time: 0.768070  data: 0.017213  max mem: 11624
Epoch: [65/100]  [ 90/197]  eta: 0:01:30  loss: 1.480589 (1.506009)  lr: 0.004835 (0.004879)  wd: 0.000100 (0.000100)  time: 0.731226  data: 0.043658  max mem: 11624
Epoch: [65/100]  [100/197]  eta: 0:01:22  loss: 1.480589 (1.510190)  lr: 0.004822 (0.004873)  wd: 0.000100 (0.000100)  time: 0.803485  data: 0.045249  max mem: 11624
Epoch: [65/100]  [110/197]  eta: 0:01:12  loss: 1.525827 (1.515596)  lr: 0.004810 (0.004867)  wd: 0.000100 (0.000100)  time: 0.769783  data: 0.002171  max mem: 11624
Epoch: [65/100]  [120/197]  eta: 0:01:04  loss: 1.522020 (1.513977)  lr: 0.004797 (0.004861)  wd: 0.000100 (0.000100)  time: 0.775568  data: 0.000817  max mem: 11624
Epoch: [65/100]  [130/197]  eta: 0:00:55  loss: 1.503096 (1.517874)  lr: 0.004785 (0.004855)  wd: 0.000100 (0.000100)  time: 0.779725  data: 0.000430  max mem: 11624
Epoch: [65/100]  [140/197]  eta: 0:00:46  loss: 1.478856 (1.515134)  lr: 0.004773 (0.004848)  wd: 0.000100 (0.000100)  time: 0.711853  data: 0.000173  max mem: 11624
Epoch: [65/100]  [150/197]  eta: 0:00:38  loss: 1.440855 (1.512076)  lr: 0.004760 (0.004842)  wd: 0.000100 (0.000100)  time: 0.728070  data: 0.000197  max mem: 11624
Epoch: [65/100]  [160/197]  eta: 0:00:30  loss: 1.460052 (1.513181)  lr: 0.004748 (0.004836)  wd: 0.000100 (0.000100)  time: 0.776907  data: 0.000774  max mem: 11624
Epoch: [65/100]  [170/197]  eta: 0:00:21  loss: 1.477344 (1.511557)  lr: 0.004736 (0.004830)  wd: 0.000100 (0.000100)  time: 0.743600  data: 0.000986  max mem: 11624
Epoch: [65/100]  [180/197]  eta: 0:00:13  loss: 1.488899 (1.511583)  lr: 0.004723 (0.004824)  wd: 0.000100 (0.000100)  time: 0.698513  data: 0.000975  max mem: 11624
Epoch: [65/100]  [190/197]  eta: 0:00:05  loss: 1.522881 (1.514371)  lr: 0.004711 (0.004817)  wd: 0.000100 (0.000100)  time: 0.542732  data: 0.000712  max mem: 11624
Epoch: [65/100]  [196/197]  eta: 0:00:00  loss: 1.512707 (1.512203)  lr: 0.004703 (0.004814)  wd: 0.000100 (0.000100)  time: 0.379896  data: 0.000122  max mem: 11624
Epoch: [65/100] Total time: 0:02:30 (0.765468 s / it)
Averaged stats: loss: 1.512707 (1.508050)  lr: 0.004703 (0.004814)  wd: 0.000100 (0.000100)
Epoch: [66/100]  [  0/197]  eta: 0:25:13  loss: 1.515791 (1.515791)  lr: 0.004691 (0.004691)  wd: 0.000100 (0.000100)  time: 7.680264  data: 6.905834  max mem: 11624
Epoch: [66/100]  [ 10/197]  eta: 0:04:20  loss: 1.491716 (1.509899)  lr: 0.004685 (0.004685)  wd: 0.000100 (0.000100)  time: 1.393848  data: 0.760118  max mem: 11624
Epoch: [66/100]  [ 20/197]  eta: 0:03:06  loss: 1.491716 (1.509921)  lr: 0.004678 (0.004679)  wd: 0.000100 (0.000100)  time: 0.723926  data: 0.085086  max mem: 11624
Epoch: [66/100]  [ 30/197]  eta: 0:02:43  loss: 1.519570 (1.518979)  lr: 0.004665 (0.004673)  wd: 0.000100 (0.000100)  time: 0.754535  data: 0.012413  max mem: 11624
Epoch: [66/100]  [ 40/197]  eta: 0:02:25  loss: 1.503614 (1.518212)  lr: 0.004653 (0.004667)  wd: 0.000100 (0.000100)  time: 0.791652  data: 0.019025  max mem: 11624
Epoch: [66/100]  [ 50/197]  eta: 0:02:11  loss: 1.510666 (1.524338)  lr: 0.004641 (0.004660)  wd: 0.000100 (0.000100)  time: 0.757724  data: 0.020321  max mem: 11624
Epoch: [66/100]  [ 60/197]  eta: 0:01:58  loss: 1.510666 (1.521416)  lr: 0.004628 (0.004654)  wd: 0.000100 (0.000100)  time: 0.745096  data: 0.047714  max mem: 11624
Epoch: [66/100]  [ 70/197]  eta: 0:01:47  loss: 1.505527 (1.524787)  lr: 0.004616 (0.004648)  wd: 0.000100 (0.000100)  time: 0.731772  data: 0.051803  max mem: 11624
Epoch: [66/100]  [ 80/197]  eta: 0:01:39  loss: 1.490077 (1.524113)  lr: 0.004604 (0.004642)  wd: 0.000100 (0.000100)  time: 0.792674  data: 0.005827  max mem: 11624
Epoch: [66/100]  [ 90/197]  eta: 0:01:30  loss: 1.533641 (1.529501)  lr: 0.004592 (0.004636)  wd: 0.000100 (0.000100)  time: 0.826279  data: 0.000954  max mem: 11624
Epoch: [66/100]  [100/197]  eta: 0:01:20  loss: 1.490361 (1.527145)  lr: 0.004579 (0.004630)  wd: 0.000100 (0.000100)  time: 0.770461  data: 0.000814  max mem: 11624
Epoch: [66/100]  [110/197]  eta: 0:01:13  loss: 1.486727 (1.524266)  lr: 0.004567 (0.004624)  wd: 0.000100 (0.000100)  time: 0.857867  data: 0.000297  max mem: 11624
Epoch: [66/100]  [120/197]  eta: 0:01:03  loss: 1.505271 (1.521019)  lr: 0.004555 (0.004617)  wd: 0.000100 (0.000100)  time: 0.785492  data: 0.001159  max mem: 11624
Epoch: [66/100]  [130/197]  eta: 0:00:54  loss: 1.412454 (1.517841)  lr: 0.004543 (0.004611)  wd: 0.000100 (0.000100)  time: 0.627677  data: 0.001157  max mem: 11624
Epoch: [66/100]  [140/197]  eta: 0:00:45  loss: 1.465850 (1.520532)  lr: 0.004531 (0.004605)  wd: 0.000100 (0.000100)  time: 0.663161  data: 0.000222  max mem: 11624
Epoch: [66/100]  [150/197]  eta: 0:00:37  loss: 1.521586 (1.517599)  lr: 0.004518 (0.004599)  wd: 0.000100 (0.000100)  time: 0.732055  data: 0.001460  max mem: 11624
Epoch: [66/100]  [160/197]  eta: 0:00:29  loss: 1.496420 (1.517099)  lr: 0.004506 (0.004593)  wd: 0.000100 (0.000100)  time: 0.719506  data: 0.001441  max mem: 11624
Epoch: [66/100]  [170/197]  eta: 0:00:21  loss: 1.525175 (1.520502)  lr: 0.004494 (0.004587)  wd: 0.000100 (0.000100)  time: 0.672670  data: 0.000207  max mem: 11624
Epoch: [66/100]  [180/197]  eta: 0:00:13  loss: 1.596764 (1.524635)  lr: 0.004482 (0.004581)  wd: 0.000100 (0.000100)  time: 0.743486  data: 0.000232  max mem: 11624
Epoch: [66/100]  [190/197]  eta: 0:00:05  loss: 1.528893 (1.523943)  lr: 0.004470 (0.004575)  wd: 0.000100 (0.000100)  time: 0.609811  data: 0.000202  max mem: 11624
Epoch: [66/100]  [196/197]  eta: 0:00:00  loss: 1.492388 (1.523370)  lr: 0.004462 (0.004571)  wd: 0.000100 (0.000100)  time: 0.442836  data: 0.000147  max mem: 11624
Epoch: [66/100] Total time: 0:02:29 (0.756661 s / it)
Averaged stats: loss: 1.492388 (1.513306)  lr: 0.004462 (0.004571)  wd: 0.000100 (0.000100)
Epoch: [67/100]  [  0/197]  eta: 0:26:16  loss: 1.355453 (1.355453)  lr: 0.004450 (0.004450)  wd: 0.000100 (0.000100)  time: 8.004004  data: 7.347588  max mem: 11624
Epoch: [67/100]  [ 10/197]  eta: 0:04:33  loss: 1.508501 (1.501425)  lr: 0.004444 (0.004444)  wd: 0.000100 (0.000100)  time: 1.461376  data: 0.668142  max mem: 11624
Epoch: [67/100]  [ 20/197]  eta: 0:03:13  loss: 1.448298 (1.488682)  lr: 0.004437 (0.004438)  wd: 0.000100 (0.000100)  time: 0.747579  data: 0.043203  max mem: 11624
Epoch: [67/100]  [ 30/197]  eta: 0:02:47  loss: 1.478733 (1.490347)  lr: 0.004425 (0.004432)  wd: 0.000100 (0.000100)  time: 0.753542  data: 0.043240  max mem: 11624
Epoch: [67/100]  [ 40/197]  eta: 0:02:26  loss: 1.475075 (1.477189)  lr: 0.004413 (0.004426)  wd: 0.000100 (0.000100)  time: 0.761105  data: 0.000239  max mem: 11624
Epoch: [67/100]  [ 50/197]  eta: 0:02:09  loss: 1.461115 (1.479516)  lr: 0.004400 (0.004420)  wd: 0.000100 (0.000100)  time: 0.694041  data: 0.000845  max mem: 11624
Epoch: [67/100]  [ 60/197]  eta: 0:02:00  loss: 1.485260 (1.491803)  lr: 0.004388 (0.004414)  wd: 0.000100 (0.000100)  time: 0.780534  data: 0.059408  max mem: 11624
Epoch: [67/100]  [ 70/197]  eta: 0:01:50  loss: 1.540441 (1.491692)  lr: 0.004376 (0.004408)  wd: 0.000100 (0.000100)  time: 0.823720  data: 0.058763  max mem: 11624
Epoch: [67/100]  [ 80/197]  eta: 0:01:40  loss: 1.469122 (1.490077)  lr: 0.004364 (0.004402)  wd: 0.000100 (0.000100)  time: 0.788430  data: 0.000201  max mem: 11624
Epoch: [67/100]  [ 90/197]  eta: 0:01:30  loss: 1.461900 (1.490411)  lr: 0.004352 (0.004396)  wd: 0.000100 (0.000100)  time: 0.789144  data: 0.000191  max mem: 11624
Epoch: [67/100]  [100/197]  eta: 0:01:21  loss: 1.465116 (1.490897)  lr: 0.004340 (0.004390)  wd: 0.000100 (0.000100)  time: 0.741190  data: 0.000189  max mem: 11624
Epoch: [67/100]  [110/197]  eta: 0:01:12  loss: 1.491736 (1.491744)  lr: 0.004328 (0.004384)  wd: 0.000100 (0.000100)  time: 0.739591  data: 0.000202  max mem: 11624
Epoch: [67/100]  [120/197]  eta: 0:01:03  loss: 1.509258 (1.494984)  lr: 0.004316 (0.004378)  wd: 0.000100 (0.000100)  time: 0.799517  data: 0.000710  max mem: 11624
Epoch: [67/100]  [130/197]  eta: 0:00:54  loss: 1.543106 (1.497572)  lr: 0.004304 (0.004372)  wd: 0.000100 (0.000100)  time: 0.738684  data: 0.000701  max mem: 11624
Epoch: [67/100]  [140/197]  eta: 0:00:46  loss: 1.562501 (1.500823)  lr: 0.004292 (0.004366)  wd: 0.000100 (0.000100)  time: 0.732459  data: 0.000203  max mem: 11624
Epoch: [67/100]  [150/197]  eta: 0:00:38  loss: 1.527868 (1.496701)  lr: 0.004280 (0.004359)  wd: 0.000100 (0.000100)  time: 0.763696  data: 0.000217  max mem: 11624
Epoch: [67/100]  [160/197]  eta: 0:00:29  loss: 1.460099 (1.494788)  lr: 0.004268 (0.004353)  wd: 0.000100 (0.000100)  time: 0.703253  data: 0.000204  max mem: 11624
Epoch: [67/100]  [170/197]  eta: 0:00:21  loss: 1.446311 (1.492028)  lr: 0.004256 (0.004347)  wd: 0.000100 (0.000100)  time: 0.707336  data: 0.000193  max mem: 11624
Epoch: [67/100]  [180/197]  eta: 0:00:13  loss: 1.439932 (1.491059)  lr: 0.004244 (0.004341)  wd: 0.000100 (0.000100)  time: 0.714902  data: 0.000601  max mem: 11624
Epoch: [67/100]  [190/197]  eta: 0:00:05  loss: 1.470389 (1.490330)  lr: 0.004232 (0.004335)  wd: 0.000100 (0.000100)  time: 0.557515  data: 0.000567  max mem: 11624
Epoch: [67/100]  [196/197]  eta: 0:00:00  loss: 1.475450 (1.490118)  lr: 0.004225 (0.004332)  wd: 0.000100 (0.000100)  time: 0.427272  data: 0.000125  max mem: 11624
Epoch: [67/100] Total time: 0:02:29 (0.759712 s / it)
Averaged stats: loss: 1.475450 (1.496867)  lr: 0.004225 (0.004332)  wd: 0.000100 (0.000100)
Epoch: [68/100]  [  0/197]  eta: 0:24:40  loss: 1.244823 (1.244823)  lr: 0.004213 (0.004213)  wd: 0.000100 (0.000100)  time: 7.514036  data: 6.921615  max mem: 11624
Epoch: [68/100]  [ 10/197]  eta: 0:04:02  loss: 1.431662 (1.427217)  lr: 0.004207 (0.004207)  wd: 0.000100 (0.000100)  time: 1.294149  data: 0.752206  max mem: 11624
Epoch: [68/100]  [ 20/197]  eta: 0:03:04  loss: 1.458473 (1.432607)  lr: 0.004200 (0.004201)  wd: 0.000100 (0.000100)  time: 0.717469  data: 0.067721  max mem: 11624
Epoch: [68/100]  [ 30/197]  eta: 0:02:37  loss: 1.488898 (1.456162)  lr: 0.004188 (0.004195)  wd: 0.000100 (0.000100)  time: 0.751843  data: 0.037717  max mem: 11624
Epoch: [68/100]  [ 40/197]  eta: 0:02:26  loss: 1.494308 (1.475569)  lr: 0.004176 (0.004189)  wd: 0.000100 (0.000100)  time: 0.824035  data: 0.046151  max mem: 11624
Epoch: [68/100]  [ 50/197]  eta: 0:02:10  loss: 1.475299 (1.482582)  lr: 0.004164 (0.004183)  wd: 0.000100 (0.000100)  time: 0.802841  data: 0.009239  max mem: 11624
Epoch: [68/100]  [ 60/197]  eta: 0:01:59  loss: 1.452165 (1.478919)  lr: 0.004152 (0.004177)  wd: 0.000100 (0.000100)  time: 0.733884  data: 0.000822  max mem: 11624
Epoch: [68/100]  [ 70/197]  eta: 0:01:50  loss: 1.461864 (1.477077)  lr: 0.004140 (0.004171)  wd: 0.000100 (0.000100)  time: 0.836280  data: 0.000197  max mem: 11624
Epoch: [68/100]  [ 80/197]  eta: 0:01:39  loss: 1.476482 (1.476428)  lr: 0.004128 (0.004165)  wd: 0.000100 (0.000100)  time: 0.784111  data: 0.000210  max mem: 11624
Epoch: [68/100]  [ 90/197]  eta: 0:01:29  loss: 1.486898 (1.480775)  lr: 0.004117 (0.004159)  wd: 0.000100 (0.000100)  time: 0.705592  data: 0.000394  max mem: 11624
Epoch: [68/100]  [100/197]  eta: 0:01:18  loss: 1.525867 (1.481707)  lr: 0.004105 (0.004153)  wd: 0.000100 (0.000100)  time: 0.675547  data: 0.000368  max mem: 11624
Epoch: [68/100]  [110/197]  eta: 0:01:09  loss: 1.507496 (1.484813)  lr: 0.004093 (0.004147)  wd: 0.000100 (0.000100)  time: 0.635354  data: 0.000626  max mem: 11624
Epoch: [68/100]  [120/197]  eta: 0:01:00  loss: 1.544130 (1.489888)  lr: 0.004081 (0.004142)  wd: 0.000100 (0.000100)  time: 0.668263  data: 0.000619  max mem: 11624
Epoch: [68/100]  [130/197]  eta: 0:00:53  loss: 1.504769 (1.490424)  lr: 0.004069 (0.004136)  wd: 0.000100 (0.000100)  time: 0.773358  data: 0.000187  max mem: 11624
Epoch: [68/100]  [140/197]  eta: 0:00:45  loss: 1.490734 (1.491229)  lr: 0.004057 (0.004130)  wd: 0.000100 (0.000100)  time: 0.801396  data: 0.000502  max mem: 11624
Epoch: [68/100]  [150/197]  eta: 0:00:37  loss: 1.499488 (1.492044)  lr: 0.004046 (0.004124)  wd: 0.000100 (0.000100)  time: 0.829935  data: 0.073904  max mem: 11624
Epoch: [68/100]  [160/197]  eta: 0:00:29  loss: 1.478377 (1.491366)  lr: 0.004034 (0.004118)  wd: 0.000100 (0.000100)  time: 0.834502  data: 0.073747  max mem: 11624
Epoch: [68/100]  [170/197]  eta: 0:00:21  loss: 1.478377 (1.493595)  lr: 0.004022 (0.004112)  wd: 0.000100 (0.000100)  time: 0.701614  data: 0.001427  max mem: 11624
Epoch: [68/100]  [180/197]  eta: 0:00:13  loss: 1.533881 (1.498615)  lr: 0.004010 (0.004106)  wd: 0.000100 (0.000100)  time: 0.675777  data: 0.001305  max mem: 11624
Epoch: [68/100]  [190/197]  eta: 0:00:05  loss: 1.528796 (1.496698)  lr: 0.003998 (0.004100)  wd: 0.000100 (0.000100)  time: 0.540360  data: 0.000172  max mem: 11624
Epoch: [68/100]  [196/197]  eta: 0:00:00  loss: 1.482080 (1.495241)  lr: 0.003991 (0.004097)  wd: 0.000100 (0.000100)  time: 0.412714  data: 0.000122  max mem: 11624
Epoch: [68/100] Total time: 0:02:28 (0.751521 s / it)
Averaged stats: loss: 1.482080 (1.502354)  lr: 0.003991 (0.004097)  wd: 0.000100 (0.000100)
Epoch: [69/100]  [  0/197]  eta: 0:27:39  loss: 1.507055 (1.507055)  lr: 0.003980 (0.003980)  wd: 0.000100 (0.000100)  time: 8.425132  data: 7.827414  max mem: 11624
Epoch: [69/100]  [ 10/197]  eta: 0:04:22  loss: 1.409307 (1.416480)  lr: 0.003974 (0.003974)  wd: 0.000100 (0.000100)  time: 1.406160  data: 0.816415  max mem: 11624
Epoch: [69/100]  [ 20/197]  eta: 0:03:27  loss: 1.438280 (1.462522)  lr: 0.003967 (0.003968)  wd: 0.000100 (0.000100)  time: 0.809030  data: 0.059340  max mem: 11624
Epoch: [69/100]  [ 30/197]  eta: 0:02:50  loss: 1.546884 (1.486961)  lr: 0.003955 (0.003962)  wd: 0.000100 (0.000100)  time: 0.807625  data: 0.001779  max mem: 11624
Epoch: [69/100]  [ 40/197]  eta: 0:02:30  loss: 1.556388 (1.511327)  lr: 0.003943 (0.003956)  wd: 0.000100 (0.000100)  time: 0.734713  data: 0.000868  max mem: 11624
Epoch: [69/100]  [ 50/197]  eta: 0:02:12  loss: 1.554249 (1.510170)  lr: 0.003932 (0.003950)  wd: 0.000100 (0.000100)  time: 0.719823  data: 0.001235  max mem: 11624
Epoch: [69/100]  [ 60/197]  eta: 0:02:01  loss: 1.467811 (1.508201)  lr: 0.003920 (0.003945)  wd: 0.000100 (0.000100)  time: 0.745337  data: 0.001093  max mem: 11624
Epoch: [69/100]  [ 70/197]  eta: 0:01:51  loss: 1.437230 (1.495911)  lr: 0.003908 (0.003939)  wd: 0.000100 (0.000100)  time: 0.802645  data: 0.000729  max mem: 11624
Epoch: [69/100]  [ 80/197]  eta: 0:01:39  loss: 1.449294 (1.494243)  lr: 0.003897 (0.003933)  wd: 0.000100 (0.000100)  time: 0.735980  data: 0.000191  max mem: 11624
Epoch: [69/100]  [ 90/197]  eta: 0:01:29  loss: 1.478136 (1.494085)  lr: 0.003885 (0.003927)  wd: 0.000100 (0.000100)  time: 0.707802  data: 0.001248  max mem: 11624
Epoch: [69/100]  [100/197]  eta: 0:01:20  loss: 1.442608 (1.490120)  lr: 0.003873 (0.003921)  wd: 0.000100 (0.000100)  time: 0.757964  data: 0.001261  max mem: 11624
Epoch: [69/100]  [110/197]  eta: 0:01:11  loss: 1.442608 (1.487042)  lr: 0.003862 (0.003915)  wd: 0.000100 (0.000100)  time: 0.769569  data: 0.002058  max mem: 11624
Epoch: [69/100]  [120/197]  eta: 0:01:03  loss: 1.470685 (1.483949)  lr: 0.003850 (0.003910)  wd: 0.000100 (0.000100)  time: 0.786926  data: 0.002659  max mem: 11624
Epoch: [69/100]  [130/197]  eta: 0:00:54  loss: 1.418910 (1.482738)  lr: 0.003839 (0.003904)  wd: 0.000100 (0.000100)  time: 0.714122  data: 0.000820  max mem: 11624
Epoch: [69/100]  [140/197]  eta: 0:00:46  loss: 1.462114 (1.482883)  lr: 0.003827 (0.003898)  wd: 0.000100 (0.000100)  time: 0.720417  data: 0.000282  max mem: 11624
Epoch: [69/100]  [150/197]  eta: 0:00:37  loss: 1.515372 (1.486677)  lr: 0.003815 (0.003892)  wd: 0.000100 (0.000100)  time: 0.768181  data: 0.001195  max mem: 11624
Epoch: [69/100]  [160/197]  eta: 0:00:29  loss: 1.516463 (1.486827)  lr: 0.003804 (0.003886)  wd: 0.000100 (0.000100)  time: 0.690571  data: 0.001249  max mem: 11624
Epoch: [69/100]  [170/197]  eta: 0:00:21  loss: 1.437226 (1.482151)  lr: 0.003792 (0.003881)  wd: 0.000100 (0.000100)  time: 0.665404  data: 0.000454  max mem: 11624
Epoch: [69/100]  [180/197]  eta: 0:00:13  loss: 1.424370 (1.480995)  lr: 0.003781 (0.003875)  wd: 0.000100 (0.000100)  time: 0.723547  data: 0.001152  max mem: 11624
Epoch: [69/100]  [190/197]  eta: 0:00:05  loss: 1.478657 (1.481930)  lr: 0.003769 (0.003869)  wd: 0.000100 (0.000100)  time: 0.593350  data: 0.000980  max mem: 11624
Epoch: [69/100]  [196/197]  eta: 0:00:00  loss: 1.468382 (1.481820)  lr: 0.003762 (0.003865)  wd: 0.000100 (0.000100)  time: 0.429382  data: 0.000123  max mem: 11624
Epoch: [69/100] Total time: 0:02:28 (0.755212 s / it)
Averaged stats: loss: 1.468382 (1.488967)  lr: 0.003762 (0.003865)  wd: 0.000100 (0.000100)
Epoch: [70/100]  [  0/197]  eta: 0:25:03  loss: 1.411380 (1.411380)  lr: 0.003751 (0.003751)  wd: 0.000100 (0.000100)  time: 7.630385  data: 6.949227  max mem: 11624
Epoch: [70/100]  [ 10/197]  eta: 0:04:16  loss: 1.494099 (1.457770)  lr: 0.003745 (0.003745)  wd: 0.000100 (0.000100)  time: 1.374255  data: 0.741564  max mem: 11624
Epoch: [70/100]  [ 20/197]  eta: 0:03:13  loss: 1.494099 (1.486790)  lr: 0.003738 (0.003739)  wd: 0.000100 (0.000100)  time: 0.768096  data: 0.062148  max mem: 11624
Epoch: [70/100]  [ 30/197]  eta: 0:02:44  loss: 1.458403 (1.471739)  lr: 0.003727 (0.003734)  wd: 0.000100 (0.000100)  time: 0.775237  data: 0.001842  max mem: 11624
Epoch: [70/100]  [ 40/197]  eta: 0:02:25  loss: 1.448424 (1.488123)  lr: 0.003715 (0.003728)  wd: 0.000100 (0.000100)  time: 0.756611  data: 0.000202  max mem: 11624
Epoch: [70/100]  [ 50/197]  eta: 0:02:10  loss: 1.517245 (1.500004)  lr: 0.003704 (0.003722)  wd: 0.000100 (0.000100)  time: 0.733773  data: 0.000426  max mem: 11624
Epoch: [70/100]  [ 60/197]  eta: 0:02:00  loss: 1.517245 (1.516916)  lr: 0.003692 (0.003716)  wd: 0.000100 (0.000100)  time: 0.779084  data: 0.000424  max mem: 11624
Epoch: [70/100]  [ 70/197]  eta: 0:01:49  loss: 1.471041 (1.508241)  lr: 0.003681 (0.003711)  wd: 0.000100 (0.000100)  time: 0.788698  data: 0.000212  max mem: 11624
Epoch: [70/100]  [ 80/197]  eta: 0:01:38  loss: 1.427934 (1.510205)  lr: 0.003669 (0.003705)  wd: 0.000100 (0.000100)  time: 0.718976  data: 0.000213  max mem: 11624
Epoch: [70/100]  [ 90/197]  eta: 0:01:29  loss: 1.447238 (1.507781)  lr: 0.003658 (0.003699)  wd: 0.000100 (0.000100)  time: 0.735906  data: 0.000214  max mem: 11624
Epoch: [70/100]  [100/197]  eta: 0:01:19  loss: 1.450625 (1.502674)  lr: 0.003647 (0.003693)  wd: 0.000100 (0.000100)  time: 0.741836  data: 0.000203  max mem: 11624
Epoch: [70/100]  [110/197]  eta: 0:01:11  loss: 1.475830 (1.499741)  lr: 0.003635 (0.003688)  wd: 0.000100 (0.000100)  time: 0.796742  data: 0.000184  max mem: 11624
Epoch: [70/100]  [120/197]  eta: 0:01:02  loss: 1.468619 (1.496933)  lr: 0.003624 (0.003682)  wd: 0.000100 (0.000100)  time: 0.772706  data: 0.000184  max mem: 11624
Epoch: [70/100]  [130/197]  eta: 0:00:53  loss: 1.454864 (1.493762)  lr: 0.003612 (0.003676)  wd: 0.000100 (0.000100)  time: 0.666328  data: 0.000201  max mem: 11624
Epoch: [70/100]  [140/197]  eta: 0:00:45  loss: 1.428795 (1.489682)  lr: 0.003601 (0.003671)  wd: 0.000100 (0.000100)  time: 0.720315  data: 0.000772  max mem: 11624
Epoch: [70/100]  [150/197]  eta: 0:00:37  loss: 1.444409 (1.489031)  lr: 0.003590 (0.003665)  wd: 0.000100 (0.000100)  time: 0.773593  data: 0.001395  max mem: 11624
Epoch: [70/100]  [160/197]  eta: 0:00:29  loss: 1.494325 (1.487883)  lr: 0.003578 (0.003659)  wd: 0.000100 (0.000100)  time: 0.730832  data: 0.000823  max mem: 11624
Epoch: [70/100]  [170/197]  eta: 0:00:21  loss: 1.469162 (1.486597)  lr: 0.003567 (0.003654)  wd: 0.000100 (0.000100)  time: 0.700709  data: 0.000206  max mem: 11624
Epoch: [70/100]  [180/197]  eta: 0:00:13  loss: 1.414389 (1.484209)  lr: 0.003556 (0.003648)  wd: 0.000100 (0.000100)  time: 0.713240  data: 0.000224  max mem: 11624
Epoch: [70/100]  [190/197]  eta: 0:00:05  loss: 1.420410 (1.485902)  lr: 0.003544 (0.003642)  wd: 0.000100 (0.000100)  time: 0.575125  data: 0.000175  max mem: 11624
Epoch: [70/100]  [196/197]  eta: 0:00:00  loss: 1.450907 (1.484558)  lr: 0.003538 (0.003639)  wd: 0.000100 (0.000100)  time: 0.445338  data: 0.000136  max mem: 11624
Epoch: [70/100] Total time: 0:02:28 (0.754156 s / it)
Averaged stats: loss: 1.450907 (1.485234)  lr: 0.003538 (0.003639)  wd: 0.000100 (0.000100)
Epoch: [71/100]  [  0/197]  eta: 0:29:27  loss: 1.258604 (1.258604)  lr: 0.003526 (0.003526)  wd: 0.000100 (0.000100)  time: 8.972199  data: 8.228035  max mem: 11624
Epoch: [71/100]  [ 10/197]  eta: 0:04:20  loss: 1.395905 (1.387919)  lr: 0.003521 (0.003521)  wd: 0.000100 (0.000100)  time: 1.393215  data: 0.748178  max mem: 11624
Epoch: [71/100]  [ 20/197]  eta: 0:03:26  loss: 1.395905 (1.424842)  lr: 0.003514 (0.003515)  wd: 0.000100 (0.000100)  time: 0.778171  data: 0.001277  max mem: 11624
Epoch: [71/100]  [ 30/197]  eta: 0:02:46  loss: 1.465168 (1.443725)  lr: 0.003503 (0.003509)  wd: 0.000100 (0.000100)  time: 0.782176  data: 0.001273  max mem: 11624
Epoch: [71/100]  [ 40/197]  eta: 0:02:23  loss: 1.466275 (1.448820)  lr: 0.003491 (0.003504)  wd: 0.000100 (0.000100)  time: 0.644035  data: 0.000180  max mem: 11624
Epoch: [71/100]  [ 50/197]  eta: 0:02:11  loss: 1.462540 (1.447328)  lr: 0.003480 (0.003498)  wd: 0.000100 (0.000100)  time: 0.733977  data: 0.000594  max mem: 11624
Epoch: [71/100]  [ 60/197]  eta: 0:01:55  loss: 1.474195 (1.450176)  lr: 0.003469 (0.003493)  wd: 0.000100 (0.000100)  time: 0.699498  data: 0.000611  max mem: 11624
Epoch: [71/100]  [ 70/197]  eta: 0:01:44  loss: 1.505648 (1.466080)  lr: 0.003458 (0.003487)  wd: 0.000100 (0.000100)  time: 0.646540  data: 0.000192  max mem: 11624
Epoch: [71/100]  [ 80/197]  eta: 0:01:36  loss: 1.520182 (1.467678)  lr: 0.003447 (0.003481)  wd: 0.000100 (0.000100)  time: 0.785107  data: 0.009681  max mem: 11624
Epoch: [71/100]  [ 90/197]  eta: 0:01:28  loss: 1.425767 (1.463711)  lr: 0.003436 (0.003476)  wd: 0.000100 (0.000100)  time: 0.819050  data: 0.044239  max mem: 11624
Epoch: [71/100]  [100/197]  eta: 0:01:19  loss: 1.512692 (1.472093)  lr: 0.003424 (0.003470)  wd: 0.000100 (0.000100)  time: 0.797996  data: 0.036513  max mem: 11624
Epoch: [71/100]  [110/197]  eta: 0:01:10  loss: 1.546860 (1.477722)  lr: 0.003413 (0.003465)  wd: 0.000100 (0.000100)  time: 0.741611  data: 0.002253  max mem: 11624
Epoch: [71/100]  [120/197]  eta: 0:01:01  loss: 1.497972 (1.476313)  lr: 0.003402 (0.003459)  wd: 0.000100 (0.000100)  time: 0.712390  data: 0.000489  max mem: 11624
Epoch: [71/100]  [130/197]  eta: 0:00:53  loss: 1.466170 (1.477054)  lr: 0.003391 (0.003453)  wd: 0.000100 (0.000100)  time: 0.781784  data: 0.000205  max mem: 11624
Epoch: [71/100]  [140/197]  eta: 0:00:45  loss: 1.466170 (1.480081)  lr: 0.003380 (0.003448)  wd: 0.000100 (0.000100)  time: 0.793200  data: 0.000192  max mem: 11624
Epoch: [71/100]  [150/197]  eta: 0:00:37  loss: 1.492558 (1.483092)  lr: 0.003369 (0.003442)  wd: 0.000100 (0.000100)  time: 0.722449  data: 0.000217  max mem: 11624
Epoch: [71/100]  [160/197]  eta: 0:00:29  loss: 1.488666 (1.482157)  lr: 0.003358 (0.003437)  wd: 0.000100 (0.000100)  time: 0.691891  data: 0.022263  max mem: 11624
Epoch: [71/100]  [170/197]  eta: 0:00:21  loss: 1.493140 (1.481873)  lr: 0.003347 (0.003431)  wd: 0.000100 (0.000100)  time: 0.725200  data: 0.023281  max mem: 11624
Epoch: [71/100]  [180/197]  eta: 0:00:13  loss: 1.491069 (1.481866)  lr: 0.003336 (0.003426)  wd: 0.000100 (0.000100)  time: 0.776575  data: 0.002518  max mem: 11624
Epoch: [71/100]  [190/197]  eta: 0:00:05  loss: 1.491069 (1.482234)  lr: 0.003324 (0.003420)  wd: 0.000100 (0.000100)  time: 0.598846  data: 0.001442  max mem: 11624
Epoch: [71/100]  [196/197]  eta: 0:00:00  loss: 1.451891 (1.479924)  lr: 0.003318 (0.003417)  wd: 0.000100 (0.000100)  time: 0.447234  data: 0.000132  max mem: 11624
Epoch: [71/100] Total time: 0:02:28 (0.754898 s / it)
Averaged stats: loss: 1.451891 (1.477954)  lr: 0.003318 (0.003417)  wd: 0.000100 (0.000100)
Epoch: [72/100]  [  0/197]  eta: 0:26:54  loss: 1.561286 (1.561286)  lr: 0.003307 (0.003307)  wd: 0.000100 (0.000100)  time: 8.193520  data: 7.269435  max mem: 11624
Epoch: [72/100]  [ 10/197]  eta: 0:04:12  loss: 1.466667 (1.456095)  lr: 0.003301 (0.003301)  wd: 0.000100 (0.000100)  time: 1.352927  data: 0.661997  max mem: 11624
Epoch: [72/100]  [ 20/197]  eta: 0:03:15  loss: 1.442016 (1.457282)  lr: 0.003295 (0.003296)  wd: 0.000100 (0.000100)  time: 0.751428  data: 0.001585  max mem: 11624
Epoch: [72/100]  [ 30/197]  eta: 0:02:45  loss: 1.462997 (1.450578)  lr: 0.003284 (0.003290)  wd: 0.000100 (0.000100)  time: 0.790978  data: 0.002143  max mem: 11624
Epoch: [72/100]  [ 40/197]  eta: 0:02:29  loss: 1.471143 (1.455565)  lr: 0.003273 (0.003285)  wd: 0.000100 (0.000100)  time: 0.793743  data: 0.001726  max mem: 11624
Epoch: [72/100]  [ 50/197]  eta: 0:02:15  loss: 1.492707 (1.465268)  lr: 0.003262 (0.003279)  wd: 0.000100 (0.000100)  time: 0.811104  data: 0.001194  max mem: 11624
Epoch: [72/100]  [ 60/197]  eta: 0:02:02  loss: 1.483832 (1.468033)  lr: 0.003251 (0.003274)  wd: 0.000100 (0.000100)  time: 0.776621  data: 0.001766  max mem: 11624
Epoch: [72/100]  [ 70/197]  eta: 0:01:50  loss: 1.482537 (1.474118)  lr: 0.003240 (0.003268)  wd: 0.000100 (0.000100)  time: 0.749436  data: 0.001431  max mem: 11624
Epoch: [72/100]  [ 80/197]  eta: 0:01:40  loss: 1.488709 (1.477180)  lr: 0.003229 (0.003263)  wd: 0.000100 (0.000100)  time: 0.747571  data: 0.002787  max mem: 11624
Epoch: [72/100]  [ 90/197]  eta: 0:01:29  loss: 1.490302 (1.483125)  lr: 0.003218 (0.003257)  wd: 0.000100 (0.000100)  time: 0.721253  data: 0.005151  max mem: 11624
Epoch: [72/100]  [100/197]  eta: 0:01:19  loss: 1.504439 (1.485010)  lr: 0.003207 (0.003252)  wd: 0.000100 (0.000100)  time: 0.667010  data: 0.002773  max mem: 11624
Epoch: [72/100]  [110/197]  eta: 0:01:11  loss: 1.506829 (1.485771)  lr: 0.003196 (0.003247)  wd: 0.000100 (0.000100)  time: 0.738943  data: 0.002373  max mem: 11624
Epoch: [72/100]  [120/197]  eta: 0:01:01  loss: 1.483149 (1.484703)  lr: 0.003185 (0.003241)  wd: 0.000100 (0.000100)  time: 0.714454  data: 0.002741  max mem: 11624
Epoch: [72/100]  [130/197]  eta: 0:00:53  loss: 1.454729 (1.480779)  lr: 0.003175 (0.003236)  wd: 0.000100 (0.000100)  time: 0.645738  data: 0.001362  max mem: 11624
Epoch: [72/100]  [140/197]  eta: 0:00:45  loss: 1.468597 (1.480970)  lr: 0.003164 (0.003230)  wd: 0.000100 (0.000100)  time: 0.773579  data: 0.001584  max mem: 11624
Epoch: [72/100]  [150/197]  eta: 0:00:37  loss: 1.492909 (1.481871)  lr: 0.003153 (0.003225)  wd: 0.000100 (0.000100)  time: 0.754044  data: 0.000793  max mem: 11624
Epoch: [72/100]  [160/197]  eta: 0:00:29  loss: 1.478174 (1.481738)  lr: 0.003142 (0.003219)  wd: 0.000100 (0.000100)  time: 0.762096  data: 0.000744  max mem: 11624
Epoch: [72/100]  [170/197]  eta: 0:00:21  loss: 1.419499 (1.481218)  lr: 0.003131 (0.003214)  wd: 0.000100 (0.000100)  time: 0.821886  data: 0.001404  max mem: 11624
Epoch: [72/100]  [180/197]  eta: 0:00:13  loss: 1.449958 (1.478358)  lr: 0.003120 (0.003208)  wd: 0.000100 (0.000100)  time: 0.758753  data: 0.000860  max mem: 11624
Epoch: [72/100]  [190/197]  eta: 0:00:05  loss: 1.468077 (1.478130)  lr: 0.003110 (0.003203)  wd: 0.000100 (0.000100)  time: 0.566373  data: 0.000142  max mem: 11624
Epoch: [72/100]  [196/197]  eta: 0:00:00  loss: 1.478084 (1.477244)  lr: 0.003103 (0.003200)  wd: 0.000100 (0.000100)  time: 0.440631  data: 0.000111  max mem: 11624
Epoch: [72/100] Total time: 0:02:29 (0.758379 s / it)
Averaged stats: loss: 1.478084 (1.478631)  lr: 0.003103 (0.003200)  wd: 0.000100 (0.000100)
Epoch: [73/100]  [  0/197]  eta: 0:23:21  loss: 1.639741 (1.639741)  lr: 0.003092 (0.003092)  wd: 0.000100 (0.000100)  time: 7.112408  data: 6.488201  max mem: 11624
Epoch: [73/100]  [ 10/197]  eta: 0:04:17  loss: 1.411900 (1.453884)  lr: 0.003087 (0.003087)  wd: 0.000100 (0.000100)  time: 1.378108  data: 0.745180  max mem: 11624
Epoch: [73/100]  [ 20/197]  eta: 0:03:08  loss: 1.424506 (1.483203)  lr: 0.003081 (0.003082)  wd: 0.000100 (0.000100)  time: 0.765063  data: 0.085558  max mem: 11624
Epoch: [73/100]  [ 30/197]  eta: 0:02:44  loss: 1.482683 (1.481533)  lr: 0.003070 (0.003076)  wd: 0.000100 (0.000100)  time: 0.765573  data: 0.020917  max mem: 11624
Epoch: [73/100]  [ 40/197]  eta: 0:02:25  loss: 1.478346 (1.481151)  lr: 0.003059 (0.003071)  wd: 0.000100 (0.000100)  time: 0.776287  data: 0.036203  max mem: 11624
Epoch: [73/100]  [ 50/197]  eta: 0:02:11  loss: 1.506572 (1.478479)  lr: 0.003048 (0.003066)  wd: 0.000100 (0.000100)  time: 0.760405  data: 0.015538  max mem: 11624
Epoch: [73/100]  [ 60/197]  eta: 0:01:59  loss: 1.506572 (1.476624)  lr: 0.003038 (0.003060)  wd: 0.000100 (0.000100)  time: 0.762402  data: 0.000218  max mem: 11624
Epoch: [73/100]  [ 70/197]  eta: 0:01:48  loss: 1.458075 (1.478648)  lr: 0.003027 (0.003055)  wd: 0.000100 (0.000100)  time: 0.747937  data: 0.000328  max mem: 11624
Epoch: [73/100]  [ 80/197]  eta: 0:01:38  loss: 1.500103 (1.482039)  lr: 0.003016 (0.003050)  wd: 0.000100 (0.000100)  time: 0.758989  data: 0.000356  max mem: 11624
Epoch: [73/100]  [ 90/197]  eta: 0:01:30  loss: 1.484180 (1.480454)  lr: 0.003006 (0.003044)  wd: 0.000100 (0.000100)  time: 0.801486  data: 0.000270  max mem: 11624
Epoch: [73/100]  [100/197]  eta: 0:01:20  loss: 1.417729 (1.478062)  lr: 0.002995 (0.003039)  wd: 0.000100 (0.000100)  time: 0.773352  data: 0.003064  max mem: 11624
Epoch: [73/100]  [110/197]  eta: 0:01:11  loss: 1.494083 (1.482217)  lr: 0.002985 (0.003034)  wd: 0.000100 (0.000100)  time: 0.719180  data: 0.003009  max mem: 11624
Epoch: [73/100]  [120/197]  eta: 0:01:02  loss: 1.490042 (1.479215)  lr: 0.002974 (0.003028)  wd: 0.000100 (0.000100)  time: 0.741330  data: 0.000399  max mem: 11624
Epoch: [73/100]  [130/197]  eta: 0:00:54  loss: 1.400022 (1.479593)  lr: 0.002963 (0.003023)  wd: 0.000100 (0.000100)  time: 0.771587  data: 0.001131  max mem: 11624
Epoch: [73/100]  [140/197]  eta: 0:00:46  loss: 1.473021 (1.477960)  lr: 0.002953 (0.003018)  wd: 0.000100 (0.000100)  time: 0.772549  data: 0.000930  max mem: 11624
Epoch: [73/100]  [150/197]  eta: 0:00:37  loss: 1.451116 (1.473752)  lr: 0.002942 (0.003012)  wd: 0.000100 (0.000100)  time: 0.726682  data: 0.001444  max mem: 11624
Epoch: [73/100]  [160/197]  eta: 0:00:29  loss: 1.451817 (1.472178)  lr: 0.002932 (0.003007)  wd: 0.000100 (0.000100)  time: 0.762858  data: 0.001457  max mem: 11624
Epoch: [73/100]  [170/197]  eta: 0:00:21  loss: 1.467796 (1.473027)  lr: 0.002921 (0.003002)  wd: 0.000100 (0.000100)  time: 0.763481  data: 0.000204  max mem: 11624
Epoch: [73/100]  [180/197]  eta: 0:00:13  loss: 1.417249 (1.468424)  lr: 0.002911 (0.002996)  wd: 0.000100 (0.000100)  time: 0.693373  data: 0.000553  max mem: 11624
Epoch: [73/100]  [190/197]  eta: 0:00:05  loss: 1.442157 (1.471041)  lr: 0.002900 (0.002991)  wd: 0.000100 (0.000100)  time: 0.512122  data: 0.000516  max mem: 11624
Epoch: [73/100]  [196/197]  eta: 0:00:00  loss: 1.489584 (1.472392)  lr: 0.002894 (0.002988)  wd: 0.000100 (0.000100)  time: 0.368753  data: 0.000127  max mem: 11624
Epoch: [73/100] Total time: 0:02:28 (0.755634 s / it)
Averaged stats: loss: 1.489584 (1.470330)  lr: 0.002894 (0.002988)  wd: 0.000100 (0.000100)
Epoch: [74/100]  [  0/197]  eta: 0:27:07  loss: 1.461348 (1.461348)  lr: 0.002883 (0.002883)  wd: 0.000100 (0.000100)  time: 8.259489  data: 7.245378  max mem: 11624
Epoch: [74/100]  [ 10/197]  eta: 0:03:56  loss: 1.472941 (1.481223)  lr: 0.002878 (0.002878)  wd: 0.000100 (0.000100)  time: 1.264489  data: 0.728140  max mem: 11624
Epoch: [74/100]  [ 20/197]  eta: 0:03:02  loss: 1.472941 (1.477113)  lr: 0.002872 (0.002873)  wd: 0.000100 (0.000100)  time: 0.668674  data: 0.090272  max mem: 11624
Epoch: [74/100]  [ 30/197]  eta: 0:02:38  loss: 1.456935 (1.484638)  lr: 0.002861 (0.002868)  wd: 0.000100 (0.000100)  time: 0.774759  data: 0.071697  max mem: 11624
Epoch: [74/100]  [ 40/197]  eta: 0:02:26  loss: 1.435118 (1.475657)  lr: 0.002851 (0.002862)  wd: 0.000100 (0.000100)  time: 0.825577  data: 0.052837  max mem: 11624
Epoch: [74/100]  [ 50/197]  eta: 0:02:11  loss: 1.446709 (1.475726)  lr: 0.002841 (0.002857)  wd: 0.000100 (0.000100)  time: 0.817668  data: 0.033294  max mem: 11624
Epoch: [74/100]  [ 60/197]  eta: 0:01:59  loss: 1.501019 (1.477374)  lr: 0.002830 (0.002852)  wd: 0.000100 (0.000100)  time: 0.758166  data: 0.000803  max mem: 11624
Epoch: [74/100]  [ 70/197]  eta: 0:01:49  loss: 1.501019 (1.481269)  lr: 0.002820 (0.002847)  wd: 0.000100 (0.000100)  time: 0.766456  data: 0.000804  max mem: 11624
Epoch: [74/100]  [ 80/197]  eta: 0:01:39  loss: 1.464690 (1.478075)  lr: 0.002809 (0.002842)  wd: 0.000100 (0.000100)  time: 0.766924  data: 0.000183  max mem: 11624
Epoch: [74/100]  [ 90/197]  eta: 0:01:28  loss: 1.464690 (1.476058)  lr: 0.002799 (0.002836)  wd: 0.000100 (0.000100)  time: 0.703922  data: 0.000197  max mem: 11624
Epoch: [74/100]  [100/197]  eta: 0:01:18  loss: 1.484375 (1.476900)  lr: 0.002789 (0.002831)  wd: 0.000100 (0.000100)  time: 0.649605  data: 0.000851  max mem: 11624
Epoch: [74/100]  [110/197]  eta: 0:01:08  loss: 1.446257 (1.472884)  lr: 0.002778 (0.002826)  wd: 0.000100 (0.000100)  time: 0.636683  data: 0.000835  max mem: 11624
Epoch: [74/100]  [120/197]  eta: 0:01:01  loss: 1.413926 (1.470996)  lr: 0.002768 (0.002821)  wd: 0.000100 (0.000100)  time: 0.732987  data: 0.000720  max mem: 11624
Epoch: [74/100]  [130/197]  eta: 0:00:53  loss: 1.433362 (1.473786)  lr: 0.002758 (0.002816)  wd: 0.000100 (0.000100)  time: 0.801079  data: 0.000710  max mem: 11624
Epoch: [74/100]  [140/197]  eta: 0:00:45  loss: 1.480654 (1.474917)  lr: 0.002747 (0.002811)  wd: 0.000100 (0.000100)  time: 0.867251  data: 0.000170  max mem: 11624
Epoch: [74/100]  [150/197]  eta: 0:00:37  loss: 1.461806 (1.474102)  lr: 0.002737 (0.002805)  wd: 0.000100 (0.000100)  time: 0.812040  data: 0.000175  max mem: 11624
Epoch: [74/100]  [160/197]  eta: 0:00:29  loss: 1.459082 (1.476136)  lr: 0.002727 (0.002800)  wd: 0.000100 (0.000100)  time: 0.726125  data: 0.000184  max mem: 11624
Epoch: [74/100]  [170/197]  eta: 0:00:21  loss: 1.475233 (1.473221)  lr: 0.002717 (0.002795)  wd: 0.000100 (0.000100)  time: 0.795245  data: 0.000184  max mem: 11624
Epoch: [74/100]  [180/197]  eta: 0:00:13  loss: 1.480120 (1.475823)  lr: 0.002706 (0.002790)  wd: 0.000100 (0.000100)  time: 0.710361  data: 0.000181  max mem: 11624
Epoch: [74/100]  [190/197]  eta: 0:00:05  loss: 1.475108 (1.475509)  lr: 0.002696 (0.002785)  wd: 0.000100 (0.000100)  time: 0.496918  data: 0.000153  max mem: 11624
Epoch: [74/100]  [196/197]  eta: 0:00:00  loss: 1.463747 (1.474748)  lr: 0.002690 (0.002782)  wd: 0.000100 (0.000100)  time: 0.378470  data: 0.000119  max mem: 11624
Epoch: [74/100] Total time: 0:02:28 (0.752462 s / it)
Averaged stats: loss: 1.463747 (1.467781)  lr: 0.002690 (0.002782)  wd: 0.000100 (0.000100)
Epoch: [75/100]  [  0/197]  eta: 0:23:37  loss: 1.360255 (1.360255)  lr: 0.002680 (0.002680)  wd: 0.000100 (0.000100)  time: 7.193324  data: 6.549323  max mem: 11624
Epoch: [75/100]  [ 10/197]  eta: 0:04:08  loss: 1.429144 (1.439446)  lr: 0.002675 (0.002675)  wd: 0.000100 (0.000100)  time: 1.328169  data: 0.666471  max mem: 11624
Epoch: [75/100]  [ 20/197]  eta: 0:03:11  loss: 1.429144 (1.461958)  lr: 0.002669 (0.002670)  wd: 0.000100 (0.000100)  time: 0.776492  data: 0.068448  max mem: 11624
Epoch: [75/100]  [ 30/197]  eta: 0:02:45  loss: 1.417988 (1.454810)  lr: 0.002659 (0.002665)  wd: 0.000100 (0.000100)  time: 0.806959  data: 0.109482  max mem: 11624
Epoch: [75/100]  [ 40/197]  eta: 0:02:29  loss: 1.443669 (1.461034)  lr: 0.002648 (0.002660)  wd: 0.000100 (0.000100)  time: 0.819590  data: 0.145370  max mem: 11624
Epoch: [75/100]  [ 50/197]  eta: 0:02:14  loss: 1.435543 (1.463403)  lr: 0.002638 (0.002655)  wd: 0.000100 (0.000100)  time: 0.801687  data: 0.065353  max mem: 11624
Epoch: [75/100]  [ 60/197]  eta: 0:02:04  loss: 1.431021 (1.468665)  lr: 0.002628 (0.002649)  wd: 0.000100 (0.000100)  time: 0.826585  data: 0.000576  max mem: 11624
Epoch: [75/100]  [ 70/197]  eta: 0:01:50  loss: 1.446554 (1.473644)  lr: 0.002618 (0.002644)  wd: 0.000100 (0.000100)  time: 0.757798  data: 0.000687  max mem: 11624
Epoch: [75/100]  [ 80/197]  eta: 0:01:41  loss: 1.501119 (1.475660)  lr: 0.002608 (0.002639)  wd: 0.000100 (0.000100)  time: 0.726723  data: 0.000315  max mem: 11624
Epoch: [75/100]  [ 90/197]  eta: 0:01:32  loss: 1.425313 (1.473603)  lr: 0.002598 (0.002634)  wd: 0.000100 (0.000100)  time: 0.847823  data: 0.000179  max mem: 11624
Epoch: [75/100]  [100/197]  eta: 0:01:21  loss: 1.425313 (1.472184)  lr: 0.002588 (0.002629)  wd: 0.000100 (0.000100)  time: 0.711469  data: 0.000175  max mem: 11624
Epoch: [75/100]  [110/197]  eta: 0:01:11  loss: 1.483666 (1.475784)  lr: 0.002578 (0.002624)  wd: 0.000100 (0.000100)  time: 0.587476  data: 0.000412  max mem: 11624
Epoch: [75/100]  [120/197]  eta: 0:01:01  loss: 1.437383 (1.474758)  lr: 0.002568 (0.002619)  wd: 0.000100 (0.000100)  time: 0.642457  data: 0.000436  max mem: 11624
Epoch: [75/100]  [130/197]  eta: 0:00:53  loss: 1.409783 (1.471256)  lr: 0.002558 (0.002614)  wd: 0.000100 (0.000100)  time: 0.706283  data: 0.001051  max mem: 11624
Epoch: [75/100]  [140/197]  eta: 0:00:44  loss: 1.414825 (1.471106)  lr: 0.002548 (0.002609)  wd: 0.000100 (0.000100)  time: 0.689472  data: 0.001030  max mem: 11624
Epoch: [75/100]  [150/197]  eta: 0:00:37  loss: 1.446534 (1.469525)  lr: 0.002538 (0.002604)  wd: 0.000100 (0.000100)  time: 0.741202  data: 0.000186  max mem: 11624
Epoch: [75/100]  [160/197]  eta: 0:00:29  loss: 1.393387 (1.463089)  lr: 0.002528 (0.002599)  wd: 0.000100 (0.000100)  time: 0.763159  data: 0.000258  max mem: 11624
Epoch: [75/100]  [170/197]  eta: 0:00:21  loss: 1.420781 (1.468798)  lr: 0.002518 (0.002594)  wd: 0.000100 (0.000100)  time: 0.751726  data: 0.000339  max mem: 11624
Epoch: [75/100]  [180/197]  eta: 0:00:13  loss: 1.420781 (1.465198)  lr: 0.002508 (0.002589)  wd: 0.000100 (0.000100)  time: 0.823883  data: 0.000414  max mem: 11624
Epoch: [75/100]  [190/197]  eta: 0:00:05  loss: 1.362748 (1.461479)  lr: 0.002498 (0.002584)  wd: 0.000100 (0.000100)  time: 0.599875  data: 0.000291  max mem: 11624
Epoch: [75/100]  [196/197]  eta: 0:00:00  loss: 1.399472 (1.461242)  lr: 0.002492 (0.002581)  wd: 0.000100 (0.000100)  time: 0.427178  data: 0.000114  max mem: 11624
Epoch: [75/100] Total time: 0:02:28 (0.755783 s / it)
Averaged stats: loss: 1.399472 (1.462117)  lr: 0.002492 (0.002581)  wd: 0.000100 (0.000100)
Epoch: [76/100]  [  0/197]  eta: 0:25:37  loss: 1.385278 (1.385278)  lr: 0.002482 (0.002482)  wd: 0.000100 (0.000100)  time: 7.806472  data: 7.161108  max mem: 11624
Epoch: [76/100]  [ 10/197]  eta: 0:04:10  loss: 1.404079 (1.441122)  lr: 0.002477 (0.002477)  wd: 0.000100 (0.000100)  time: 1.340615  data: 0.723971  max mem: 11624
Epoch: [76/100]  [ 20/197]  eta: 0:03:11  loss: 1.496125 (1.468274)  lr: 0.002472 (0.002472)  wd: 0.000100 (0.000100)  time: 0.745091  data: 0.050695  max mem: 11624
Epoch: [76/100]  [ 30/197]  eta: 0:02:43  loss: 1.428383 (1.432172)  lr: 0.002462 (0.002468)  wd: 0.000100 (0.000100)  time: 0.777773  data: 0.035773  max mem: 11624
Epoch: [76/100]  [ 40/197]  eta: 0:02:25  loss: 1.423851 (1.437332)  lr: 0.002452 (0.002463)  wd: 0.000100 (0.000100)  time: 0.760210  data: 0.025974  max mem: 11624
Epoch: [76/100]  [ 50/197]  eta: 0:02:07  loss: 1.445556 (1.445510)  lr: 0.002442 (0.002458)  wd: 0.000100 (0.000100)  time: 0.691743  data: 0.000849  max mem: 11624
Epoch: [76/100]  [ 60/197]  eta: 0:02:01  loss: 1.439424 (1.438728)  lr: 0.002432 (0.002453)  wd: 0.000100 (0.000100)  time: 0.815015  data: 0.116101  max mem: 11624
Epoch: [76/100]  [ 70/197]  eta: 0:01:49  loss: 1.389781 (1.436167)  lr: 0.002422 (0.002448)  wd: 0.000100 (0.000100)  time: 0.865891  data: 0.116114  max mem: 11624
Epoch: [76/100]  [ 80/197]  eta: 0:01:39  loss: 1.432061 (1.441713)  lr: 0.002413 (0.002443)  wd: 0.000100 (0.000100)  time: 0.721032  data: 0.000182  max mem: 11624
Epoch: [76/100]  [ 90/197]  eta: 0:01:29  loss: 1.492776 (1.450266)  lr: 0.002403 (0.002438)  wd: 0.000100 (0.000100)  time: 0.741179  data: 0.000189  max mem: 11624
Epoch: [76/100]  [100/197]  eta: 0:01:19  loss: 1.491781 (1.452338)  lr: 0.002393 (0.002433)  wd: 0.000100 (0.000100)  time: 0.694335  data: 0.000184  max mem: 11624
Epoch: [76/100]  [110/197]  eta: 0:01:10  loss: 1.451531 (1.450331)  lr: 0.002383 (0.002428)  wd: 0.000100 (0.000100)  time: 0.684660  data: 0.000243  max mem: 11624
Epoch: [76/100]  [120/197]  eta: 0:01:02  loss: 1.463464 (1.456214)  lr: 0.002374 (0.002423)  wd: 0.000100 (0.000100)  time: 0.793821  data: 0.026982  max mem: 11624
Epoch: [76/100]  [130/197]  eta: 0:00:54  loss: 1.516595 (1.455784)  lr: 0.002364 (0.002419)  wd: 0.000100 (0.000100)  time: 0.837800  data: 0.026911  max mem: 11624
Epoch: [76/100]  [140/197]  eta: 0:00:45  loss: 1.464232 (1.458282)  lr: 0.002354 (0.002414)  wd: 0.000100 (0.000100)  time: 0.735287  data: 0.000744  max mem: 11624
Epoch: [76/100]  [150/197]  eta: 0:00:37  loss: 1.464232 (1.460719)  lr: 0.002345 (0.002409)  wd: 0.000100 (0.000100)  time: 0.673921  data: 0.000743  max mem: 11624
Epoch: [76/100]  [160/197]  eta: 0:00:29  loss: 1.422655 (1.456999)  lr: 0.002335 (0.002404)  wd: 0.000100 (0.000100)  time: 0.715425  data: 0.000261  max mem: 11624
Epoch: [76/100]  [170/197]  eta: 0:00:21  loss: 1.422032 (1.459552)  lr: 0.002325 (0.002399)  wd: 0.000100 (0.000100)  time: 0.742196  data: 0.010102  max mem: 11624
Epoch: [76/100]  [180/197]  eta: 0:00:13  loss: 1.466478 (1.460747)  lr: 0.002316 (0.002394)  wd: 0.000100 (0.000100)  time: 0.758504  data: 0.037173  max mem: 11624
Epoch: [76/100]  [190/197]  eta: 0:00:05  loss: 1.466478 (1.462893)  lr: 0.002306 (0.002389)  wd: 0.000100 (0.000100)  time: 0.578849  data: 0.068552  max mem: 11624
Epoch: [76/100]  [196/197]  eta: 0:00:00  loss: 1.499007 (1.465198)  lr: 0.002300 (0.002387)  wd: 0.000100 (0.000100)  time: 0.424963  data: 0.041367  max mem: 11624
Epoch: [76/100] Total time: 0:02:28 (0.755763 s / it)
Averaged stats: loss: 1.499007 (1.457716)  lr: 0.002300 (0.002387)  wd: 0.000100 (0.000100)
Epoch: [77/100]  [  0/197]  eta: 0:26:44  loss: 1.367929 (1.367929)  lr: 0.002291 (0.002291)  wd: 0.000100 (0.000100)  time: 8.145547  data: 7.648166  max mem: 11624
Epoch: [77/100]  [ 10/197]  eta: 0:04:41  loss: 1.412615 (1.423660)  lr: 0.002286 (0.002286)  wd: 0.000100 (0.000100)  time: 1.507786  data: 0.700132  max mem: 11624
Epoch: [77/100]  [ 20/197]  eta: 0:03:14  loss: 1.447742 (1.438554)  lr: 0.002280 (0.002281)  wd: 0.000100 (0.000100)  time: 0.749101  data: 0.002756  max mem: 11624
Epoch: [77/100]  [ 30/197]  eta: 0:02:45  loss: 1.426809 (1.427445)  lr: 0.002271 (0.002277)  wd: 0.000100 (0.000100)  time: 0.703867  data: 0.001713  max mem: 11624
Epoch: [77/100]  [ 40/197]  eta: 0:02:29  loss: 1.413998 (1.435137)  lr: 0.002261 (0.002272)  wd: 0.000100 (0.000100)  time: 0.790651  data: 0.001717  max mem: 11624
Epoch: [77/100]  [ 50/197]  eta: 0:02:13  loss: 1.430192 (1.448851)  lr: 0.002252 (0.002267)  wd: 0.000100 (0.000100)  time: 0.791139  data: 0.000198  max mem: 11624
Epoch: [77/100]  [ 60/197]  eta: 0:01:59  loss: 1.456589 (1.447498)  lr: 0.002242 (0.002262)  wd: 0.000100 (0.000100)  time: 0.722661  data: 0.001318  max mem: 11624
Epoch: [77/100]  [ 70/197]  eta: 0:01:48  loss: 1.427630 (1.442536)  lr: 0.002233 (0.002258)  wd: 0.000100 (0.000100)  time: 0.715561  data: 0.002409  max mem: 11624
Epoch: [77/100]  [ 80/197]  eta: 0:01:37  loss: 1.427433 (1.444686)  lr: 0.002223 (0.002253)  wd: 0.000100 (0.000100)  time: 0.719527  data: 0.001305  max mem: 11624
Epoch: [77/100]  [ 90/197]  eta: 0:01:30  loss: 1.456474 (1.449544)  lr: 0.002214 (0.002248)  wd: 0.000100 (0.000100)  time: 0.800900  data: 0.000228  max mem: 11624
Epoch: [77/100]  [100/197]  eta: 0:01:19  loss: 1.473405 (1.454240)  lr: 0.002205 (0.002243)  wd: 0.000100 (0.000100)  time: 0.747849  data: 0.000812  max mem: 11624
Epoch: [77/100]  [110/197]  eta: 0:01:11  loss: 1.446901 (1.450018)  lr: 0.002195 (0.002239)  wd: 0.000100 (0.000100)  time: 0.733088  data: 0.002684  max mem: 11624
Epoch: [77/100]  [120/197]  eta: 0:01:02  loss: 1.410803 (1.451389)  lr: 0.002186 (0.002234)  wd: 0.000100 (0.000100)  time: 0.756988  data: 0.002766  max mem: 11624
Epoch: [77/100]  [130/197]  eta: 0:00:54  loss: 1.440203 (1.454188)  lr: 0.002176 (0.002229)  wd: 0.000100 (0.000100)  time: 0.751229  data: 0.000882  max mem: 11624
Epoch: [77/100]  [140/197]  eta: 0:00:45  loss: 1.457645 (1.452819)  lr: 0.002167 (0.002225)  wd: 0.000100 (0.000100)  time: 0.761994  data: 0.000195  max mem: 11624
Epoch: [77/100]  [150/197]  eta: 0:00:37  loss: 1.411618 (1.449732)  lr: 0.002158 (0.002220)  wd: 0.000100 (0.000100)  time: 0.701751  data: 0.000725  max mem: 11624
Epoch: [77/100]  [160/197]  eta: 0:00:29  loss: 1.429839 (1.451148)  lr: 0.002148 (0.002215)  wd: 0.000100 (0.000100)  time: 0.780451  data: 0.000745  max mem: 11624
Epoch: [77/100]  [170/197]  eta: 0:00:21  loss: 1.434740 (1.450864)  lr: 0.002139 (0.002210)  wd: 0.000100 (0.000100)  time: 0.785156  data: 0.000412  max mem: 11624
Epoch: [77/100]  [180/197]  eta: 0:00:13  loss: 1.416677 (1.448476)  lr: 0.002130 (0.002206)  wd: 0.000100 (0.000100)  time: 0.692459  data: 0.000402  max mem: 11624
Epoch: [77/100]  [190/197]  eta: 0:00:05  loss: 1.414095 (1.447143)  lr: 0.002121 (0.002201)  wd: 0.000100 (0.000100)  time: 0.519626  data: 0.000160  max mem: 11624
Epoch: [77/100]  [196/197]  eta: 0:00:00  loss: 1.438840 (1.447928)  lr: 0.002115 (0.002198)  wd: 0.000100 (0.000100)  time: 0.404658  data: 0.000128  max mem: 11624
Epoch: [77/100] Total time: 0:02:29 (0.756550 s / it)
Averaged stats: loss: 1.438840 (1.452853)  lr: 0.002115 (0.002198)  wd: 0.000100 (0.000100)
Epoch: [78/100]  [  0/197]  eta: 0:25:48  loss: 1.311972 (1.311972)  lr: 0.002106 (0.002106)  wd: 0.000100 (0.000100)  time: 7.862859  data: 7.089995  max mem: 11624
Epoch: [78/100]  [ 10/197]  eta: 0:04:19  loss: 1.403257 (1.460820)  lr: 0.002101 (0.002101)  wd: 0.000100 (0.000100)  time: 1.388382  data: 0.645689  max mem: 11624
Epoch: [78/100]  [ 20/197]  eta: 0:03:24  loss: 1.459586 (1.460415)  lr: 0.002096 (0.002097)  wd: 0.000100 (0.000100)  time: 0.822623  data: 0.000715  max mem: 11624
Epoch: [78/100]  [ 30/197]  eta: 0:02:52  loss: 1.430833 (1.436446)  lr: 0.002086 (0.002092)  wd: 0.000100 (0.000100)  time: 0.836448  data: 0.000185  max mem: 11624
Epoch: [78/100]  [ 40/197]  eta: 0:02:28  loss: 1.454258 (1.456032)  lr: 0.002077 (0.002087)  wd: 0.000100 (0.000100)  time: 0.725134  data: 0.000195  max mem: 11624
Epoch: [78/100]  [ 50/197]  eta: 0:02:13  loss: 1.506701 (1.459800)  lr: 0.002068 (0.002083)  wd: 0.000100 (0.000100)  time: 0.718428  data: 0.001488  max mem: 11624
Epoch: [78/100]  [ 60/197]  eta: 0:02:02  loss: 1.409332 (1.449727)  lr: 0.002059 (0.002078)  wd: 0.000100 (0.000100)  time: 0.791761  data: 0.002107  max mem: 11624
Epoch: [78/100]  [ 70/197]  eta: 0:01:50  loss: 1.453469 (1.456160)  lr: 0.002050 (0.002074)  wd: 0.000100 (0.000100)  time: 0.760229  data: 0.001042  max mem: 11624
Epoch: [78/100]  [ 80/197]  eta: 0:01:39  loss: 1.475926 (1.455799)  lr: 0.002041 (0.002069)  wd: 0.000100 (0.000100)  time: 0.711863  data: 0.028430  max mem: 11624
Epoch: [78/100]  [ 90/197]  eta: 0:01:29  loss: 1.400795 (1.449571)  lr: 0.002032 (0.002065)  wd: 0.000100 (0.000100)  time: 0.731966  data: 0.035721  max mem: 11624
Epoch: [78/100]  [100/197]  eta: 0:01:20  loss: 1.399032 (1.447086)  lr: 0.002023 (0.002060)  wd: 0.000100 (0.000100)  time: 0.739327  data: 0.030159  max mem: 11624
Epoch: [78/100]  [110/197]  eta: 0:01:12  loss: 1.406423 (1.449739)  lr: 0.002013 (0.002055)  wd: 0.000100 (0.000100)  time: 0.817126  data: 0.075308  max mem: 11624
Epoch: [78/100]  [120/197]  eta: 0:01:03  loss: 1.412973 (1.442494)  lr: 0.002004 (0.002051)  wd: 0.000100 (0.000100)  time: 0.785635  data: 0.053375  max mem: 11624
Epoch: [78/100]  [130/197]  eta: 0:00:55  loss: 1.411605 (1.442770)  lr: 0.001995 (0.002046)  wd: 0.000100 (0.000100)  time: 0.783967  data: 0.011616  max mem: 11624
Epoch: [78/100]  [140/197]  eta: 0:00:46  loss: 1.411605 (1.441774)  lr: 0.001986 (0.002042)  wd: 0.000100 (0.000100)  time: 0.837494  data: 0.011103  max mem: 11624
Epoch: [78/100]  [150/197]  eta: 0:00:38  loss: 1.428455 (1.440853)  lr: 0.001977 (0.002037)  wd: 0.000100 (0.000100)  time: 0.733855  data: 0.001281  max mem: 11624
Epoch: [78/100]  [160/197]  eta: 0:00:29  loss: 1.451102 (1.444229)  lr: 0.001968 (0.002033)  wd: 0.000100 (0.000100)  time: 0.693556  data: 0.001824  max mem: 11624
Epoch: [78/100]  [170/197]  eta: 0:00:21  loss: 1.470740 (1.443759)  lr: 0.001959 (0.002028)  wd: 0.000100 (0.000100)  time: 0.790251  data: 0.003636  max mem: 11624
Epoch: [78/100]  [180/197]  eta: 0:00:13  loss: 1.425170 (1.445923)  lr: 0.001950 (0.002024)  wd: 0.000100 (0.000100)  time: 0.766381  data: 0.003150  max mem: 11624
Epoch: [78/100]  [190/197]  eta: 0:00:05  loss: 1.409510 (1.444107)  lr: 0.001942 (0.002019)  wd: 0.000100 (0.000100)  time: 0.519839  data: 0.000203  max mem: 11624
Epoch: [78/100]  [196/197]  eta: 0:00:00  loss: 1.444311 (1.444859)  lr: 0.001936 (0.002016)  wd: 0.000100 (0.000100)  time: 0.378694  data: 0.000175  max mem: 11624
Epoch: [78/100] Total time: 0:02:31 (0.769516 s / it)
Averaged stats: loss: 1.444311 (1.447905)  lr: 0.001936 (0.002016)  wd: 0.000100 (0.000100)
Epoch: [79/100]  [  0/197]  eta: 0:24:36  loss: 1.316785 (1.316785)  lr: 0.001927 (0.001927)  wd: 0.000100 (0.000100)  time: 7.495944  data: 6.679376  max mem: 11624
Epoch: [79/100]  [ 10/197]  eta: 0:04:45  loss: 1.410341 (1.417908)  lr: 0.001923 (0.001923)  wd: 0.000100 (0.000100)  time: 1.527654  data: 0.608082  max mem: 11624
Epoch: [79/100]  [ 20/197]  eta: 0:03:10  loss: 1.419400 (1.448413)  lr: 0.001918 (0.001918)  wd: 0.000100 (0.000100)  time: 0.754005  data: 0.001104  max mem: 11624
Epoch: [79/100]  [ 30/197]  eta: 0:02:51  loss: 1.419400 (1.434489)  lr: 0.001909 (0.001914)  wd: 0.000100 (0.000100)  time: 0.753662  data: 0.000735  max mem: 11624
Epoch: [79/100]  [ 40/197]  eta: 0:02:37  loss: 1.412986 (1.430991)  lr: 0.001900 (0.001910)  wd: 0.000100 (0.000100)  time: 0.924162  data: 0.000210  max mem: 11624
Epoch: [79/100]  [ 50/197]  eta: 0:02:15  loss: 1.436157 (1.427205)  lr: 0.001891 (0.001905)  wd: 0.000100 (0.000100)  time: 0.762470  data: 0.000185  max mem: 11624
Epoch: [79/100]  [ 60/197]  eta: 0:02:03  loss: 1.420019 (1.426278)  lr: 0.001882 (0.001901)  wd: 0.000100 (0.000100)  time: 0.693765  data: 0.000163  max mem: 11624
Epoch: [79/100]  [ 70/197]  eta: 0:01:50  loss: 1.420019 (1.436831)  lr: 0.001873 (0.001896)  wd: 0.000100 (0.000100)  time: 0.724625  data: 0.000167  max mem: 11624
Epoch: [79/100]  [ 80/197]  eta: 0:01:41  loss: 1.419520 (1.434069)  lr: 0.001865 (0.001892)  wd: 0.000100 (0.000100)  time: 0.758069  data: 0.000547  max mem: 11624
Epoch: [79/100]  [ 90/197]  eta: 0:01:30  loss: 1.410053 (1.437104)  lr: 0.001856 (0.001888)  wd: 0.000100 (0.000100)  time: 0.750536  data: 0.000593  max mem: 11624
Epoch: [79/100]  [100/197]  eta: 0:01:21  loss: 1.469008 (1.437701)  lr: 0.001847 (0.001883)  wd: 0.000100 (0.000100)  time: 0.725625  data: 0.001687  max mem: 11624
Epoch: [79/100]  [110/197]  eta: 0:01:12  loss: 1.449382 (1.435761)  lr: 0.001838 (0.001879)  wd: 0.000100 (0.000100)  time: 0.782512  data: 0.001653  max mem: 11624
Epoch: [79/100]  [120/197]  eta: 0:01:03  loss: 1.409959 (1.437915)  lr: 0.001830 (0.001874)  wd: 0.000100 (0.000100)  time: 0.763763  data: 0.000206  max mem: 11624
Epoch: [79/100]  [130/197]  eta: 0:00:55  loss: 1.471699 (1.444144)  lr: 0.001821 (0.001870)  wd: 0.000100 (0.000100)  time: 0.764929  data: 0.000203  max mem: 11624
Epoch: [79/100]  [140/197]  eta: 0:00:46  loss: 1.491618 (1.444730)  lr: 0.001812 (0.001866)  wd: 0.000100 (0.000100)  time: 0.711044  data: 0.000176  max mem: 11624
Epoch: [79/100]  [150/197]  eta: 0:00:37  loss: 1.464656 (1.446276)  lr: 0.001804 (0.001861)  wd: 0.000100 (0.000100)  time: 0.634308  data: 0.000199  max mem: 11624
Epoch: [79/100]  [160/197]  eta: 0:00:29  loss: 1.464656 (1.448325)  lr: 0.001795 (0.001857)  wd: 0.000100 (0.000100)  time: 0.728708  data: 0.000214  max mem: 11624
Epoch: [79/100]  [170/197]  eta: 0:00:21  loss: 1.488881 (1.452465)  lr: 0.001786 (0.001853)  wd: 0.000100 (0.000100)  time: 0.793461  data: 0.002107  max mem: 11624
Epoch: [79/100]  [180/197]  eta: 0:00:13  loss: 1.492581 (1.453806)  lr: 0.001778 (0.001848)  wd: 0.000100 (0.000100)  time: 0.714113  data: 0.002113  max mem: 11624
Epoch: [79/100]  [190/197]  eta: 0:00:05  loss: 1.409170 (1.452697)  lr: 0.001769 (0.001844)  wd: 0.000100 (0.000100)  time: 0.543701  data: 0.000157  max mem: 11624
Epoch: [79/100]  [196/197]  eta: 0:00:00  loss: 1.463316 (1.454844)  lr: 0.001764 (0.001841)  wd: 0.000100 (0.000100)  time: 0.404954  data: 0.000120  max mem: 11624
Epoch: [79/100] Total time: 0:02:29 (0.757328 s / it)
Averaged stats: loss: 1.463316 (1.454247)  lr: 0.001764 (0.001841)  wd: 0.000100 (0.000100)
Epoch: [80/100]  [  0/197]  eta: 0:27:36  loss: 1.290688 (1.290688)  lr: 0.001756 (0.001756)  wd: 0.000100 (0.000100)  time: 8.406251  data: 7.712543  max mem: 11624
Epoch: [80/100]  [ 10/197]  eta: 0:04:26  loss: 1.388140 (1.380205)  lr: 0.001751 (0.001751)  wd: 0.000100 (0.000100)  time: 1.423488  data: 0.701564  max mem: 11624
Epoch: [80/100]  [ 20/197]  eta: 0:03:22  loss: 1.419536 (1.420050)  lr: 0.001746 (0.001747)  wd: 0.000100 (0.000100)  time: 0.781375  data: 0.000339  max mem: 11624
Epoch: [80/100]  [ 30/197]  eta: 0:02:52  loss: 1.454396 (1.425103)  lr: 0.001738 (0.001743)  wd: 0.000100 (0.000100)  time: 0.818292  data: 0.000209  max mem: 11624
Epoch: [80/100]  [ 40/197]  eta: 0:02:28  loss: 1.413520 (1.431192)  lr: 0.001729 (0.001739)  wd: 0.000100 (0.000100)  time: 0.740653  data: 0.000194  max mem: 11624
Epoch: [80/100]  [ 50/197]  eta: 0:02:16  loss: 1.462996 (1.447687)  lr: 0.001721 (0.001734)  wd: 0.000100 (0.000100)  time: 0.765835  data: 0.092050  max mem: 11624
Epoch: [80/100]  [ 60/197]  eta: 0:02:03  loss: 1.462996 (1.445387)  lr: 0.001712 (0.001730)  wd: 0.000100 (0.000100)  time: 0.817464  data: 0.095053  max mem: 11624
Epoch: [80/100]  [ 70/197]  eta: 0:01:51  loss: 1.375498 (1.445083)  lr: 0.001704 (0.001726)  wd: 0.000100 (0.000100)  time: 0.736756  data: 0.003185  max mem: 11624
Epoch: [80/100]  [ 80/197]  eta: 0:01:39  loss: 1.397485 (1.442477)  lr: 0.001695 (0.001722)  wd: 0.000100 (0.000100)  time: 0.690478  data: 0.000199  max mem: 11624
Epoch: [80/100]  [ 90/197]  eta: 0:01:30  loss: 1.434013 (1.443467)  lr: 0.001687 (0.001717)  wd: 0.000100 (0.000100)  time: 0.741879  data: 0.000570  max mem: 11624
Epoch: [80/100]  [100/197]  eta: 0:01:18  loss: 1.450020 (1.443544)  lr: 0.001679 (0.001713)  wd: 0.000100 (0.000100)  time: 0.655614  data: 0.000545  max mem: 11624
Epoch: [80/100]  [110/197]  eta: 0:01:11  loss: 1.469911 (1.447478)  lr: 0.001670 (0.001709)  wd: 0.000100 (0.000100)  time: 0.694972  data: 0.000203  max mem: 11624
Epoch: [80/100]  [120/197]  eta: 0:01:03  loss: 1.427749 (1.448059)  lr: 0.001662 (0.001705)  wd: 0.000100 (0.000100)  time: 0.886281  data: 0.000768  max mem: 11624
Epoch: [80/100]  [130/197]  eta: 0:00:54  loss: 1.394963 (1.446025)  lr: 0.001654 (0.001701)  wd: 0.000100 (0.000100)  time: 0.744490  data: 0.001774  max mem: 11624
Epoch: [80/100]  [140/197]  eta: 0:00:45  loss: 1.434338 (1.446475)  lr: 0.001645 (0.001696)  wd: 0.000100 (0.000100)  time: 0.636691  data: 0.001208  max mem: 11624
Epoch: [80/100]  [150/197]  eta: 0:00:37  loss: 1.446911 (1.445653)  lr: 0.001637 (0.001692)  wd: 0.000100 (0.000100)  time: 0.693790  data: 0.034139  max mem: 11624
Epoch: [80/100]  [160/197]  eta: 0:00:29  loss: 1.430732 (1.441466)  lr: 0.001629 (0.001688)  wd: 0.000100 (0.000100)  time: 0.847391  data: 0.114265  max mem: 11624
Epoch: [80/100]  [170/197]  eta: 0:00:21  loss: 1.425572 (1.441806)  lr: 0.001620 (0.001684)  wd: 0.000100 (0.000100)  time: 0.808378  data: 0.080299  max mem: 11624
Epoch: [80/100]  [180/197]  eta: 0:00:13  loss: 1.472540 (1.443845)  lr: 0.001612 (0.001680)  wd: 0.000100 (0.000100)  time: 0.607589  data: 0.000249  max mem: 11624
Epoch: [80/100]  [190/197]  eta: 0:00:05  loss: 1.472685 (1.443521)  lr: 0.001604 (0.001675)  wd: 0.000100 (0.000100)  time: 0.551072  data: 0.057974  max mem: 11624
Epoch: [80/100]  [196/197]  eta: 0:00:00  loss: 1.472685 (1.443299)  lr: 0.001599 (0.001673)  wd: 0.000100 (0.000100)  time: 0.458113  data: 0.057885  max mem: 11624
Epoch: [80/100] Total time: 0:02:29 (0.757155 s / it)
Averaged stats: loss: 1.472685 (1.444642)  lr: 0.001599 (0.001673)  wd: 0.000100 (0.000100)
Epoch: [81/100]  [  0/197]  eta: 0:24:57  loss: 1.437167 (1.437167)  lr: 0.001591 (0.001591)  wd: 0.000100 (0.000100)  time: 7.600839  data: 7.115692  max mem: 11624
Epoch: [81/100]  [ 10/197]  eta: 0:04:17  loss: 1.432330 (1.454002)  lr: 0.001587 (0.001587)  wd: 0.000100 (0.000100)  time: 1.376599  data: 0.753275  max mem: 11624
Epoch: [81/100]  [ 20/197]  eta: 0:03:15  loss: 1.430609 (1.425473)  lr: 0.001582 (0.001583)  wd: 0.000100 (0.000100)  time: 0.779294  data: 0.059559  max mem: 11624
Epoch: [81/100]  [ 30/197]  eta: 0:02:41  loss: 1.433999 (1.441172)  lr: 0.001574 (0.001579)  wd: 0.000100 (0.000100)  time: 0.744598  data: 0.001131  max mem: 11624
Epoch: [81/100]  [ 40/197]  eta: 0:02:21  loss: 1.465350 (1.446644)  lr: 0.001566 (0.001575)  wd: 0.000100 (0.000100)  time: 0.691135  data: 0.000171  max mem: 11624
Epoch: [81/100]  [ 50/197]  eta: 0:02:07  loss: 1.410768 (1.436364)  lr: 0.001557 (0.001570)  wd: 0.000100 (0.000100)  time: 0.701756  data: 0.002038  max mem: 11624
Epoch: [81/100]  [ 60/197]  eta: 0:01:53  loss: 1.381942 (1.437806)  lr: 0.001549 (0.001566)  wd: 0.000100 (0.000100)  time: 0.682315  data: 0.038406  max mem: 11624
Epoch: [81/100]  [ 70/197]  eta: 0:01:46  loss: 1.442804 (1.440513)  lr: 0.001541 (0.001562)  wd: 0.000100 (0.000100)  time: 0.764070  data: 0.102575  max mem: 11624
Epoch: [81/100]  [ 80/197]  eta: 0:01:36  loss: 1.431154 (1.447728)  lr: 0.001533 (0.001558)  wd: 0.000100 (0.000100)  time: 0.800674  data: 0.080946  max mem: 11624
Epoch: [81/100]  [ 90/197]  eta: 0:01:28  loss: 1.431154 (1.444721)  lr: 0.001525 (0.001554)  wd: 0.000100 (0.000100)  time: 0.777677  data: 0.058652  max mem: 11624
Epoch: [81/100]  [100/197]  eta: 0:01:19  loss: 1.370533 (1.435987)  lr: 0.001517 (0.001550)  wd: 0.000100 (0.000100)  time: 0.789985  data: 0.044108  max mem: 11624
Epoch: [81/100]  [110/197]  eta: 0:01:10  loss: 1.377414 (1.437993)  lr: 0.001509 (0.001546)  wd: 0.000100 (0.000100)  time: 0.738464  data: 0.000600  max mem: 11624
Epoch: [81/100]  [120/197]  eta: 0:01:02  loss: 1.434132 (1.439799)  lr: 0.001501 (0.001542)  wd: 0.000100 (0.000100)  time: 0.760082  data: 0.000417  max mem: 11624
Epoch: [81/100]  [130/197]  eta: 0:00:53  loss: 1.434132 (1.438493)  lr: 0.001493 (0.001538)  wd: 0.000100 (0.000100)  time: 0.724145  data: 0.000194  max mem: 11624
Epoch: [81/100]  [140/197]  eta: 0:00:45  loss: 1.464507 (1.441803)  lr: 0.001485 (0.001534)  wd: 0.000100 (0.000100)  time: 0.729672  data: 0.000200  max mem: 11624
Epoch: [81/100]  [150/197]  eta: 0:00:37  loss: 1.483774 (1.445478)  lr: 0.001477 (0.001530)  wd: 0.000100 (0.000100)  time: 0.823676  data: 0.000195  max mem: 11624
Epoch: [81/100]  [160/197]  eta: 0:00:29  loss: 1.422306 (1.444865)  lr: 0.001469 (0.001526)  wd: 0.000100 (0.000100)  time: 0.766643  data: 0.000968  max mem: 11624
Epoch: [81/100]  [170/197]  eta: 0:00:21  loss: 1.399992 (1.439648)  lr: 0.001462 (0.001522)  wd: 0.000100 (0.000100)  time: 0.741189  data: 0.001067  max mem: 11624
Epoch: [81/100]  [180/197]  eta: 0:00:13  loss: 1.409240 (1.438570)  lr: 0.001454 (0.001518)  wd: 0.000100 (0.000100)  time: 0.716742  data: 0.000862  max mem: 11624
Epoch: [81/100]  [190/197]  eta: 0:00:05  loss: 1.451652 (1.441253)  lr: 0.001446 (0.001514)  wd: 0.000100 (0.000100)  time: 0.508770  data: 0.000729  max mem: 11624
Epoch: [81/100]  [196/197]  eta: 0:00:00  loss: 1.461423 (1.443005)  lr: 0.001441 (0.001512)  wd: 0.000100 (0.000100)  time: 0.365605  data: 0.000134  max mem: 11624
Epoch: [81/100] Total time: 0:02:27 (0.750774 s / it)
Averaged stats: loss: 1.461423 (1.444167)  lr: 0.001441 (0.001512)  wd: 0.000100 (0.000100)
Epoch: [82/100]  [  0/197]  eta: 0:23:25  loss: 1.740148 (1.740148)  lr: 0.001433 (0.001433)  wd: 0.000100 (0.000100)  time: 7.135800  data: 6.435247  max mem: 11624
Epoch: [82/100]  [ 10/197]  eta: 0:04:34  loss: 1.395816 (1.425705)  lr: 0.001429 (0.001429)  wd: 0.000100 (0.000100)  time: 1.468041  data: 0.627090  max mem: 11624
Epoch: [82/100]  [ 20/197]  eta: 0:03:20  loss: 1.390594 (1.431540)  lr: 0.001425 (0.001425)  wd: 0.000100 (0.000100)  time: 0.832774  data: 0.023245  max mem: 11624
Epoch: [82/100]  [ 30/197]  eta: 0:02:49  loss: 1.463420 (1.447505)  lr: 0.001417 (0.001422)  wd: 0.000100 (0.000100)  time: 0.766607  data: 0.000473  max mem: 11624
Epoch: [82/100]  [ 40/197]  eta: 0:02:30  loss: 1.426707 (1.434379)  lr: 0.001409 (0.001418)  wd: 0.000100 (0.000100)  time: 0.779179  data: 0.001005  max mem: 11624
Epoch: [82/100]  [ 50/197]  eta: 0:02:11  loss: 1.402244 (1.437556)  lr: 0.001401 (0.001414)  wd: 0.000100 (0.000100)  time: 0.713077  data: 0.000726  max mem: 11624
Epoch: [82/100]  [ 60/197]  eta: 0:01:59  loss: 1.405236 (1.431176)  lr: 0.001394 (0.001410)  wd: 0.000100 (0.000100)  time: 0.691639  data: 0.000719  max mem: 11624
Epoch: [82/100]  [ 70/197]  eta: 0:01:48  loss: 1.377572 (1.427843)  lr: 0.001386 (0.001406)  wd: 0.000100 (0.000100)  time: 0.746568  data: 0.002697  max mem: 11624
Epoch: [82/100]  [ 80/197]  eta: 0:01:39  loss: 1.400150 (1.429608)  lr: 0.001378 (0.001402)  wd: 0.000100 (0.000100)  time: 0.796136  data: 0.003250  max mem: 11624
Epoch: [82/100]  [ 90/197]  eta: 0:01:29  loss: 1.405230 (1.430173)  lr: 0.001371 (0.001398)  wd: 0.000100 (0.000100)  time: 0.784485  data: 0.001578  max mem: 11624
Epoch: [82/100]  [100/197]  eta: 0:01:19  loss: 1.448488 (1.428713)  lr: 0.001363 (0.001395)  wd: 0.000100 (0.000100)  time: 0.697277  data: 0.001197  max mem: 11624
Epoch: [82/100]  [110/197]  eta: 0:01:11  loss: 1.415067 (1.424514)  lr: 0.001355 (0.001391)  wd: 0.000100 (0.000100)  time: 0.754459  data: 0.001618  max mem: 11624
Epoch: [82/100]  [120/197]  eta: 0:01:03  loss: 1.420339 (1.428869)  lr: 0.001348 (0.001387)  wd: 0.000100 (0.000100)  time: 0.796371  data: 0.001444  max mem: 11624
Epoch: [82/100]  [130/197]  eta: 0:00:54  loss: 1.424534 (1.429153)  lr: 0.001340 (0.001383)  wd: 0.000100 (0.000100)  time: 0.781344  data: 0.000972  max mem: 11624
Epoch: [82/100]  [140/197]  eta: 0:00:46  loss: 1.421200 (1.426777)  lr: 0.001333 (0.001379)  wd: 0.000100 (0.000100)  time: 0.801274  data: 0.000449  max mem: 11624
Epoch: [82/100]  [150/197]  eta: 0:00:38  loss: 1.411841 (1.426013)  lr: 0.001325 (0.001375)  wd: 0.000100 (0.000100)  time: 0.789509  data: 0.000208  max mem: 11624
Epoch: [82/100]  [160/197]  eta: 0:00:30  loss: 1.422580 (1.426461)  lr: 0.001318 (0.001372)  wd: 0.000100 (0.000100)  time: 0.793168  data: 0.000188  max mem: 11624
Epoch: [82/100]  [170/197]  eta: 0:00:22  loss: 1.442035 (1.428414)  lr: 0.001310 (0.001368)  wd: 0.000100 (0.000100)  time: 0.830523  data: 0.000180  max mem: 11624
Epoch: [82/100]  [180/197]  eta: 0:00:13  loss: 1.417340 (1.426754)  lr: 0.001303 (0.001364)  wd: 0.000100 (0.000100)  time: 0.673354  data: 0.000212  max mem: 11624
Epoch: [82/100]  [190/197]  eta: 0:00:05  loss: 1.402660 (1.428421)  lr: 0.001295 (0.001360)  wd: 0.000100 (0.000100)  time: 0.427539  data: 0.000175  max mem: 11624
Epoch: [82/100]  [196/197]  eta: 0:00:00  loss: 1.471571 (1.430534)  lr: 0.001291 (0.001358)  wd: 0.000100 (0.000100)  time: 0.366614  data: 0.000131  max mem: 11624
Epoch: [82/100] Total time: 0:02:30 (0.762890 s / it)
Averaged stats: loss: 1.471571 (1.439380)  lr: 0.001291 (0.001358)  wd: 0.000100 (0.000100)
Epoch: [83/100]  [  0/197]  eta: 0:24:49  loss: 1.745265 (1.745265)  lr: 0.001283 (0.001283)  wd: 0.000100 (0.000100)  time: 7.563263  data: 6.627816  max mem: 11624
Epoch: [83/100]  [ 10/197]  eta: 0:04:27  loss: 1.481253 (1.485345)  lr: 0.001279 (0.001279)  wd: 0.000100 (0.000100)  time: 1.432479  data: 0.630226  max mem: 11624
Epoch: [83/100]  [ 20/197]  eta: 0:03:15  loss: 1.447835 (1.464921)  lr: 0.001275 (0.001276)  wd: 0.000100 (0.000100)  time: 0.782930  data: 0.015332  max mem: 11624
Epoch: [83/100]  [ 30/197]  eta: 0:02:47  loss: 1.423296 (1.452790)  lr: 0.001268 (0.001272)  wd: 0.000100 (0.000100)  time: 0.766971  data: 0.000216  max mem: 11624
Epoch: [83/100]  [ 40/197]  eta: 0:02:24  loss: 1.390832 (1.428473)  lr: 0.001260 (0.001268)  wd: 0.000100 (0.000100)  time: 0.730041  data: 0.000241  max mem: 11624
Epoch: [83/100]  [ 50/197]  eta: 0:02:12  loss: 1.421297 (1.438350)  lr: 0.001253 (0.001265)  wd: 0.000100 (0.000100)  time: 0.742480  data: 0.002121  max mem: 11624
Epoch: [83/100]  [ 60/197]  eta: 0:01:59  loss: 1.457403 (1.438160)  lr: 0.001245 (0.001261)  wd: 0.000100 (0.000100)  time: 0.772300  data: 0.002097  max mem: 11624
Epoch: [83/100]  [ 70/197]  eta: 0:01:51  loss: 1.433798 (1.439898)  lr: 0.001238 (0.001257)  wd: 0.000100 (0.000100)  time: 0.832986  data: 0.000319  max mem: 11624
Epoch: [83/100]  [ 80/197]  eta: 0:01:38  loss: 1.427961 (1.440498)  lr: 0.001231 (0.001254)  wd: 0.000100 (0.000100)  time: 0.746759  data: 0.000302  max mem: 11624
Epoch: [83/100]  [ 90/197]  eta: 0:01:27  loss: 1.406429 (1.435613)  lr: 0.001224 (0.001250)  wd: 0.000100 (0.000100)  time: 0.608468  data: 0.000188  max mem: 11624
Epoch: [83/100]  [100/197]  eta: 0:01:18  loss: 1.406429 (1.436276)  lr: 0.001216 (0.001246)  wd: 0.000100 (0.000100)  time: 0.659344  data: 0.000214  max mem: 11624
Epoch: [83/100]  [110/197]  eta: 0:01:10  loss: 1.470334 (1.441338)  lr: 0.001209 (0.001243)  wd: 0.000100 (0.000100)  time: 0.784050  data: 0.001773  max mem: 11624
Epoch: [83/100]  [120/197]  eta: 0:01:02  loss: 1.485030 (1.445029)  lr: 0.001202 (0.001239)  wd: 0.000100 (0.000100)  time: 0.823051  data: 0.001760  max mem: 11624
Epoch: [83/100]  [130/197]  eta: 0:00:54  loss: 1.413056 (1.442789)  lr: 0.001195 (0.001235)  wd: 0.000100 (0.000100)  time: 0.818413  data: 0.000498  max mem: 11624
Epoch: [83/100]  [140/197]  eta: 0:00:46  loss: 1.456375 (1.448536)  lr: 0.001187 (0.001232)  wd: 0.000100 (0.000100)  time: 0.826960  data: 0.000714  max mem: 11624
Epoch: [83/100]  [150/197]  eta: 0:00:37  loss: 1.461541 (1.448988)  lr: 0.001180 (0.001228)  wd: 0.000100 (0.000100)  time: 0.706223  data: 0.000582  max mem: 11624
Epoch: [83/100]  [160/197]  eta: 0:00:29  loss: 1.412871 (1.446634)  lr: 0.001173 (0.001225)  wd: 0.000100 (0.000100)  time: 0.801827  data: 0.001555  max mem: 11624
Epoch: [83/100]  [170/197]  eta: 0:00:21  loss: 1.379362 (1.443802)  lr: 0.001166 (0.001221)  wd: 0.000100 (0.000100)  time: 0.796674  data: 0.001370  max mem: 11624
Epoch: [83/100]  [180/197]  eta: 0:00:13  loss: 1.379362 (1.443499)  lr: 0.001159 (0.001217)  wd: 0.000100 (0.000100)  time: 0.622317  data: 0.000179  max mem: 11624
Epoch: [83/100]  [190/197]  eta: 0:00:05  loss: 1.420455 (1.443327)  lr: 0.001152 (0.001214)  wd: 0.000100 (0.000100)  time: 0.500577  data: 0.000152  max mem: 11624
Epoch: [83/100]  [196/197]  eta: 0:00:00  loss: 1.420507 (1.443137)  lr: 0.001148 (0.001212)  wd: 0.000100 (0.000100)  time: 0.418460  data: 0.000112  max mem: 11624
Epoch: [83/100] Total time: 0:02:29 (0.756640 s / it)
Averaged stats: loss: 1.420507 (1.436184)  lr: 0.001148 (0.001212)  wd: 0.000100 (0.000100)
Epoch: [84/100]  [  0/197]  eta: 0:28:52  loss: 1.322338 (1.322338)  lr: 0.001141 (0.001141)  wd: 0.000100 (0.000100)  time: 8.793677  data: 8.132424  max mem: 11624
Epoch: [84/100]  [ 10/197]  eta: 0:04:40  loss: 1.450683 (1.452788)  lr: 0.001137 (0.001137)  wd: 0.000100 (0.000100)  time: 1.499106  data: 0.903049  max mem: 11624
Epoch: [84/100]  [ 20/197]  eta: 0:03:20  loss: 1.450683 (1.448216)  lr: 0.001133 (0.001134)  wd: 0.000100 (0.000100)  time: 0.747767  data: 0.091051  max mem: 11624
Epoch: [84/100]  [ 30/197]  eta: 0:02:49  loss: 1.384060 (1.438793)  lr: 0.001126 (0.001130)  wd: 0.000100 (0.000100)  time: 0.750886  data: 0.001084  max mem: 11624
Epoch: [84/100]  [ 40/197]  eta: 0:02:30  loss: 1.480845 (1.457013)  lr: 0.001119 (0.001127)  wd: 0.000100 (0.000100)  time: 0.777748  data: 0.000188  max mem: 11624
Epoch: [84/100]  [ 50/197]  eta: 0:02:10  loss: 1.478789 (1.451368)  lr: 0.001112 (0.001123)  wd: 0.000100 (0.000100)  time: 0.695151  data: 0.000456  max mem: 11624
Epoch: [84/100]  [ 60/197]  eta: 0:01:58  loss: 1.431830 (1.448549)  lr: 0.001105 (0.001120)  wd: 0.000100 (0.000100)  time: 0.684026  data: 0.000459  max mem: 11624
Epoch: [84/100]  [ 70/197]  eta: 0:01:47  loss: 1.409923 (1.442559)  lr: 0.001098 (0.001116)  wd: 0.000100 (0.000100)  time: 0.738272  data: 0.000292  max mem: 11624
Epoch: [84/100]  [ 80/197]  eta: 0:01:37  loss: 1.397602 (1.431978)  lr: 0.001091 (0.001113)  wd: 0.000100 (0.000100)  time: 0.710694  data: 0.000948  max mem: 11624
Epoch: [84/100]  [ 90/197]  eta: 0:01:27  loss: 1.371243 (1.437710)  lr: 0.001084 (0.001109)  wd: 0.000100 (0.000100)  time: 0.731267  data: 0.001415  max mem: 11624
Epoch: [84/100]  [100/197]  eta: 0:01:19  loss: 1.352605 (1.433231)  lr: 0.001077 (0.001106)  wd: 0.000100 (0.000100)  time: 0.772935  data: 0.001640  max mem: 11624
Epoch: [84/100]  [110/197]  eta: 0:01:10  loss: 1.350757 (1.428897)  lr: 0.001070 (0.001102)  wd: 0.000100 (0.000100)  time: 0.776232  data: 0.001591  max mem: 11624
Epoch: [84/100]  [120/197]  eta: 0:01:02  loss: 1.378005 (1.425610)  lr: 0.001064 (0.001099)  wd: 0.000100 (0.000100)  time: 0.753889  data: 0.000704  max mem: 11624
Epoch: [84/100]  [130/197]  eta: 0:00:54  loss: 1.402111 (1.424875)  lr: 0.001057 (0.001095)  wd: 0.000100 (0.000100)  time: 0.767814  data: 0.000847  max mem: 11624
Epoch: [84/100]  [140/197]  eta: 0:00:45  loss: 1.470191 (1.431395)  lr: 0.001050 (0.001092)  wd: 0.000100 (0.000100)  time: 0.794791  data: 0.001934  max mem: 11624
Epoch: [84/100]  [150/197]  eta: 0:00:38  loss: 1.470191 (1.433393)  lr: 0.001043 (0.001089)  wd: 0.000100 (0.000100)  time: 0.821226  data: 0.001826  max mem: 11624
Epoch: [84/100]  [160/197]  eta: 0:00:29  loss: 1.469811 (1.432656)  lr: 0.001037 (0.001085)  wd: 0.000100 (0.000100)  time: 0.700139  data: 0.001320  max mem: 11624
Epoch: [84/100]  [170/197]  eta: 0:00:21  loss: 1.459494 (1.433277)  lr: 0.001030 (0.001082)  wd: 0.000100 (0.000100)  time: 0.650774  data: 0.000776  max mem: 11624
Epoch: [84/100]  [180/197]  eta: 0:00:13  loss: 1.454071 (1.435417)  lr: 0.001023 (0.001078)  wd: 0.000100 (0.000100)  time: 0.762472  data: 0.000198  max mem: 11624
Epoch: [84/100]  [190/197]  eta: 0:00:05  loss: 1.415339 (1.435088)  lr: 0.001016 (0.001075)  wd: 0.000100 (0.000100)  time: 0.581968  data: 0.000149  max mem: 11624
Epoch: [84/100]  [196/197]  eta: 0:00:00  loss: 1.401613 (1.436002)  lr: 0.001012 (0.001073)  wd: 0.000100 (0.000100)  time: 0.398854  data: 0.000114  max mem: 11624
Epoch: [84/100] Total time: 0:02:29 (0.756402 s / it)
Averaged stats: loss: 1.401613 (1.432807)  lr: 0.001012 (0.001073)  wd: 0.000100 (0.000100)
Epoch: [85/100]  [  0/197]  eta: 0:23:16  loss: 1.466778 (1.466778)  lr: 0.001006 (0.001006)  wd: 0.000100 (0.000100)  time: 7.088384  data: 5.705496  max mem: 11624
Epoch: [85/100]  [ 10/197]  eta: 0:04:08  loss: 1.399454 (1.363424)  lr: 0.001002 (0.001002)  wd: 0.000100 (0.000100)  time: 1.326208  data: 0.591084  max mem: 11624
Epoch: [85/100]  [ 20/197]  eta: 0:03:11  loss: 1.385974 (1.393980)  lr: 0.000998 (0.000999)  wd: 0.000100 (0.000100)  time: 0.783321  data: 0.039908  max mem: 11624
Epoch: [85/100]  [ 30/197]  eta: 0:02:36  loss: 1.458467 (1.423980)  lr: 0.000992 (0.000996)  wd: 0.000100 (0.000100)  time: 0.724055  data: 0.001085  max mem: 11624
Epoch: [85/100]  [ 40/197]  eta: 0:02:23  loss: 1.449483 (1.426636)  lr: 0.000985 (0.000993)  wd: 0.000100 (0.000100)  time: 0.730184  data: 0.001643  max mem: 11624
Epoch: [85/100]  [ 50/197]  eta: 0:02:11  loss: 1.454551 (1.447141)  lr: 0.000979 (0.000989)  wd: 0.000100 (0.000100)  time: 0.825636  data: 0.000876  max mem: 11624
Epoch: [85/100]  [ 60/197]  eta: 0:01:57  loss: 1.454551 (1.440628)  lr: 0.000972 (0.000986)  wd: 0.000100 (0.000100)  time: 0.755814  data: 0.000327  max mem: 11624
Epoch: [85/100]  [ 70/197]  eta: 0:01:44  loss: 1.402102 (1.451371)  lr: 0.000966 (0.000983)  wd: 0.000100 (0.000100)  time: 0.654119  data: 0.000533  max mem: 11624
Epoch: [85/100]  [ 80/197]  eta: 0:01:36  loss: 1.384749 (1.445558)  lr: 0.000959 (0.000979)  wd: 0.000100 (0.000100)  time: 0.726615  data: 0.022421  max mem: 11624
Epoch: [85/100]  [ 90/197]  eta: 0:01:27  loss: 1.372998 (1.440517)  lr: 0.000953 (0.000976)  wd: 0.000100 (0.000100)  time: 0.777779  data: 0.022597  max mem: 11624
Epoch: [85/100]  [100/197]  eta: 0:01:19  loss: 1.375342 (1.436234)  lr: 0.000946 (0.000973)  wd: 0.000100 (0.000100)  time: 0.782425  data: 0.007861  max mem: 11624
Epoch: [85/100]  [110/197]  eta: 0:01:10  loss: 1.416682 (1.434797)  lr: 0.000940 (0.000970)  wd: 0.000100 (0.000100)  time: 0.816002  data: 0.007349  max mem: 11624
Epoch: [85/100]  [120/197]  eta: 0:01:02  loss: 1.412038 (1.436678)  lr: 0.000933 (0.000966)  wd: 0.000100 (0.000100)  time: 0.787263  data: 0.000263  max mem: 11624
Epoch: [85/100]  [130/197]  eta: 0:00:54  loss: 1.381288 (1.435380)  lr: 0.000927 (0.000963)  wd: 0.000100 (0.000100)  time: 0.794241  data: 0.000418  max mem: 11624
Epoch: [85/100]  [140/197]  eta: 0:00:45  loss: 1.428925 (1.436935)  lr: 0.000920 (0.000960)  wd: 0.000100 (0.000100)  time: 0.747808  data: 0.000345  max mem: 11624
Epoch: [85/100]  [150/197]  eta: 0:00:37  loss: 1.428925 (1.436163)  lr: 0.000914 (0.000957)  wd: 0.000100 (0.000100)  time: 0.713625  data: 0.001432  max mem: 11624
Epoch: [85/100]  [160/197]  eta: 0:00:29  loss: 1.386009 (1.434758)  lr: 0.000908 (0.000953)  wd: 0.000100 (0.000100)  time: 0.774882  data: 0.001658  max mem: 11624
Epoch: [85/100]  [170/197]  eta: 0:00:21  loss: 1.386009 (1.432471)  lr: 0.000901 (0.000950)  wd: 0.000100 (0.000100)  time: 0.753967  data: 0.000415  max mem: 11624
Epoch: [85/100]  [180/197]  eta: 0:00:13  loss: 1.416351 (1.431695)  lr: 0.000895 (0.000947)  wd: 0.000100 (0.000100)  time: 0.668737  data: 0.000802  max mem: 11624
Epoch: [85/100]  [190/197]  eta: 0:00:05  loss: 1.424893 (1.428224)  lr: 0.000889 (0.000944)  wd: 0.000100 (0.000100)  time: 0.578672  data: 0.048271  max mem: 11624
Epoch: [85/100]  [196/197]  eta: 0:00:00  loss: 1.383517 (1.428449)  lr: 0.000885 (0.000942)  wd: 0.000100 (0.000100)  time: 0.491239  data: 0.047640  max mem: 11624
Epoch: [85/100] Total time: 0:02:29 (0.760304 s / it)
Averaged stats: loss: 1.383517 (1.424594)  lr: 0.000885 (0.000942)  wd: 0.000100 (0.000100)
Epoch: [86/100]  [  0/197]  eta: 0:25:59  loss: 1.389121 (1.389121)  lr: 0.000879 (0.000879)  wd: 0.000100 (0.000100)  time: 7.915012  data: 6.933650  max mem: 11624
Epoch: [86/100]  [ 10/197]  eta: 0:04:37  loss: 1.409278 (1.453805)  lr: 0.000876 (0.000876)  wd: 0.000100 (0.000100)  time: 1.486353  data: 0.698860  max mem: 11624
Epoch: [86/100]  [ 20/197]  eta: 0:03:24  loss: 1.409278 (1.442730)  lr: 0.000872 (0.000873)  wd: 0.000100 (0.000100)  time: 0.817475  data: 0.037803  max mem: 11624
Epoch: [86/100]  [ 30/197]  eta: 0:02:51  loss: 1.404435 (1.431188)  lr: 0.000866 (0.000870)  wd: 0.000100 (0.000100)  time: 0.770292  data: 0.000204  max mem: 11624
Epoch: [86/100]  [ 40/197]  eta: 0:02:30  loss: 1.385806 (1.421170)  lr: 0.000860 (0.000866)  wd: 0.000100 (0.000100)  time: 0.754980  data: 0.000846  max mem: 11624
Epoch: [86/100]  [ 50/197]  eta: 0:02:21  loss: 1.385806 (1.430131)  lr: 0.000853 (0.000863)  wd: 0.000100 (0.000100)  time: 0.860741  data: 0.000849  max mem: 11624
Epoch: [86/100]  [ 60/197]  eta: 0:02:03  loss: 1.459522 (1.437042)  lr: 0.000847 (0.000860)  wd: 0.000100 (0.000100)  time: 0.782499  data: 0.000175  max mem: 11624
Epoch: [86/100]  [ 70/197]  eta: 0:01:50  loss: 1.462029 (1.445594)  lr: 0.000841 (0.000857)  wd: 0.000100 (0.000100)  time: 0.650139  data: 0.000161  max mem: 11624
Epoch: [86/100]  [ 80/197]  eta: 0:01:41  loss: 1.441462 (1.441464)  lr: 0.000835 (0.000854)  wd: 0.000100 (0.000100)  time: 0.777936  data: 0.001120  max mem: 11624
Epoch: [86/100]  [ 90/197]  eta: 0:01:32  loss: 1.422702 (1.438065)  lr: 0.000829 (0.000851)  wd: 0.000100 (0.000100)  time: 0.814877  data: 0.001988  max mem: 11624
Epoch: [86/100]  [100/197]  eta: 0:01:23  loss: 1.410697 (1.434284)  lr: 0.000823 (0.000848)  wd: 0.000100 (0.000100)  time: 0.817753  data: 0.001993  max mem: 11624
Epoch: [86/100]  [110/197]  eta: 0:01:13  loss: 1.392863 (1.432068)  lr: 0.000817 (0.000845)  wd: 0.000100 (0.000100)  time: 0.780795  data: 0.001131  max mem: 11624
Epoch: [86/100]  [120/197]  eta: 0:01:04  loss: 1.392863 (1.427038)  lr: 0.000811 (0.000842)  wd: 0.000100 (0.000100)  time: 0.683012  data: 0.000711  max mem: 11624
Epoch: [86/100]  [130/197]  eta: 0:00:55  loss: 1.410872 (1.425654)  lr: 0.000805 (0.000839)  wd: 0.000100 (0.000100)  time: 0.703901  data: 0.000721  max mem: 11624
Epoch: [86/100]  [140/197]  eta: 0:00:46  loss: 1.425207 (1.423332)  lr: 0.000799 (0.000836)  wd: 0.000100 (0.000100)  time: 0.732255  data: 0.001063  max mem: 11624
Epoch: [86/100]  [150/197]  eta: 0:00:38  loss: 1.420894 (1.423479)  lr: 0.000793 (0.000833)  wd: 0.000100 (0.000100)  time: 0.727984  data: 0.001064  max mem: 11624
Epoch: [86/100]  [160/197]  eta: 0:00:30  loss: 1.420894 (1.426687)  lr: 0.000787 (0.000830)  wd: 0.000100 (0.000100)  time: 0.785994  data: 0.000185  max mem: 11624
Epoch: [86/100]  [170/197]  eta: 0:00:21  loss: 1.430402 (1.429336)  lr: 0.000781 (0.000827)  wd: 0.000100 (0.000100)  time: 0.782424  data: 0.000262  max mem: 11624
Epoch: [86/100]  [180/197]  eta: 0:00:13  loss: 1.423841 (1.430441)  lr: 0.000775 (0.000824)  wd: 0.000100 (0.000100)  time: 0.682622  data: 0.002008  max mem: 11624
Epoch: [86/100]  [190/197]  eta: 0:00:05  loss: 1.421963 (1.428850)  lr: 0.000769 (0.000821)  wd: 0.000100 (0.000100)  time: 0.494424  data: 0.001891  max mem: 11624
Epoch: [86/100]  [196/197]  eta: 0:00:00  loss: 1.431575 (1.429275)  lr: 0.000766 (0.000819)  wd: 0.000100 (0.000100)  time: 0.413110  data: 0.000119  max mem: 11624
Epoch: [86/100] Total time: 0:02:30 (0.764850 s / it)
Averaged stats: loss: 1.431575 (1.434268)  lr: 0.000766 (0.000819)  wd: 0.000100 (0.000100)
Epoch: [87/100]  [  0/197]  eta: 0:26:01  loss: 1.301248 (1.301248)  lr: 0.000760 (0.000760)  wd: 0.000100 (0.000100)  time: 7.925189  data: 7.170207  max mem: 11624
Epoch: [87/100]  [ 10/197]  eta: 0:04:08  loss: 1.425929 (1.495989)  lr: 0.000757 (0.000757)  wd: 0.000100 (0.000100)  time: 1.331504  data: 0.653947  max mem: 11624
Epoch: [87/100]  [ 20/197]  eta: 0:03:01  loss: 1.421796 (1.453487)  lr: 0.000754 (0.000754)  wd: 0.000100 (0.000100)  time: 0.679610  data: 0.001414  max mem: 11624
Epoch: [87/100]  [ 30/197]  eta: 0:02:36  loss: 1.421796 (1.451837)  lr: 0.000748 (0.000751)  wd: 0.000100 (0.000100)  time: 0.716509  data: 0.018477  max mem: 11624
Epoch: [87/100]  [ 40/197]  eta: 0:02:21  loss: 1.470859 (1.451305)  lr: 0.000742 (0.000748)  wd: 0.000100 (0.000100)  time: 0.775770  data: 0.035428  max mem: 11624
Epoch: [87/100]  [ 50/197]  eta: 0:02:06  loss: 1.481259 (1.448210)  lr: 0.000736 (0.000746)  wd: 0.000100 (0.000100)  time: 0.746812  data: 0.017319  max mem: 11624
Epoch: [87/100]  [ 60/197]  eta: 0:01:55  loss: 1.396181 (1.438999)  lr: 0.000731 (0.000743)  wd: 0.000100 (0.000100)  time: 0.712903  data: 0.007285  max mem: 11624
Epoch: [87/100]  [ 70/197]  eta: 0:01:43  loss: 1.349805 (1.438309)  lr: 0.000725 (0.000740)  wd: 0.000100 (0.000100)  time: 0.698947  data: 0.009092  max mem: 11624
Epoch: [87/100]  [ 80/197]  eta: 0:01:35  loss: 1.471980 (1.438970)  lr: 0.000719 (0.000737)  wd: 0.000100 (0.000100)  time: 0.756802  data: 0.072972  max mem: 11624
Epoch: [87/100]  [ 90/197]  eta: 0:01:28  loss: 1.378909 (1.439614)  lr: 0.000714 (0.000734)  wd: 0.000100 (0.000100)  time: 0.852839  data: 0.123882  max mem: 11624
Epoch: [87/100]  [100/197]  eta: 0:01:19  loss: 1.386904 (1.436371)  lr: 0.000708 (0.000731)  wd: 0.000100 (0.000100)  time: 0.814431  data: 0.100106  max mem: 11624
Epoch: [87/100]  [110/197]  eta: 0:01:10  loss: 1.461501 (1.439197)  lr: 0.000702 (0.000728)  wd: 0.000100 (0.000100)  time: 0.738194  data: 0.065270  max mem: 11624
Epoch: [87/100]  [120/197]  eta: 0:01:01  loss: 1.438283 (1.435087)  lr: 0.000697 (0.000726)  wd: 0.000100 (0.000100)  time: 0.668357  data: 0.018073  max mem: 11624
Epoch: [87/100]  [130/197]  eta: 0:00:53  loss: 1.463369 (1.439832)  lr: 0.000691 (0.000723)  wd: 0.000100 (0.000100)  time: 0.773629  data: 0.062589  max mem: 11624
Epoch: [87/100]  [140/197]  eta: 0:00:45  loss: 1.463369 (1.440076)  lr: 0.000686 (0.000720)  wd: 0.000100 (0.000100)  time: 0.842641  data: 0.107989  max mem: 11624
Epoch: [87/100]  [150/197]  eta: 0:00:37  loss: 1.431998 (1.439018)  lr: 0.000680 (0.000717)  wd: 0.000100 (0.000100)  time: 0.754552  data: 0.045580  max mem: 11624
Epoch: [87/100]  [160/197]  eta: 0:00:29  loss: 1.430243 (1.437125)  lr: 0.000674 (0.000714)  wd: 0.000100 (0.000100)  time: 0.700588  data: 0.000204  max mem: 11624
Epoch: [87/100]  [170/197]  eta: 0:00:21  loss: 1.384871 (1.435977)  lr: 0.000669 (0.000712)  wd: 0.000100 (0.000100)  time: 0.725651  data: 0.000189  max mem: 11624
Epoch: [87/100]  [180/197]  eta: 0:00:13  loss: 1.434130 (1.438767)  lr: 0.000663 (0.000709)  wd: 0.000100 (0.000100)  time: 0.746525  data: 0.000181  max mem: 11624
Epoch: [87/100]  [190/197]  eta: 0:00:05  loss: 1.419109 (1.433822)  lr: 0.000658 (0.000706)  wd: 0.000100 (0.000100)  time: 0.533920  data: 0.000145  max mem: 11624
Epoch: [87/100]  [196/197]  eta: 0:00:00  loss: 1.406884 (1.435390)  lr: 0.000655 (0.000704)  wd: 0.000100 (0.000100)  time: 0.404063  data: 0.000112  max mem: 11624
Epoch: [87/100] Total time: 0:02:27 (0.750298 s / it)
Averaged stats: loss: 1.406884 (1.430447)  lr: 0.000655 (0.000704)  wd: 0.000100 (0.000100)
Epoch: [88/100]  [  0/197]  eta: 0:25:54  loss: 1.471373 (1.471373)  lr: 0.000649 (0.000649)  wd: 0.000100 (0.000100)  time: 7.888951  data: 7.251446  max mem: 11624
Epoch: [88/100]  [ 10/197]  eta: 0:04:29  loss: 1.453156 (1.436493)  lr: 0.000647 (0.000647)  wd: 0.000100 (0.000100)  time: 1.441629  data: 0.659399  max mem: 11624
Epoch: [88/100]  [ 20/197]  eta: 0:03:06  loss: 1.410407 (1.419995)  lr: 0.000643 (0.000644)  wd: 0.000100 (0.000100)  time: 0.709701  data: 0.001688  max mem: 11624
Epoch: [88/100]  [ 30/197]  eta: 0:02:48  loss: 1.429540 (1.431211)  lr: 0.000638 (0.000641)  wd: 0.000100 (0.000100)  time: 0.768737  data: 0.001696  max mem: 11624
Epoch: [88/100]  [ 40/197]  eta: 0:02:30  loss: 1.481483 (1.445602)  lr: 0.000633 (0.000639)  wd: 0.000100 (0.000100)  time: 0.858421  data: 0.000733  max mem: 11624
Epoch: [88/100]  [ 50/197]  eta: 0:02:16  loss: 1.450971 (1.441747)  lr: 0.000627 (0.000636)  wd: 0.000100 (0.000100)  time: 0.808941  data: 0.001290  max mem: 11624
Epoch: [88/100]  [ 60/197]  eta: 0:02:01  loss: 1.403782 (1.434613)  lr: 0.000622 (0.000633)  wd: 0.000100 (0.000100)  time: 0.740644  data: 0.000860  max mem: 11624
Epoch: [88/100]  [ 70/197]  eta: 0:01:49  loss: 1.403782 (1.438390)  lr: 0.000617 (0.000631)  wd: 0.000100 (0.000100)  time: 0.691091  data: 0.000522  max mem: 11624
Epoch: [88/100]  [ 80/197]  eta: 0:01:38  loss: 1.425995 (1.433675)  lr: 0.000612 (0.000628)  wd: 0.000100 (0.000100)  time: 0.704757  data: 0.000455  max mem: 11624
Epoch: [88/100]  [ 90/197]  eta: 0:01:31  loss: 1.434475 (1.439088)  lr: 0.000606 (0.000625)  wd: 0.000100 (0.000100)  time: 0.807987  data: 0.000245  max mem: 11624
Epoch: [88/100]  [100/197]  eta: 0:01:21  loss: 1.434475 (1.435409)  lr: 0.000601 (0.000623)  wd: 0.000100 (0.000100)  time: 0.829177  data: 0.000204  max mem: 11624
Epoch: [88/100]  [110/197]  eta: 0:01:12  loss: 1.390762 (1.432163)  lr: 0.000596 (0.000620)  wd: 0.000100 (0.000100)  time: 0.730304  data: 0.001113  max mem: 11624
Epoch: [88/100]  [120/197]  eta: 0:01:02  loss: 1.427098 (1.430121)  lr: 0.000591 (0.000617)  wd: 0.000100 (0.000100)  time: 0.689297  data: 0.001127  max mem: 11624
Epoch: [88/100]  [130/197]  eta: 0:00:54  loss: 1.383288 (1.425917)  lr: 0.000586 (0.000615)  wd: 0.000100 (0.000100)  time: 0.725883  data: 0.000218  max mem: 11624
Epoch: [88/100]  [140/197]  eta: 0:00:46  loss: 1.337487 (1.420226)  lr: 0.000580 (0.000612)  wd: 0.000100 (0.000100)  time: 0.791340  data: 0.000218  max mem: 11624
Epoch: [88/100]  [150/197]  eta: 0:00:37  loss: 1.439347 (1.421766)  lr: 0.000575 (0.000610)  wd: 0.000100 (0.000100)  time: 0.724706  data: 0.000198  max mem: 11624
Epoch: [88/100]  [160/197]  eta: 0:00:29  loss: 1.483245 (1.424715)  lr: 0.000570 (0.000607)  wd: 0.000100 (0.000100)  time: 0.656117  data: 0.000187  max mem: 11624
Epoch: [88/100]  [170/197]  eta: 0:00:21  loss: 1.465271 (1.424704)  lr: 0.000565 (0.000604)  wd: 0.000100 (0.000100)  time: 0.753182  data: 0.001307  max mem: 11624
Epoch: [88/100]  [180/197]  eta: 0:00:13  loss: 1.463305 (1.427928)  lr: 0.000560 (0.000602)  wd: 0.000100 (0.000100)  time: 0.756289  data: 0.001330  max mem: 11624
Epoch: [88/100]  [190/197]  eta: 0:00:05  loss: 1.446968 (1.427067)  lr: 0.000555 (0.000599)  wd: 0.000100 (0.000100)  time: 0.517923  data: 0.000188  max mem: 11624
Epoch: [88/100]  [196/197]  eta: 0:00:00  loss: 1.431669 (1.427439)  lr: 0.000552 (0.000598)  wd: 0.000100 (0.000100)  time: 0.384479  data: 0.000138  max mem: 11624
Epoch: [88/100] Total time: 0:02:28 (0.755534 s / it)
Averaged stats: loss: 1.431669 (1.427811)  lr: 0.000552 (0.000598)  wd: 0.000100 (0.000100)
Epoch: [89/100]  [  0/197]  eta: 0:26:23  loss: 1.440967 (1.440967)  lr: 0.000547 (0.000547)  wd: 0.000100 (0.000100)  time: 8.040398  data: 7.301511  max mem: 11624
Epoch: [89/100]  [ 10/197]  eta: 0:04:26  loss: 1.419305 (1.415868)  lr: 0.000545 (0.000545)  wd: 0.000100 (0.000100)  time: 1.424263  data: 0.774480  max mem: 11624
Epoch: [89/100]  [ 20/197]  eta: 0:03:09  loss: 1.402891 (1.412734)  lr: 0.000542 (0.000542)  wd: 0.000100 (0.000100)  time: 0.724226  data: 0.061496  max mem: 11624
Epoch: [89/100]  [ 30/197]  eta: 0:02:39  loss: 1.402891 (1.413065)  lr: 0.000537 (0.000540)  wd: 0.000100 (0.000100)  time: 0.694462  data: 0.020696  max mem: 11624
Epoch: [89/100]  [ 40/197]  eta: 0:02:22  loss: 1.407656 (1.407960)  lr: 0.000532 (0.000537)  wd: 0.000100 (0.000100)  time: 0.739948  data: 0.020180  max mem: 11624
Epoch: [89/100]  [ 50/197]  eta: 0:02:09  loss: 1.382573 (1.414756)  lr: 0.000527 (0.000535)  wd: 0.000100 (0.000100)  time: 0.770979  data: 0.000722  max mem: 11624
Epoch: [89/100]  [ 60/197]  eta: 0:01:57  loss: 1.484378 (1.425443)  lr: 0.000522 (0.000532)  wd: 0.000100 (0.000100)  time: 0.752385  data: 0.000728  max mem: 11624
Epoch: [89/100]  [ 70/197]  eta: 0:01:46  loss: 1.477070 (1.426882)  lr: 0.000517 (0.000530)  wd: 0.000100 (0.000100)  time: 0.729392  data: 0.000199  max mem: 11624
Epoch: [89/100]  [ 80/197]  eta: 0:01:37  loss: 1.427303 (1.428489)  lr: 0.000512 (0.000527)  wd: 0.000100 (0.000100)  time: 0.752623  data: 0.000369  max mem: 11624
Epoch: [89/100]  [ 90/197]  eta: 0:01:28  loss: 1.483282 (1.435027)  lr: 0.000507 (0.000525)  wd: 0.000100 (0.000100)  time: 0.789308  data: 0.000896  max mem: 11624
Epoch: [89/100]  [100/197]  eta: 0:01:20  loss: 1.351664 (1.429800)  lr: 0.000503 (0.000523)  wd: 0.000100 (0.000100)  time: 0.831757  data: 0.001228  max mem: 11624
Epoch: [89/100]  [110/197]  eta: 0:01:10  loss: 1.357604 (1.430598)  lr: 0.000498 (0.000520)  wd: 0.000100 (0.000100)  time: 0.751098  data: 0.000856  max mem: 11624
Epoch: [89/100]  [120/197]  eta: 0:01:01  loss: 1.370509 (1.428953)  lr: 0.000493 (0.000518)  wd: 0.000100 (0.000100)  time: 0.668439  data: 0.000359  max mem: 11624
Epoch: [89/100]  [130/197]  eta: 0:00:53  loss: 1.438440 (1.433573)  lr: 0.000488 (0.000515)  wd: 0.000100 (0.000100)  time: 0.757263  data: 0.001224  max mem: 11624
Epoch: [89/100]  [140/197]  eta: 0:00:45  loss: 1.432955 (1.431177)  lr: 0.000484 (0.000513)  wd: 0.000100 (0.000100)  time: 0.725473  data: 0.001206  max mem: 11624
Epoch: [89/100]  [150/197]  eta: 0:00:37  loss: 1.394728 (1.432188)  lr: 0.000479 (0.000511)  wd: 0.000100 (0.000100)  time: 0.705231  data: 0.000174  max mem: 11624
Epoch: [89/100]  [160/197]  eta: 0:00:29  loss: 1.394728 (1.429351)  lr: 0.000474 (0.000508)  wd: 0.000100 (0.000100)  time: 0.730825  data: 0.000179  max mem: 11624
Epoch: [89/100]  [170/197]  eta: 0:00:20  loss: 1.395265 (1.428020)  lr: 0.000470 (0.000506)  wd: 0.000100 (0.000100)  time: 0.618768  data: 0.007347  max mem: 11624
Epoch: [89/100]  [180/197]  eta: 0:00:13  loss: 1.404511 (1.426914)  lr: 0.000465 (0.000503)  wd: 0.000100 (0.000100)  time: 0.628436  data: 0.073957  max mem: 11624
Epoch: [89/100]  [190/197]  eta: 0:00:05  loss: 1.409003 (1.429242)  lr: 0.000461 (0.000501)  wd: 0.000100 (0.000100)  time: 0.635158  data: 0.103687  max mem: 11624
Epoch: [89/100]  [196/197]  eta: 0:00:00  loss: 1.400708 (1.429807)  lr: 0.000458 (0.000500)  wd: 0.000100 (0.000100)  time: 0.529568  data: 0.103230  max mem: 11624
Epoch: [89/100] Total time: 0:02:27 (0.746551 s / it)
Averaged stats: loss: 1.400708 (1.425097)  lr: 0.000458 (0.000500)  wd: 0.000100 (0.000100)
Epoch: [90/100]  [  0/197]  eta: 0:26:57  loss: 1.765304 (1.765304)  lr: 0.000453 (0.000453)  wd: 0.000100 (0.000100)  time: 8.212833  data: 7.470821  max mem: 11624
Epoch: [90/100]  [ 10/197]  eta: 0:04:23  loss: 1.462202 (1.495471)  lr: 0.000451 (0.000451)  wd: 0.000100 (0.000100)  time: 1.408178  data: 0.825058  max mem: 11624
Epoch: [90/100]  [ 20/197]  eta: 0:03:14  loss: 1.462202 (1.464345)  lr: 0.000448 (0.000449)  wd: 0.000100 (0.000100)  time: 0.744540  data: 0.080918  max mem: 11624
Epoch: [90/100]  [ 30/197]  eta: 0:02:45  loss: 1.414798 (1.441137)  lr: 0.000444 (0.000446)  wd: 0.000100 (0.000100)  time: 0.760517  data: 0.021439  max mem: 11624
Epoch: [90/100]  [ 40/197]  eta: 0:02:28  loss: 1.384512 (1.433741)  lr: 0.000439 (0.000444)  wd: 0.000100 (0.000100)  time: 0.785985  data: 0.137052  max mem: 11624
Epoch: [90/100]  [ 50/197]  eta: 0:02:19  loss: 1.386492 (1.422250)  lr: 0.000435 (0.000442)  wd: 0.000100 (0.000100)  time: 0.882996  data: 0.117156  max mem: 11624
Epoch: [90/100]  [ 60/197]  eta: 0:02:00  loss: 1.390732 (1.425312)  lr: 0.000430 (0.000440)  wd: 0.000100 (0.000100)  time: 0.744735  data: 0.001105  max mem: 11624
Epoch: [90/100]  [ 70/197]  eta: 0:01:48  loss: 1.424096 (1.427454)  lr: 0.000426 (0.000438)  wd: 0.000100 (0.000100)  time: 0.621479  data: 0.000334  max mem: 11624
Epoch: [90/100]  [ 80/197]  eta: 0:01:38  loss: 1.450167 (1.429898)  lr: 0.000422 (0.000435)  wd: 0.000100 (0.000100)  time: 0.739776  data: 0.002338  max mem: 11624
Epoch: [90/100]  [ 90/197]  eta: 0:01:29  loss: 1.429513 (1.427974)  lr: 0.000417 (0.000433)  wd: 0.000100 (0.000100)  time: 0.786263  data: 0.003239  max mem: 11624
Epoch: [90/100]  [100/197]  eta: 0:01:20  loss: 1.391210 (1.421603)  lr: 0.000413 (0.000431)  wd: 0.000100 (0.000100)  time: 0.764049  data: 0.001637  max mem: 11624
Epoch: [90/100]  [110/197]  eta: 0:01:10  loss: 1.437320 (1.426536)  lr: 0.000409 (0.000429)  wd: 0.000100 (0.000100)  time: 0.674258  data: 0.000729  max mem: 11624
Epoch: [90/100]  [120/197]  eta: 0:01:03  loss: 1.437320 (1.427807)  lr: 0.000404 (0.000427)  wd: 0.000100 (0.000100)  time: 0.776248  data: 0.000911  max mem: 11624
Epoch: [90/100]  [130/197]  eta: 0:00:54  loss: 1.415447 (1.426391)  lr: 0.000400 (0.000424)  wd: 0.000100 (0.000100)  time: 0.830040  data: 0.000934  max mem: 11624
Epoch: [90/100]  [140/197]  eta: 0:00:46  loss: 1.369426 (1.425552)  lr: 0.000396 (0.000422)  wd: 0.000100 (0.000100)  time: 0.754062  data: 0.001992  max mem: 11624
Epoch: [90/100]  [150/197]  eta: 0:00:37  loss: 1.423595 (1.430117)  lr: 0.000391 (0.000420)  wd: 0.000100 (0.000100)  time: 0.761969  data: 0.001961  max mem: 11624
Epoch: [90/100]  [160/197]  eta: 0:00:29  loss: 1.450154 (1.429658)  lr: 0.000387 (0.000418)  wd: 0.000100 (0.000100)  time: 0.730269  data: 0.000190  max mem: 11624
Epoch: [90/100]  [170/197]  eta: 0:00:21  loss: 1.423271 (1.430224)  lr: 0.000383 (0.000416)  wd: 0.000100 (0.000100)  time: 0.784342  data: 0.000211  max mem: 11624
Epoch: [90/100]  [180/197]  eta: 0:00:13  loss: 1.413146 (1.427504)  lr: 0.000379 (0.000414)  wd: 0.000100 (0.000100)  time: 0.750489  data: 0.000195  max mem: 11624
Epoch: [90/100]  [190/197]  eta: 0:00:05  loss: 1.404701 (1.425658)  lr: 0.000375 (0.000411)  wd: 0.000100 (0.000100)  time: 0.484819  data: 0.000144  max mem: 11624
Epoch: [90/100]  [196/197]  eta: 0:00:00  loss: 1.365561 (1.423137)  lr: 0.000372 (0.000410)  wd: 0.000100 (0.000100)  time: 0.381543  data: 0.000115  max mem: 11624
Epoch: [90/100] Total time: 0:02:29 (0.758049 s / it)
Averaged stats: loss: 1.365561 (1.429689)  lr: 0.000372 (0.000410)  wd: 0.000100 (0.000100)
Epoch: [91/100]  [  0/197]  eta: 0:26:54  loss: 1.408043 (1.408043)  lr: 0.000368 (0.000368)  wd: 0.000100 (0.000100)  time: 8.192945  data: 7.146318  max mem: 11624
Epoch: [91/100]  [ 10/197]  eta: 0:04:22  loss: 1.432496 (1.449327)  lr: 0.000366 (0.000366)  wd: 0.000100 (0.000100)  time: 1.404797  data: 0.652009  max mem: 11624
Epoch: [91/100]  [ 20/197]  eta: 0:03:05  loss: 1.434896 (1.444402)  lr: 0.000364 (0.000364)  wd: 0.000100 (0.000100)  time: 0.689934  data: 0.021048  max mem: 11624
Epoch: [91/100]  [ 30/197]  eta: 0:02:36  loss: 1.446547 (1.449946)  lr: 0.000359 (0.000362)  wd: 0.000100 (0.000100)  time: 0.677198  data: 0.021214  max mem: 11624
Epoch: [91/100]  [ 40/197]  eta: 0:02:22  loss: 1.473374 (1.455706)  lr: 0.000355 (0.000360)  wd: 0.000100 (0.000100)  time: 0.754970  data: 0.042316  max mem: 11624
Epoch: [91/100]  [ 50/197]  eta: 0:02:11  loss: 1.437059 (1.448894)  lr: 0.000351 (0.000358)  wd: 0.000100 (0.000100)  time: 0.833836  data: 0.120846  max mem: 11624
Epoch: [91/100]  [ 60/197]  eta: 0:01:58  loss: 1.373212 (1.436786)  lr: 0.000347 (0.000356)  wd: 0.000100 (0.000100)  time: 0.789690  data: 0.081805  max mem: 11624
Epoch: [91/100]  [ 70/197]  eta: 0:01:48  loss: 1.379085 (1.433657)  lr: 0.000343 (0.000354)  wd: 0.000100 (0.000100)  time: 0.754015  data: 0.018347  max mem: 11624
Epoch: [91/100]  [ 80/197]  eta: 0:01:39  loss: 1.434634 (1.435058)  lr: 0.000339 (0.000352)  wd: 0.000100 (0.000100)  time: 0.796193  data: 0.016631  max mem: 11624
Epoch: [91/100]  [ 90/197]  eta: 0:01:29  loss: 1.450797 (1.433236)  lr: 0.000336 (0.000350)  wd: 0.000100 (0.000100)  time: 0.782752  data: 0.000584  max mem: 11624
Epoch: [91/100]  [100/197]  eta: 0:01:20  loss: 1.410534 (1.434485)  lr: 0.000332 (0.000348)  wd: 0.000100 (0.000100)  time: 0.740824  data: 0.000594  max mem: 11624
Epoch: [91/100]  [110/197]  eta: 0:01:11  loss: 1.425301 (1.437276)  lr: 0.000328 (0.000346)  wd: 0.000100 (0.000100)  time: 0.744421  data: 0.000225  max mem: 11624
Epoch: [91/100]  [120/197]  eta: 0:01:02  loss: 1.390164 (1.429656)  lr: 0.000324 (0.000344)  wd: 0.000100 (0.000100)  time: 0.743358  data: 0.001076  max mem: 11624
Epoch: [91/100]  [130/197]  eta: 0:00:54  loss: 1.392686 (1.434839)  lr: 0.000320 (0.000342)  wd: 0.000100 (0.000100)  time: 0.772281  data: 0.002486  max mem: 11624
Epoch: [91/100]  [140/197]  eta: 0:00:46  loss: 1.492165 (1.441105)  lr: 0.000316 (0.000340)  wd: 0.000100 (0.000100)  time: 0.816526  data: 0.001626  max mem: 11624
Epoch: [91/100]  [150/197]  eta: 0:00:37  loss: 1.419974 (1.438407)  lr: 0.000312 (0.000338)  wd: 0.000100 (0.000100)  time: 0.716287  data: 0.000180  max mem: 11624
Epoch: [91/100]  [160/197]  eta: 0:00:29  loss: 1.397178 (1.435102)  lr: 0.000309 (0.000336)  wd: 0.000100 (0.000100)  time: 0.731242  data: 0.001414  max mem: 11624
Epoch: [91/100]  [170/197]  eta: 0:00:21  loss: 1.464142 (1.436460)  lr: 0.000305 (0.000334)  wd: 0.000100 (0.000100)  time: 0.816046  data: 0.001430  max mem: 11624
Epoch: [91/100]  [180/197]  eta: 0:00:13  loss: 1.483568 (1.436838)  lr: 0.000301 (0.000332)  wd: 0.000100 (0.000100)  time: 0.714619  data: 0.000898  max mem: 11624
Epoch: [91/100]  [190/197]  eta: 0:00:05  loss: 1.461247 (1.439179)  lr: 0.000297 (0.000330)  wd: 0.000100 (0.000100)  time: 0.483463  data: 0.000856  max mem: 11624
Epoch: [91/100]  [196/197]  eta: 0:00:00  loss: 1.464666 (1.439237)  lr: 0.000295 (0.000329)  wd: 0.000100 (0.000100)  time: 0.370443  data: 0.000118  max mem: 11624
Epoch: [91/100] Total time: 0:02:29 (0.758409 s / it)
Averaged stats: loss: 1.464666 (1.433258)  lr: 0.000295 (0.000329)  wd: 0.000100 (0.000100)
Epoch: [92/100]  [  0/197]  eta: 0:27:18  loss: 1.369382 (1.369382)  lr: 0.000292 (0.000292)  wd: 0.000100 (0.000100)  time: 8.318021  data: 7.314924  max mem: 11624
Epoch: [92/100]  [ 10/197]  eta: 0:04:20  loss: 1.381090 (1.387937)  lr: 0.000290 (0.000290)  wd: 0.000100 (0.000100)  time: 1.395392  data: 0.665427  max mem: 11624
Epoch: [92/100]  [ 20/197]  eta: 0:03:07  loss: 1.381090 (1.382226)  lr: 0.000288 (0.000288)  wd: 0.000100 (0.000100)  time: 0.697251  data: 0.002380  max mem: 11624
Epoch: [92/100]  [ 30/197]  eta: 0:02:33  loss: 1.375646 (1.382052)  lr: 0.000284 (0.000286)  wd: 0.000100 (0.000100)  time: 0.661581  data: 0.002776  max mem: 11624
Epoch: [92/100]  [ 40/197]  eta: 0:02:24  loss: 1.400077 (1.382185)  lr: 0.000280 (0.000284)  wd: 0.000100 (0.000100)  time: 0.777234  data: 0.062778  max mem: 11624
Epoch: [92/100]  [ 50/197]  eta: 0:02:09  loss: 1.422348 (1.395134)  lr: 0.000277 (0.000282)  wd: 0.000100 (0.000100)  time: 0.814627  data: 0.062245  max mem: 11624
Epoch: [92/100]  [ 60/197]  eta: 0:01:59  loss: 1.401183 (1.396645)  lr: 0.000273 (0.000281)  wd: 0.000100 (0.000100)  time: 0.761872  data: 0.000543  max mem: 11624
Epoch: [92/100]  [ 70/197]  eta: 0:01:46  loss: 1.383805 (1.403449)  lr: 0.000270 (0.000279)  wd: 0.000100 (0.000100)  time: 0.732773  data: 0.000541  max mem: 11624
Epoch: [92/100]  [ 80/197]  eta: 0:01:34  loss: 1.427745 (1.410470)  lr: 0.000266 (0.000277)  wd: 0.000100 (0.000100)  time: 0.614765  data: 0.010881  max mem: 11624
Epoch: [92/100]  [ 90/197]  eta: 0:01:28  loss: 1.415166 (1.417063)  lr: 0.000263 (0.000275)  wd: 0.000100 (0.000100)  time: 0.778207  data: 0.082610  max mem: 11624
Epoch: [92/100]  [100/197]  eta: 0:01:19  loss: 1.428073 (1.420512)  lr: 0.000259 (0.000274)  wd: 0.000100 (0.000100)  time: 0.878429  data: 0.071928  max mem: 11624
Epoch: [92/100]  [110/197]  eta: 0:01:11  loss: 1.446509 (1.418079)  lr: 0.000256 (0.000272)  wd: 0.000100 (0.000100)  time: 0.785927  data: 0.000207  max mem: 11624
Epoch: [92/100]  [120/197]  eta: 0:01:01  loss: 1.426661 (1.420758)  lr: 0.000252 (0.000270)  wd: 0.000100 (0.000100)  time: 0.720185  data: 0.000230  max mem: 11624
Epoch: [92/100]  [130/197]  eta: 0:00:53  loss: 1.420564 (1.418184)  lr: 0.000249 (0.000268)  wd: 0.000100 (0.000100)  time: 0.703383  data: 0.000866  max mem: 11624
Epoch: [92/100]  [140/197]  eta: 0:00:45  loss: 1.386891 (1.417465)  lr: 0.000245 (0.000267)  wd: 0.000100 (0.000100)  time: 0.752418  data: 0.001191  max mem: 11624
Epoch: [92/100]  [150/197]  eta: 0:00:37  loss: 1.398726 (1.421018)  lr: 0.000242 (0.000265)  wd: 0.000100 (0.000100)  time: 0.795850  data: 0.000895  max mem: 11624
Epoch: [92/100]  [160/197]  eta: 0:00:29  loss: 1.419109 (1.421330)  lr: 0.000239 (0.000263)  wd: 0.000100 (0.000100)  time: 0.807114  data: 0.001018  max mem: 11624
Epoch: [92/100]  [170/197]  eta: 0:00:21  loss: 1.419109 (1.421978)  lr: 0.000235 (0.000261)  wd: 0.000100 (0.000100)  time: 0.759687  data: 0.000674  max mem: 11624
Epoch: [92/100]  [180/197]  eta: 0:00:13  loss: 1.361058 (1.420879)  lr: 0.000232 (0.000260)  wd: 0.000100 (0.000100)  time: 0.752160  data: 0.000247  max mem: 11624
Epoch: [92/100]  [190/197]  eta: 0:00:05  loss: 1.411407 (1.421015)  lr: 0.000229 (0.000258)  wd: 0.000100 (0.000100)  time: 0.543403  data: 0.000187  max mem: 11624
Epoch: [92/100]  [196/197]  eta: 0:00:00  loss: 1.412973 (1.421084)  lr: 0.000227 (0.000257)  wd: 0.000100 (0.000100)  time: 0.422177  data: 0.000114  max mem: 11624
Epoch: [92/100] Total time: 0:02:29 (0.757296 s / it)
Averaged stats: loss: 1.412973 (1.422874)  lr: 0.000227 (0.000257)  wd: 0.000100 (0.000100)
Epoch: [93/100]  [  0/197]  eta: 0:27:18  loss: 1.459277 (1.459277)  lr: 0.000224 (0.000224)  wd: 0.000100 (0.000100)  time: 8.319694  data: 7.697184  max mem: 11624
Epoch: [93/100]  [ 10/197]  eta: 0:04:23  loss: 1.433935 (1.417370)  lr: 0.000222 (0.000222)  wd: 0.000100 (0.000100)  time: 1.408424  data: 0.700872  max mem: 11624
Epoch: [93/100]  [ 20/197]  eta: 0:03:04  loss: 1.397468 (1.404632)  lr: 0.000220 (0.000221)  wd: 0.000100 (0.000100)  time: 0.676374  data: 0.001265  max mem: 11624
Epoch: [93/100]  [ 30/197]  eta: 0:02:41  loss: 1.383358 (1.406615)  lr: 0.000217 (0.000219)  wd: 0.000100 (0.000100)  time: 0.724003  data: 0.001252  max mem: 11624
Epoch: [93/100]  [ 40/197]  eta: 0:02:23  loss: 1.384626 (1.406550)  lr: 0.000214 (0.000217)  wd: 0.000100 (0.000100)  time: 0.779229  data: 0.000696  max mem: 11624
Epoch: [93/100]  [ 50/197]  eta: 0:02:11  loss: 1.414709 (1.414346)  lr: 0.000211 (0.000216)  wd: 0.000100 (0.000100)  time: 0.782378  data: 0.001850  max mem: 11624
Epoch: [93/100]  [ 60/197]  eta: 0:01:57  loss: 1.414709 (1.419875)  lr: 0.000208 (0.000214)  wd: 0.000100 (0.000100)  time: 0.746310  data: 0.001847  max mem: 11624
Epoch: [93/100]  [ 70/197]  eta: 0:01:48  loss: 1.425205 (1.419170)  lr: 0.000205 (0.000213)  wd: 0.000100 (0.000100)  time: 0.765019  data: 0.000183  max mem: 11624
Epoch: [93/100]  [ 80/197]  eta: 0:01:38  loss: 1.425205 (1.416389)  lr: 0.000202 (0.000211)  wd: 0.000100 (0.000100)  time: 0.787607  data: 0.000199  max mem: 11624
Epoch: [93/100]  [ 90/197]  eta: 0:01:28  loss: 1.338972 (1.408565)  lr: 0.000198 (0.000210)  wd: 0.000100 (0.000100)  time: 0.706277  data: 0.000199  max mem: 11624
Epoch: [93/100]  [100/197]  eta: 0:01:19  loss: 1.328881 (1.406228)  lr: 0.000195 (0.000208)  wd: 0.000100 (0.000100)  time: 0.748512  data: 0.001120  max mem: 11624
Epoch: [93/100]  [110/197]  eta: 0:01:11  loss: 1.400764 (1.407916)  lr: 0.000192 (0.000207)  wd: 0.000100 (0.000100)  time: 0.783279  data: 0.001128  max mem: 11624
Epoch: [93/100]  [120/197]  eta: 0:01:02  loss: 1.384993 (1.407797)  lr: 0.000189 (0.000205)  wd: 0.000100 (0.000100)  time: 0.761840  data: 0.000729  max mem: 11624
Epoch: [93/100]  [130/197]  eta: 0:00:54  loss: 1.385755 (1.409666)  lr: 0.000187 (0.000204)  wd: 0.000100 (0.000100)  time: 0.769865  data: 0.000935  max mem: 11624
Epoch: [93/100]  [140/197]  eta: 0:00:45  loss: 1.420605 (1.413315)  lr: 0.000184 (0.000202)  wd: 0.000100 (0.000100)  time: 0.758859  data: 0.000405  max mem: 11624
Epoch: [93/100]  [150/197]  eta: 0:00:36  loss: 1.409619 (1.413522)  lr: 0.000181 (0.000201)  wd: 0.000100 (0.000100)  time: 0.624143  data: 0.000169  max mem: 11624
Epoch: [93/100]  [160/197]  eta: 0:00:29  loss: 1.395880 (1.415843)  lr: 0.000178 (0.000199)  wd: 0.000100 (0.000100)  time: 0.639405  data: 0.038232  max mem: 11624
Epoch: [93/100]  [170/197]  eta: 0:00:21  loss: 1.429805 (1.415709)  lr: 0.000175 (0.000198)  wd: 0.000100 (0.000100)  time: 0.821242  data: 0.070105  max mem: 11624
Epoch: [93/100]  [180/197]  eta: 0:00:13  loss: 1.429805 (1.417998)  lr: 0.000172 (0.000196)  wd: 0.000100 (0.000100)  time: 0.831750  data: 0.032043  max mem: 11624
Epoch: [93/100]  [190/197]  eta: 0:00:05  loss: 1.413767 (1.417475)  lr: 0.000169 (0.000195)  wd: 0.000100 (0.000100)  time: 0.583155  data: 0.000155  max mem: 11624
Epoch: [93/100]  [196/197]  eta: 0:00:00  loss: 1.402976 (1.417181)  lr: 0.000168 (0.000194)  wd: 0.000100 (0.000100)  time: 0.424393  data: 0.000126  max mem: 11624
Epoch: [93/100] Total time: 0:02:29 (0.756700 s / it)
Averaged stats: loss: 1.402976 (1.418508)  lr: 0.000168 (0.000194)  wd: 0.000100 (0.000100)
Epoch: [94/100]  [  0/197]  eta: 0:25:28  loss: 1.497817 (1.497817)  lr: 0.000165 (0.000165)  wd: 0.000100 (0.000100)  time: 7.759527  data: 7.238285  max mem: 11624
Epoch: [94/100]  [ 10/197]  eta: 0:04:24  loss: 1.497817 (1.478553)  lr: 0.000164 (0.000164)  wd: 0.000100 (0.000100)  time: 1.414866  data: 0.659223  max mem: 11624
Epoch: [94/100]  [ 20/197]  eta: 0:03:20  loss: 1.455867 (1.451473)  lr: 0.000162 (0.000162)  wd: 0.000100 (0.000100)  time: 0.802673  data: 0.001322  max mem: 11624
Epoch: [94/100]  [ 30/197]  eta: 0:02:52  loss: 1.450144 (1.448737)  lr: 0.000159 (0.000161)  wd: 0.000100 (0.000100)  time: 0.819158  data: 0.001589  max mem: 11624
Epoch: [94/100]  [ 40/197]  eta: 0:02:27  loss: 1.404600 (1.440721)  lr: 0.000156 (0.000159)  wd: 0.000100 (0.000100)  time: 0.738577  data: 0.002388  max mem: 11624
Epoch: [94/100]  [ 50/197]  eta: 0:02:12  loss: 1.404393 (1.428025)  lr: 0.000154 (0.000158)  wd: 0.000100 (0.000100)  time: 0.698640  data: 0.001562  max mem: 11624
Epoch: [94/100]  [ 60/197]  eta: 0:02:00  loss: 1.372799 (1.422089)  lr: 0.000151 (0.000157)  wd: 0.000100 (0.000100)  time: 0.748079  data: 0.000589  max mem: 11624
Epoch: [94/100]  [ 70/197]  eta: 0:01:49  loss: 1.372799 (1.417451)  lr: 0.000148 (0.000155)  wd: 0.000100 (0.000100)  time: 0.760305  data: 0.001147  max mem: 11624
Epoch: [94/100]  [ 80/197]  eta: 0:01:39  loss: 1.414570 (1.419299)  lr: 0.000146 (0.000154)  wd: 0.000100 (0.000100)  time: 0.767311  data: 0.000770  max mem: 11624
Epoch: [94/100]  [ 90/197]  eta: 0:01:29  loss: 1.416355 (1.423792)  lr: 0.000143 (0.000153)  wd: 0.000100 (0.000100)  time: 0.741172  data: 0.000196  max mem: 11624
Epoch: [94/100]  [100/197]  eta: 0:01:21  loss: 1.445191 (1.424630)  lr: 0.000141 (0.000151)  wd: 0.000100 (0.000100)  time: 0.775262  data: 0.000170  max mem: 11624
Epoch: [94/100]  [110/197]  eta: 0:01:10  loss: 1.445191 (1.423230)  lr: 0.000138 (0.000150)  wd: 0.000100 (0.000100)  time: 0.704083  data: 0.000181  max mem: 11624
Epoch: [94/100]  [120/197]  eta: 0:01:02  loss: 1.407261 (1.421583)  lr: 0.000136 (0.000149)  wd: 0.000100 (0.000100)  time: 0.720772  data: 0.013630  max mem: 11624
Epoch: [94/100]  [130/197]  eta: 0:00:53  loss: 1.415763 (1.423061)  lr: 0.000133 (0.000148)  wd: 0.000100 (0.000100)  time: 0.755641  data: 0.013779  max mem: 11624
Epoch: [94/100]  [140/197]  eta: 0:00:46  loss: 1.418712 (1.423367)  lr: 0.000131 (0.000146)  wd: 0.000100 (0.000100)  time: 0.825037  data: 0.035182  max mem: 11624
Epoch: [94/100]  [150/197]  eta: 0:00:38  loss: 1.412743 (1.418306)  lr: 0.000128 (0.000145)  wd: 0.000100 (0.000100)  time: 0.885299  data: 0.035409  max mem: 11624
Epoch: [94/100]  [160/197]  eta: 0:00:29  loss: 1.412743 (1.417488)  lr: 0.000126 (0.000144)  wd: 0.000100 (0.000100)  time: 0.721246  data: 0.000558  max mem: 11624
Epoch: [94/100]  [170/197]  eta: 0:00:21  loss: 1.413400 (1.418038)  lr: 0.000123 (0.000143)  wd: 0.000100 (0.000100)  time: 0.666721  data: 0.000759  max mem: 11624
Epoch: [94/100]  [180/197]  eta: 0:00:13  loss: 1.385734 (1.415176)  lr: 0.000121 (0.000141)  wd: 0.000100 (0.000100)  time: 0.722257  data: 0.000816  max mem: 11624
Epoch: [94/100]  [190/197]  eta: 0:00:05  loss: 1.436841 (1.418113)  lr: 0.000119 (0.000140)  wd: 0.000100 (0.000100)  time: 0.594926  data: 0.000211  max mem: 11624
Epoch: [94/100]  [196/197]  eta: 0:00:00  loss: 1.427327 (1.417940)  lr: 0.000117 (0.000139)  wd: 0.000100 (0.000100)  time: 0.479878  data: 0.000173  max mem: 11624
Epoch: [94/100] Total time: 0:02:30 (0.762737 s / it)
Averaged stats: loss: 1.427327 (1.418576)  lr: 0.000117 (0.000139)  wd: 0.000100 (0.000100)
Epoch: [95/100]  [  0/197]  eta: 0:25:47  loss: 1.260835 (1.260835)  lr: 0.000115 (0.000115)  wd: 0.000100 (0.000100)  time: 7.853091  data: 6.854009  max mem: 11624
Epoch: [95/100]  [ 10/197]  eta: 0:04:29  loss: 1.318331 (1.358749)  lr: 0.000114 (0.000114)  wd: 0.000100 (0.000100)  time: 1.442304  data: 0.624784  max mem: 11624
Epoch: [95/100]  [ 20/197]  eta: 0:03:19  loss: 1.326948 (1.367788)  lr: 0.000112 (0.000113)  wd: 0.000100 (0.000100)  time: 0.788279  data: 0.001015  max mem: 11624
Epoch: [95/100]  [ 30/197]  eta: 0:02:43  loss: 1.369573 (1.379329)  lr: 0.000110 (0.000112)  wd: 0.000100 (0.000100)  time: 0.720921  data: 0.001225  max mem: 11624
Epoch: [95/100]  [ 40/197]  eta: 0:02:24  loss: 1.397316 (1.393146)  lr: 0.000108 (0.000110)  wd: 0.000100 (0.000100)  time: 0.704533  data: 0.002289  max mem: 11624
Epoch: [95/100]  [ 50/197]  eta: 0:02:09  loss: 1.395387 (1.409219)  lr: 0.000106 (0.000109)  wd: 0.000100 (0.000100)  time: 0.727380  data: 0.002697  max mem: 11624
Epoch: [95/100]  [ 60/197]  eta: 0:01:57  loss: 1.361618 (1.396390)  lr: 0.000103 (0.000108)  wd: 0.000100 (0.000100)  time: 0.736707  data: 0.001634  max mem: 11624
Epoch: [95/100]  [ 70/197]  eta: 0:01:46  loss: 1.353424 (1.395951)  lr: 0.000101 (0.000107)  wd: 0.000100 (0.000100)  time: 0.730191  data: 0.009722  max mem: 11624
Epoch: [95/100]  [ 80/197]  eta: 0:01:35  loss: 1.453941 (1.413136)  lr: 0.000099 (0.000106)  wd: 0.000100 (0.000100)  time: 0.682665  data: 0.012397  max mem: 11624
Epoch: [95/100]  [ 90/197]  eta: 0:01:28  loss: 1.453941 (1.412359)  lr: 0.000097 (0.000105)  wd: 0.000100 (0.000100)  time: 0.801586  data: 0.101780  max mem: 11624
Epoch: [95/100]  [100/197]  eta: 0:01:20  loss: 1.418640 (1.417887)  lr: 0.000095 (0.000104)  wd: 0.000100 (0.000100)  time: 0.882398  data: 0.101625  max mem: 11624
Epoch: [95/100]  [110/197]  eta: 0:01:12  loss: 1.433767 (1.415466)  lr: 0.000093 (0.000103)  wd: 0.000100 (0.000100)  time: 0.867757  data: 0.003092  max mem: 11624
Epoch: [95/100]  [120/197]  eta: 0:01:03  loss: 1.418399 (1.415937)  lr: 0.000091 (0.000102)  wd: 0.000100 (0.000100)  time: 0.778080  data: 0.001811  max mem: 11624
Epoch: [95/100]  [130/197]  eta: 0:00:54  loss: 1.469429 (1.421717)  lr: 0.000089 (0.000101)  wd: 0.000100 (0.000100)  time: 0.685037  data: 0.005154  max mem: 11624
Epoch: [95/100]  [140/197]  eta: 0:00:46  loss: 1.421818 (1.418162)  lr: 0.000087 (0.000100)  wd: 0.000100 (0.000100)  time: 0.752684  data: 0.003930  max mem: 11624
Epoch: [95/100]  [150/197]  eta: 0:00:37  loss: 1.351059 (1.417418)  lr: 0.000085 (0.000099)  wd: 0.000100 (0.000100)  time: 0.764000  data: 0.000298  max mem: 11624
Epoch: [95/100]  [160/197]  eta: 0:00:29  loss: 1.351059 (1.413087)  lr: 0.000083 (0.000097)  wd: 0.000100 (0.000100)  time: 0.717558  data: 0.000844  max mem: 11624
Epoch: [95/100]  [170/197]  eta: 0:00:21  loss: 1.352835 (1.413083)  lr: 0.000081 (0.000096)  wd: 0.000100 (0.000100)  time: 0.598666  data: 0.000747  max mem: 11624
Epoch: [95/100]  [180/197]  eta: 0:00:13  loss: 1.353209 (1.410977)  lr: 0.000079 (0.000095)  wd: 0.000100 (0.000100)  time: 0.694438  data: 0.043685  max mem: 11624
Epoch: [95/100]  [190/197]  eta: 0:00:05  loss: 1.353209 (1.408377)  lr: 0.000077 (0.000094)  wd: 0.000100 (0.000100)  time: 0.659773  data: 0.043635  max mem: 11624
Epoch: [95/100]  [196/197]  eta: 0:00:00  loss: 1.377864 (1.408964)  lr: 0.000076 (0.000094)  wd: 0.000100 (0.000100)  time: 0.479780  data: 0.000112  max mem: 11624
Epoch: [95/100] Total time: 0:02:29 (0.758026 s / it)
Averaged stats: loss: 1.377864 (1.418528)  lr: 0.000076 (0.000094)  wd: 0.000100 (0.000100)
Epoch: [96/100]  [  0/197]  eta: 0:24:53  loss: 1.319335 (1.319335)  lr: 0.000074 (0.000074)  wd: 0.000100 (0.000100)  time: 7.582485  data: 6.421456  max mem: 11624
Epoch: [96/100]  [ 10/197]  eta: 0:04:37  loss: 1.431328 (1.419294)  lr: 0.000073 (0.000073)  wd: 0.000100 (0.000100)  time: 1.484205  data: 0.611133  max mem: 11624
Epoch: [96/100]  [ 20/197]  eta: 0:03:15  loss: 1.438381 (1.444086)  lr: 0.000072 (0.000072)  wd: 0.000100 (0.000100)  time: 0.779949  data: 0.015141  max mem: 11624
Epoch: [96/100]  [ 30/197]  eta: 0:02:43  loss: 1.450730 (1.448816)  lr: 0.000070 (0.000071)  wd: 0.000100 (0.000100)  time: 0.696699  data: 0.038403  max mem: 11624
Epoch: [96/100]  [ 40/197]  eta: 0:02:29  loss: 1.435295 (1.447003)  lr: 0.000068 (0.000070)  wd: 0.000100 (0.000100)  time: 0.794721  data: 0.124009  max mem: 11624
Epoch: [96/100]  [ 50/197]  eta: 0:02:11  loss: 1.459523 (1.452603)  lr: 0.000067 (0.000069)  wd: 0.000100 (0.000100)  time: 0.761730  data: 0.108474  max mem: 11624
Epoch: [96/100]  [ 60/197]  eta: 0:02:02  loss: 1.444531 (1.439868)  lr: 0.000065 (0.000069)  wd: 0.000100 (0.000100)  time: 0.784329  data: 0.166514  max mem: 11624
Epoch: [96/100]  [ 70/197]  eta: 0:01:51  loss: 1.422005 (1.437086)  lr: 0.000063 (0.000068)  wd: 0.000100 (0.000100)  time: 0.847653  data: 0.144375  max mem: 11624
Epoch: [96/100]  [ 80/197]  eta: 0:01:41  loss: 1.422607 (1.437351)  lr: 0.000061 (0.000067)  wd: 0.000100 (0.000100)  time: 0.761107  data: 0.000724  max mem: 11624
Epoch: [96/100]  [ 90/197]  eta: 0:01:32  loss: 1.456639 (1.438328)  lr: 0.000060 (0.000066)  wd: 0.000100 (0.000100)  time: 0.794504  data: 0.000193  max mem: 11624
Epoch: [96/100]  [100/197]  eta: 0:01:21  loss: 1.372843 (1.429941)  lr: 0.000058 (0.000065)  wd: 0.000100 (0.000100)  time: 0.723231  data: 0.000222  max mem: 11624
Epoch: [96/100]  [110/197]  eta: 0:01:12  loss: 1.344933 (1.429523)  lr: 0.000056 (0.000064)  wd: 0.000100 (0.000100)  time: 0.681369  data: 0.000206  max mem: 11624
Epoch: [96/100]  [120/197]  eta: 0:01:03  loss: 1.402536 (1.429332)  lr: 0.000055 (0.000063)  wd: 0.000100 (0.000100)  time: 0.780492  data: 0.001250  max mem: 11624
Epoch: [96/100]  [130/197]  eta: 0:00:54  loss: 1.405107 (1.427872)  lr: 0.000053 (0.000063)  wd: 0.000100 (0.000100)  time: 0.716238  data: 0.002178  max mem: 11624
Epoch: [96/100]  [140/197]  eta: 0:00:46  loss: 1.376864 (1.427603)  lr: 0.000052 (0.000062)  wd: 0.000100 (0.000100)  time: 0.704502  data: 0.020406  max mem: 11624
Epoch: [96/100]  [150/197]  eta: 0:00:37  loss: 1.377162 (1.427744)  lr: 0.000050 (0.000061)  wd: 0.000100 (0.000100)  time: 0.763299  data: 0.019484  max mem: 11624
Epoch: [96/100]  [160/197]  eta: 0:00:30  loss: 1.420222 (1.428804)  lr: 0.000049 (0.000060)  wd: 0.000100 (0.000100)  time: 0.851195  data: 0.000182  max mem: 11624
Epoch: [96/100]  [170/197]  eta: 0:00:21  loss: 1.393712 (1.427359)  lr: 0.000047 (0.000059)  wd: 0.000100 (0.000100)  time: 0.783163  data: 0.000370  max mem: 11624
Epoch: [96/100]  [180/197]  eta: 0:00:13  loss: 1.389215 (1.426128)  lr: 0.000046 (0.000059)  wd: 0.000100 (0.000100)  time: 0.620617  data: 0.000385  max mem: 11624
Epoch: [96/100]  [190/197]  eta: 0:00:05  loss: 1.418570 (1.426326)  lr: 0.000044 (0.000058)  wd: 0.000100 (0.000100)  time: 0.515743  data: 0.000162  max mem: 11624
Epoch: [96/100]  [196/197]  eta: 0:00:00  loss: 1.446903 (1.426166)  lr: 0.000043 (0.000057)  wd: 0.000100 (0.000100)  time: 0.400776  data: 0.000127  max mem: 11624
Epoch: [96/100] Total time: 0:02:29 (0.760191 s / it)
Averaged stats: loss: 1.446903 (1.418568)  lr: 0.000043 (0.000057)  wd: 0.000100 (0.000100)
Epoch: [97/100]  [  0/197]  eta: 0:22:50  loss: 1.300896 (1.300896)  lr: 0.000042 (0.000042)  wd: 0.000100 (0.000100)  time: 6.959156  data: 6.137555  max mem: 11624
Epoch: [97/100]  [ 10/197]  eta: 0:04:07  loss: 1.326870 (1.404897)  lr: 0.000041 (0.000041)  wd: 0.000100 (0.000100)  time: 1.324484  data: 0.596918  max mem: 11624
Epoch: [97/100]  [ 20/197]  eta: 0:03:14  loss: 1.326870 (1.374637)  lr: 0.000041 (0.000041)  wd: 0.000100 (0.000100)  time: 0.805287  data: 0.044219  max mem: 11624
Epoch: [97/100]  [ 30/197]  eta: 0:02:46  loss: 1.338486 (1.386756)  lr: 0.000039 (0.000040)  wd: 0.000100 (0.000100)  time: 0.816680  data: 0.023416  max mem: 11624
Epoch: [97/100]  [ 40/197]  eta: 0:02:30  loss: 1.440908 (1.396360)  lr: 0.000038 (0.000039)  wd: 0.000100 (0.000100)  time: 0.816989  data: 0.001255  max mem: 11624
Epoch: [97/100]  [ 50/197]  eta: 0:02:15  loss: 1.425051 (1.400373)  lr: 0.000037 (0.000039)  wd: 0.000100 (0.000100)  time: 0.813447  data: 0.001250  max mem: 11624
Epoch: [97/100]  [ 60/197]  eta: 0:02:03  loss: 1.391460 (1.397454)  lr: 0.000035 (0.000038)  wd: 0.000100 (0.000100)  time: 0.783918  data: 0.001474  max mem: 11624
Epoch: [97/100]  [ 70/197]  eta: 0:01:52  loss: 1.421158 (1.405854)  lr: 0.000034 (0.000037)  wd: 0.000100 (0.000100)  time: 0.772556  data: 0.000976  max mem: 11624
Epoch: [97/100]  [ 80/197]  eta: 0:01:40  loss: 1.383882 (1.398918)  lr: 0.000033 (0.000037)  wd: 0.000100 (0.000100)  time: 0.726722  data: 0.000210  max mem: 11624
Epoch: [97/100]  [ 90/197]  eta: 0:01:31  loss: 1.383882 (1.402458)  lr: 0.000032 (0.000036)  wd: 0.000100 (0.000100)  time: 0.741121  data: 0.000201  max mem: 11624
Epoch: [97/100]  [100/197]  eta: 0:01:21  loss: 1.378282 (1.399425)  lr: 0.000030 (0.000036)  wd: 0.000100 (0.000100)  time: 0.744559  data: 0.000215  max mem: 11624
Epoch: [97/100]  [110/197]  eta: 0:01:12  loss: 1.420337 (1.404088)  lr: 0.000029 (0.000035)  wd: 0.000100 (0.000100)  time: 0.721094  data: 0.000625  max mem: 11624
Epoch: [97/100]  [120/197]  eta: 0:01:02  loss: 1.438745 (1.406013)  lr: 0.000028 (0.000034)  wd: 0.000100 (0.000100)  time: 0.724242  data: 0.000624  max mem: 11624
Epoch: [97/100]  [130/197]  eta: 0:00:54  loss: 1.420417 (1.407211)  lr: 0.000027 (0.000034)  wd: 0.000100 (0.000100)  time: 0.730616  data: 0.000202  max mem: 11624
Epoch: [97/100]  [140/197]  eta: 0:00:46  loss: 1.399736 (1.405342)  lr: 0.000026 (0.000033)  wd: 0.000100 (0.000100)  time: 0.766391  data: 0.000218  max mem: 11624
Epoch: [97/100]  [150/197]  eta: 0:00:37  loss: 1.377998 (1.406105)  lr: 0.000025 (0.000033)  wd: 0.000100 (0.000100)  time: 0.750970  data: 0.000220  max mem: 11624
Epoch: [97/100]  [160/197]  eta: 0:00:29  loss: 1.373315 (1.403290)  lr: 0.000024 (0.000032)  wd: 0.000100 (0.000100)  time: 0.765022  data: 0.000191  max mem: 11624
Epoch: [97/100]  [170/197]  eta: 0:00:21  loss: 1.407328 (1.407029)  lr: 0.000023 (0.000031)  wd: 0.000100 (0.000100)  time: 0.758241  data: 0.000176  max mem: 11624
Epoch: [97/100]  [180/197]  eta: 0:00:13  loss: 1.407328 (1.405721)  lr: 0.000022 (0.000031)  wd: 0.000100 (0.000100)  time: 0.704841  data: 0.000578  max mem: 11624
Epoch: [97/100]  [190/197]  eta: 0:00:05  loss: 1.414700 (1.409276)  lr: 0.000021 (0.000030)  wd: 0.000100 (0.000100)  time: 0.541621  data: 0.000539  max mem: 11624
Epoch: [97/100]  [196/197]  eta: 0:00:00  loss: 1.501456 (1.412428)  lr: 0.000020 (0.000030)  wd: 0.000100 (0.000100)  time: 0.380723  data: 0.000111  max mem: 11624
Epoch: [97/100] Total time: 0:02:29 (0.760394 s / it)
Averaged stats: loss: 1.501456 (1.414253)  lr: 0.000020 (0.000030)  wd: 0.000100 (0.000100)
Epoch: [98/100]  [  0/197]  eta: 0:27:21  loss: 1.180649 (1.180649)  lr: 0.000019 (0.000019)  wd: 0.000100 (0.000100)  time: 8.330031  data: 7.531732  max mem: 11624
Epoch: [98/100]  [ 10/197]  eta: 0:04:14  loss: 1.434353 (1.442149)  lr: 0.000019 (0.000019)  wd: 0.000100 (0.000100)  time: 1.360055  data: 0.704046  max mem: 11624
Epoch: [98/100]  [ 20/197]  eta: 0:03:13  loss: 1.414035 (1.431009)  lr: 0.000018 (0.000018)  wd: 0.000100 (0.000100)  time: 0.731748  data: 0.069421  max mem: 11624
Epoch: [98/100]  [ 30/197]  eta: 0:02:48  loss: 1.388726 (1.418488)  lr: 0.000017 (0.000018)  wd: 0.000100 (0.000100)  time: 0.817075  data: 0.139850  max mem: 11624
Epoch: [98/100]  [ 40/197]  eta: 0:02:29  loss: 1.394871 (1.424181)  lr: 0.000017 (0.000017)  wd: 0.000100 (0.000100)  time: 0.800661  data: 0.090502  max mem: 11624
Epoch: [98/100]  [ 50/197]  eta: 0:02:13  loss: 1.427918 (1.420954)  lr: 0.000016 (0.000017)  wd: 0.000100 (0.000100)  time: 0.753168  data: 0.009897  max mem: 11624
Epoch: [98/100]  [ 60/197]  eta: 0:02:02  loss: 1.446513 (1.424516)  lr: 0.000015 (0.000017)  wd: 0.000100 (0.000100)  time: 0.775755  data: 0.008384  max mem: 11624
Epoch: [98/100]  [ 70/197]  eta: 0:01:49  loss: 1.445006 (1.435414)  lr: 0.000014 (0.000016)  wd: 0.000100 (0.000100)  time: 0.746452  data: 0.008127  max mem: 11624
Epoch: [98/100]  [ 80/197]  eta: 0:01:40  loss: 1.375508 (1.430441)  lr: 0.000013 (0.000016)  wd: 0.000100 (0.000100)  time: 0.742795  data: 0.000319  max mem: 11624
Epoch: [98/100]  [ 90/197]  eta: 0:01:30  loss: 1.367424 (1.425501)  lr: 0.000013 (0.000015)  wd: 0.000100 (0.000100)  time: 0.783598  data: 0.000208  max mem: 11624
Epoch: [98/100]  [100/197]  eta: 0:01:21  loss: 1.376977 (1.420668)  lr: 0.000012 (0.000015)  wd: 0.000100 (0.000100)  time: 0.763826  data: 0.000187  max mem: 11624
Epoch: [98/100]  [110/197]  eta: 0:01:12  loss: 1.398626 (1.419713)  lr: 0.000011 (0.000015)  wd: 0.000100 (0.000100)  time: 0.753046  data: 0.000286  max mem: 11624
Epoch: [98/100]  [120/197]  eta: 0:01:02  loss: 1.460907 (1.424735)  lr: 0.000010 (0.000014)  wd: 0.000100 (0.000100)  time: 0.645817  data: 0.000468  max mem: 11624
Epoch: [98/100]  [130/197]  eta: 0:00:54  loss: 1.450558 (1.426141)  lr: 0.000010 (0.000014)  wd: 0.000100 (0.000100)  time: 0.700352  data: 0.000934  max mem: 11624
Epoch: [98/100]  [140/197]  eta: 0:00:46  loss: 1.399765 (1.423078)  lr: 0.000009 (0.000014)  wd: 0.000100 (0.000100)  time: 0.823085  data: 0.000774  max mem: 11624
Epoch: [98/100]  [150/197]  eta: 0:00:37  loss: 1.415306 (1.422050)  lr: 0.000009 (0.000013)  wd: 0.000100 (0.000100)  time: 0.772887  data: 0.001358  max mem: 11624
Epoch: [98/100]  [160/197]  eta: 0:00:29  loss: 1.492078 (1.422993)  lr: 0.000008 (0.000013)  wd: 0.000100 (0.000100)  time: 0.707457  data: 0.001343  max mem: 11624
Epoch: [98/100]  [170/197]  eta: 0:00:21  loss: 1.411163 (1.420331)  lr: 0.000007 (0.000013)  wd: 0.000100 (0.000100)  time: 0.717826  data: 0.000192  max mem: 11624
Epoch: [98/100]  [180/197]  eta: 0:00:13  loss: 1.395987 (1.421040)  lr: 0.000007 (0.000012)  wd: 0.000100 (0.000100)  time: 0.738887  data: 0.000226  max mem: 11624
Epoch: [98/100]  [190/197]  eta: 0:00:05  loss: 1.442728 (1.422007)  lr: 0.000006 (0.000012)  wd: 0.000100 (0.000100)  time: 0.544150  data: 0.000193  max mem: 11624
Epoch: [98/100]  [196/197]  eta: 0:00:00  loss: 1.404576 (1.421289)  lr: 0.000006 (0.000012)  wd: 0.000100 (0.000100)  time: 0.425897  data: 0.000151  max mem: 11624
Epoch: [98/100] Total time: 0:02:28 (0.756118 s / it)
Averaged stats: loss: 1.404576 (1.419598)  lr: 0.000006 (0.000012)  wd: 0.000100 (0.000100)
Epoch: [99/100]  [  0/197]  eta: 0:25:43  loss: 1.538494 (1.538494)  lr: 0.000006 (0.000006)  wd: 0.000100 (0.000100)  time: 7.833240  data: 7.223181  max mem: 11624
Epoch: [99/100]  [ 10/197]  eta: 0:04:20  loss: 1.460560 (1.429726)  lr: 0.000005 (0.000005)  wd: 0.000100 (0.000100)  time: 1.395700  data: 0.715827  max mem: 11624
Epoch: [99/100]  [ 20/197]  eta: 0:03:19  loss: 1.460560 (1.443359)  lr: 0.000005 (0.000005)  wd: 0.000100 (0.000100)  time: 0.793942  data: 0.032633  max mem: 11624
Epoch: [99/100]  [ 30/197]  eta: 0:02:48  loss: 1.440565 (1.432672)  lr: 0.000005 (0.000005)  wd: 0.000100 (0.000100)  time: 0.795181  data: 0.023720  max mem: 11624
Epoch: [99/100]  [ 40/197]  eta: 0:02:31  loss: 1.358150 (1.410511)  lr: 0.000004 (0.000005)  wd: 0.000100 (0.000100)  time: 0.787899  data: 0.023737  max mem: 11624
Epoch: [99/100]  [ 50/197]  eta: 0:02:14  loss: 1.398364 (1.419036)  lr: 0.000004 (0.000005)  wd: 0.000100 (0.000100)  time: 0.765567  data: 0.001394  max mem: 11624
Epoch: [99/100]  [ 60/197]  eta: 0:02:02  loss: 1.375406 (1.405015)  lr: 0.000004 (0.000004)  wd: 0.000100 (0.000100)  time: 0.752154  data: 0.001374  max mem: 11624
Epoch: [99/100]  [ 70/197]  eta: 0:01:51  loss: 1.375406 (1.402890)  lr: 0.000003 (0.000004)  wd: 0.000100 (0.000100)  time: 0.778470  data: 0.057852  max mem: 11624
Epoch: [99/100]  [ 80/197]  eta: 0:01:39  loss: 1.412772 (1.407616)  lr: 0.000003 (0.000004)  wd: 0.000100 (0.000100)  time: 0.722380  data: 0.058513  max mem: 11624
Epoch: [99/100]  [ 90/197]  eta: 0:01:30  loss: 1.396956 (1.409703)  lr: 0.000003 (0.000004)  wd: 0.000100 (0.000100)  time: 0.725792  data: 0.000845  max mem: 11624
Epoch: [99/100]  [100/197]  eta: 0:01:20  loss: 1.386494 (1.407611)  lr: 0.000002 (0.000004)  wd: 0.000100 (0.000100)  time: 0.736039  data: 0.032173  max mem: 11624
Epoch: [99/100]  [110/197]  eta: 0:01:12  loss: 1.375890 (1.403388)  lr: 0.000002 (0.000003)  wd: 0.000100 (0.000100)  time: 0.763731  data: 0.032163  max mem: 11624
Epoch: [99/100]  [120/197]  eta: 0:01:03  loss: 1.363338 (1.402942)  lr: 0.000002 (0.000003)  wd: 0.000100 (0.000100)  time: 0.800880  data: 0.019134  max mem: 11624
Epoch: [99/100]  [130/197]  eta: 0:00:54  loss: 1.396215 (1.404696)  lr: 0.000002 (0.000003)  wd: 0.000100 (0.000100)  time: 0.760845  data: 0.032050  max mem: 11624
Epoch: [99/100]  [140/197]  eta: 0:00:46  loss: 1.396215 (1.402138)  lr: 0.000002 (0.000003)  wd: 0.000100 (0.000100)  time: 0.729171  data: 0.022026  max mem: 11624
Epoch: [99/100]  [150/197]  eta: 0:00:37  loss: 1.322004 (1.397962)  lr: 0.000001 (0.000003)  wd: 0.000100 (0.000100)  time: 0.726328  data: 0.009107  max mem: 11624
Epoch: [99/100]  [160/197]  eta: 0:00:29  loss: 1.436319 (1.401914)  lr: 0.000001 (0.000003)  wd: 0.000100 (0.000100)  time: 0.790844  data: 0.000737  max mem: 11624
Epoch: [99/100]  [170/197]  eta: 0:00:21  loss: 1.405849 (1.400481)  lr: 0.000001 (0.000003)  wd: 0.000100 (0.000100)  time: 0.756576  data: 0.000738  max mem: 11624
Epoch: [99/100]  [180/197]  eta: 0:00:13  loss: 1.373323 (1.400072)  lr: 0.000001 (0.000003)  wd: 0.000100 (0.000100)  time: 0.715856  data: 0.001243  max mem: 11624
Epoch: [99/100]  [190/197]  eta: 0:00:05  loss: 1.424475 (1.402521)  lr: 0.000001 (0.000003)  wd: 0.000100 (0.000100)  time: 0.547531  data: 0.001206  max mem: 11624
Epoch: [99/100]  [196/197]  eta: 0:00:00  loss: 1.388081 (1.403482)  lr: 0.000001 (0.000003)  wd: 0.000100 (0.000100)  time: 0.374598  data: 0.000112  max mem: 11624
Epoch: [99/100] Total time: 0:02:30 (0.762123 s / it)
Averaged stats: loss: 1.388081 (1.413743)  lr: 0.000001 (0.000003)  wd: 0.000100 (0.000100)
Training time 4:12:33

Job finished at: Sat Mar 21 17:05:09 EDT 2026
Exit code: 0
============================================================
